身,８級
履,準２級
腔,準１級
應,１級 / 準１級
鴻,準１級
猫,準２級
激,５級
鮗,１級
婚,４級
礒,１級
鯤,１級
禅,準２級
罕,１級
月,１０級
倭,準１級
衍,１級
榱,１級
潤,３級
老,７級
崑,１級
彭,１級
畋,１級
躬,１級
敫,対象外
瀉,１級
鬲,対象外
茘,１級
有,８級
型,"７級
※補足欄参照"
幹,６級
剴,１級
袱,１級
簧,１級
莪,１級
飛,７級
固,７級
絨,１級
淫,２級
献,準２級
謾,１級
爪,２級
朋,準１級
耂,対象外
婢,１級
腕,４級
躯,準１級
窖,１級
閹,１級
界,８級
屬,１級 / 準１級
崔,１級
橈,１級
鴾,１級
爬,１級
罘,１級
火,１０級
衒,１級
倶,準１級
考,９級
茜,準１級
懊,１級
碪,１級
竟,１級
妻,６級
蕎,準１級
波,８級
柧,対象外
東,９級
帖,準１級
悛,１級
滾,１級
煕,１級
痴,準２級
眈,１級
點,１級 / 準１級
貳,１級 / 準１級
輜,１級
胚,１級
誂,１級
浮,４級
瑠,２級
繊,準２級
義,６級
綻,２級
匸,対象外
螢,１級 / 準１級
初,７級
鐡,対象外
恂,１級
捌,準１級
傴,１級
擧,１級 / 準１級
顔,９級
匹,４級
妾,準１級
楠,準１級
泣,７級
鈩,対象外
馴,準１級
鰤,１級
帙,１級
杲,１級
欝,対象外
眉,２級
柩,１級
鞫,１級
判,６級
章,８級
輝,４級
胛,１級
縉,１級
区,８級
悟,３級
浴,７級
痺,１級
旙,対象外
虔,１級
信,７級
蟾,１級
陋,１級
瓰,１級
砒,１級
襭,１級
鶩,１級
芟,１級
托,準１級
雎,１級
弗,準１級
殷,１級
燎,１級
厮,１級
犠,３級
徹,準２級
箋,２級
蓼,１級
龝,準１級
咫,１級
嶮,１級
冲,対象外
談,８級
藷,準１級
穃,対象外
慾,準１級
謀,３級
隗,１級
弘,準１級
俣,準１級
處,１級 / 準１級
研,８級
芥,準１級
扛,１級
逼,準１級
瓱,１級
験,７級
陌,１級
臨,５級
雑,６級
决,対象外
旛,１級
殺,"７級
※補足欄参照"
蜷,１級
弛,準１級
乗,８級
仗,１級
篌,１級
録,７級
樂,１級 / 準１級
髭,準１級
第,８級
郁,準１級
榲,対象外
覲,１級
靠,１級
檮,準１級
儉,１級 / 準１級
搖,１級 / 準１級
吟,準２級
汪,１級
蒐,準１級
赫,準１級
譽,１級 / 準１級
餬,１級
佰,１級
控,３級
述,６級
付,７級
唹,１級
嬪,１級
郊,３級
齏,１級
乘,１級 / 準１級
暹,１級
褌,１級
酬,準２級
汰,２級
笳,１級
蛞,１級
鴿,１級
吠,準１級
錵,１級
蹣,１級
仙,準２級
榴,１級
樅,１級
驩,１級
佳,３級
篏,対象外
靡,１級
迴,１級
搗,１級
惶,１級
拑,１級
晝,１級 / 準１級
癡,１級 / 準１級
成,７級
服,８級
珂,準１級
紗,準１級
創,５級
宇,５級
嘯,１級
撤,準２級
遯,１級
霖,１級
彰,準２級
秩,準２級
專,１級 / 準１級
濁,４級
聴,３級
梹,対象外
醺,１級
攷,対象外
躰,対象外
腟,１級
鎰,１級
舶,準２級
罟,１級
奄,準１級
寓,準１級
瀋,１級
跿,１級
銹,１級
譁,１級
倹,３級
朏,１級
賦,４級
絮,１級
堤,４級
預,６級
拒,準２級
設,６級
溢,準１級
植,８級
我,５級
守,８級
晞,１級
惷,１級
術,６級
紘,準１級
鑽,１級
薦,準２級
珈,１級
攸,対象外
剽,１級
壜,１級
奇,４級
尉,準２級
橋,８級
籥,１級
躱,１級
遲,１級 / 準１級
罠,１級
秬,１級
歩,９級
疋,準１級
桔,準１級
泥,準２級
禊,１級
黠,１級
喨,１級
看,５級
文,１０級
勝,８級
袴,準１級
綽,１級
莫,準１級
麥,１級 / 準１級
礙,１級
淬,１級
箍,１級
萩,準１級
疎,準２級
瞬,４級
耄,１級
婦,６級
渮,対象外
擬,準２級
胝,１級
兜,準１級
斈,対象外
猯,１級
歪,準１級
纉,１級
海,９級
桙,１級
注,８級
県,８級
膰,１級
鷺,準１級
痼,１級
莱,準１級
輟,１級
勞,１級 / 準１級
禍,準２級
喩,２級
糅,１級
袵,１級
斉,準２級
嚠,１級
姆,１級
国,９級
杳,１級
赭,１級
煖,１級
蒔,準１級
鮟,１級
垓,１級
誄,１級
鯨,３級
飜,１級
皴,１級
芦,１級
幺,１級
医,８級
廝,１級
崕,準１級
羮,対象外
灯,７級
畍,対象外
茣,１級
柬,１級
穆,準１級
窗,対象外
爭,１級 / 準１級
幻,３級
杵,準１級
閻,１級
姉,９級
慊,１級
囿,１級
芫,１級
垠,１級
悠,準２級
顕,準２級
幼,５級
酲,１級
蒙,準１級
灰,５級
匿,３級
煙,４級
鐫,１級
走,９級
畏,２級
誅,１級
懋,１級
轣,対象外
潦,１級
鬻,１級
恃,１級
扞,１級
蠅,準１級
鈬,対象外
厰,準１級
推,５級
瑣,１級
拓,４級
帚,１級
滿,１級 / 準１級
馼,対象外
請,３級
境,６級
瓲,１級
蓿,１級
弟,９級
虚,３級
簪,１級
債,３級
冴,準１級
繋,準１級
隘,１級
蛟,１級
別,７級
犢,１級
扠,１級
殻,準２級
恆,１級 / 準１級
帛,１級
拔,１級 / 準１級
搜,１級 / 準１級
掩,準１級
弥,２級
潭,１級
樊,１級
虜,準２級
蹤,１級
縊,１級
鞭,準１級
瑤,１級 / 準１級
况,対象外
刧,対象外
瓶,準２級
駁,準１級
諌,準１級
舷,２級
蕕,１級
霙,１級
咬,１級
檳,１級
碯,対象外
撥,１級
仞,１級
豚,３級
否,５級
汲,準１級
捍,１級
唾,２級
癢,１級
徼,１級
砕,準２級
逾,１級
戒,４級
晟,１級
楡,１級
螫,１級
観,７級
鋏,１級
憂,３級
褐,準２級
讀,１級 / 準１級
鶫,１級
改,７級
藹,１級
質,６級
膳,２級
謁,準２級
瀏,１級
龠,１級
街,７級
迷,６級
自,９級
雕,１級
尊,５級
仟,１級
咯,対象外
舸,１級
騙,１級
象,"７級
※補足欄参照"
吩,１級
汳,対象外
称,４級
鰥,１級
霜,準２級
蜻,１級
臭,準２級
篝,１級
捏,１級
无,対象外
碵,対象外
砠,１級
攻,４級
燐,準１級
髮,１級 / 準１級
梺,１級
淮,対象外
俤,１級
統,６級
椎,２級
寔,１級
許,６級
降,５級
嶷,１級
廟,準１級
珊,準１級
乙,３級
併,準２級
九,１０級
夅,対象外
奈,"２級
※補足欄参照"
鵁,１級
乞,２級
喪,準２級
深,８級
釀,１級 / 準１級
椏,１級
梼,準１級
陏,対象外
鷽,１級
俥,１級
壞,１級 / 準１級
也,準１級
燒,１級 / 準１級
奉,３級
爰,１級
貴,５級
安,８級
茨,"２級
※補足欄参照"
鮠,１級
者,８級
儒,準２級
麦,９級
猴,１級
影,４級
桜,６級
襯,１級
堪,準２級
笵,１級
繍,準１級
紙,９級
暼,対象外
歯,８級
弦,準２級
頑,準２級
瞭,２級
莵,準１級
宋,準１級
態,６級
溥,１級
罧,１級
區,１級 / 準１級
煢,１級
麩,１級
耆,１級
嬬,準１級
斌,準１級
禎,準１級
爲,１級 / 準１級
薨,１級
竡,１級
躾,１級
惹,準１級
擯,１級
榻,１級
錺,１級
茫,１級
誇,４級
貶,１級
輦,１級
續,１級 / 準１級
袷,準１級
齒,１級 / 準１級
桝,１級
完,７級
弧,３級
級,８級
笶,対象外
糊,準１級
崖,２級
皷,対象外
聶,１級
杷,準１級
圀,１級
婪,１級
綾,準１級
幽,３級
柮,１級
嘱,３級
窘,１級
萪,対象外
餮,１級
黥,１級
兢,１級
墅,１級
箏,１級
憇,対象外
浸,４級
灸,準１級
鯰,１級
濂,対象外
豢,１級
港,８級
鱶,１級
鎹,１級
羯,１級
捐,１級
證,１級 / 準１級
患,準２級
食,９級
鈷,準１級
冶,２級
痾,１級
杼,１級
柯,１級
礦,準１級
剿,１級
崗,対象外
瑩,１級
婬,１級
幾,４級
潮,５級
灼,準１級
圃,準１級
職,６級
浹,１級
橘,準１級
墓,６級
捕,４級
皸,１級
綿,６級
萬,１級 / 準１級
嘲,２級
朔,準１級
胞,３級
蕗,準１級
屮,対象外
扣,１級
垢,準１級
始,８級
眛,１級
戔,１級
咲,４級
郎,４級
蔀,準１級
踈,対象外
嚢,準１級
疏,準１級
腥,１級
芬,１級
泪,１級
偃,１級
屯,準２級
赱,対象外
措,３級
畐,対象外
扨,１級
利,７級
謂,準１級
恊,１級
虞,準２級
眞,１級 / 準１級
姐,準１級
朕,準２級
胡,準１級
簫,１級
泯,１級
郛,１級
垣,準２級
芭,準１級
咳,準１級
赳,１級
山,１０級
棄,３級
酳,１級
腦,１級 / 準１級
駄,準２級
奎,１級
縋,１級
鐵,１級 / 準１級
屶,１級
畑,８級
蕘,１級
遵,３級
踉,１級
或,準１級
假,１級 / 準１級
刪,１級
蔆,対象外
疑,５級
扮,準１級
鞳,１級
代,８級
儔,１級
傷,５級
帝,３級
欟,対象外
佶,１級
絲,１級 / 準１級
厳,５級
檸,１級
楢,準１級
隙,２級
癧,１級
籬,１級
褒,準２級
至,５級
船,９級
轤,１級
尋,４級
徽,準１級
穉,対象外
螯,１級
搦,１級
砥,準１級
願,７級
犧,１級 / 準１級
鶯,準１級
帥,準２級
霞,準１級
募,３級
佻,１級
致,４級
蜿,１級
瀑,１級
瓷,１級
絳,１級
諍,１級
鰭,準１級
以,７級
際,６級
艀,１級
蹲,１級
儕,１級
歳,４級
面,８級
迸,１級
蠍,１級
啀,１級
髯,１級
覺,１級 / 準１級
撩,１級
遁,準１級
頒,準２級
賭,２級
決,８級
溪,１級 / 準１級
閼,１級
旡,対象外
鬼,４級
拗,１級
靤,１級
限,６級
殼,１級 / 準１級
衙,１級
軅,対象外
袿,１級
喫,３級
宍,準１級
鵄,１級
蒜,準１級
劃,準１級
冷,７級
藺,１級
既,３級
確,６級
啄,準１級
騨,準１級
汽,９級
迹,１級
陛,５級
樋,準１級
拘,３級
遂,３級
宏,準１級
頓,２級
魁,準１級
撫,準１級
燔,１級
懌,１級
游,１級
箒,１級
訳,５級
松,７級
鮨,１級
彳,対象外
乢,対象外
晢,１級
漁,７級
含,４級
災,６級
慌,３級
鋒,準１級
膵,１級
惺,１級
福,８級
修,６級
榾,１級
濃,４級
爵,準２級
雖,１級
斎,準２級
嬰,準１級
婿,３級
彷,１級
乱,５級
桟,準２級
移,６級
踊,４級
放,８級
紛,３級
薩,準１級
皹,１級
板,８級
炉,３級
訴,４級
听,１級
渺,１級
糎,準１級
箔,準１級
齔,１級
晤,１級
纎,対象外
乳,５級
篠,準１級
役,８級
惻,１級
懍,１級
榿,対象外
寛,準２級
珍,４級
胤,準１級
驪,１級
屹,１級
掫,１級
泰,準２級
耋,１級
十,１０級
朖,対象外
罨,１級
蛤,準１級
廠,準１級
嚥,１級
莧,対象外
竢,１級
飢,準２級
黨,１級 / 準１級
垤,１級
千,１０級
織,６級
餽,１級
茯,１級
襲,４級
入,１０級
圄,１級
痿,１級
錻,１級
譌,１級
酵,３級
椒,１級
誉,４級
輩,４級
全,８級
岌,１級
駅,８級
卅,１級
淳,準１級
笹,準１級
讃,準１級
麪,準１級
偈,１級
瑪,１級
朗,５級
冽,１級
胥,１級
簷,１級
擱,１級
珎,対象外
寝,４級
掬,準１級
萱,準１級
飩,１級
垪,対象外
罩,１級
疒,対象外
兩,１級 / 準１級
而,準１級
泱,対象外
蛩,１級
岐,"３級
※補足欄参照"
豪,４級
猶,準２級
窟,２級
芯,２級
真,８級
悦,３級
鈿,１級
堯,１級 / 準１級
莽,１級
郡,７級
畔,３級
崘,１級
褓,１級
羲,１級
柱,８級
鑾,１級
衛,６級
煤,準１級
勠,１級
暾,１級
鯱,１級
搨,１級
花,１０級
拙,準２級
腫,２級
捗,２級
瓸,１級
刮,１級
蝉,準１級
潯,１級
鶲,１級
鱸,１級
涅,１級
眠,４級
鉄,８級
樌,対象外
礪,準１級
諏,準１級
豫,１級 / 準１級
嘴,１級
犬,１０級
柳,準２級
留,６級
窩,１級
菁,１級
广,対象外
猷,準１級
遶,１級
壟,１級
悧,１級
聹,対象外
郢,１級
堰,準１級
招,６級
芳,３級
姑,準１級
漂,３級
恋,４級
仭,１級
瞰,１級
閾,１級
鸚,準１級
稀,準１級
赴,３級
釁,１級
令,７級
辛,３級
奏,５級
買,９級
鏃,１級
佼,準１級
欠,７級
姓,４級
弩,１級
積,７級
扱,４級
心,９級
戚,２級
艇,準２級
増,６級
嶺,準１級
縒,１級
仮,６級
次,８級
瀕,準１級
緇,１級
恍,１級
起,８級
忄,対象外
辜,１級
漆,準２級
委,８級
貸,６級
魂,３級
使,８級
必,７級
弭,１級
扶,準２級
蔑,２級
楪,対象外
髱,１級
靦,１級
吭,１級
砦,準１級
政,６級
憊,１級
咸,１級
鋤,準１級
檻,１級
膸,対象外
號,１級 / 準１級
斐,準１級
臺,１級 / 準１級
档,対象外
訶,１級
嶼,１級
迺,準１級
霤,１級
遅,４級
吮,１級
癨,１級
螳,１級
靨,１級
砧,準１級
故,６級
燕,準１級
蕚,対象外
楫,１級
騫,１級
儖,対象外
播,準１級
鋩,１級
追,８級
憎,３級
桧,準１級
茱,１級
傾,４級
禝,１級
鮪,準１級
對,１級 / 準１級
庁,５級
賺,１級
師,６級
裁,５級
喬,準１級
煥,１級
紜,１級
歴,"７級
※補足欄参照"
謄,準２級
慍,１級
消,８級
厶,対象外
胯,１級
父,９級
汾,対象外
廡,１級
蒟,１級
蠎,１級
耐,４級
餾,１級
俯,１級
鍄,対象外
覽,１級 / 準１級
乾,４級
去,８級
晦,準１級
兪,１級
絵,９級
渾,１級
糒,１級
飫,１級
劇,５級
爺,準１級
広,９級
繕,３級
顛,準１級
米,９級
茲,１級
薪,４級
席,７級
障,５級
麭,１級
参,７級
豬,対象外
涌,準１級
沁,１級
素,６級
導,６級
蛬,１級
禦,準１級
頗,準１級
耒,対象外
僂,１級
單,１級 / 準１級
籵,１級
胱,１級
庄,準１級
慎,４級
鮫,準１級
壤,１級 / 準１級
遷,準２級
懐,準２級
歸,１級 / 準１級
奐,１級
圈,１級 / 準１級
媒,準２級
炊,３級
竣,準１級
溯,準１級
犯,６級
枅,１級
殿,４級
啅,１級
皺,１級
雙,１級 / 準１級
珞,１級
鵆,１級
日,１０級
軆,対象外
椙,準１級
宕,準１級
酷,準２級
弯,１級
掲,３級
垰,対象外
濆,１級
陜,１級
黯,１級
旦,２級
犲,１級
彼,４級
菅,準１級
炎,３級
縛,３級
罪,６級
碼,１級
擲,１級
簸,準１級
愀,１級
費,"７級
※補足欄参照"
驫,対象外
契,３級
旧,６級
變,１級 / 準１級
圉,１級
枇,準１級
宗,５級
媚,１級
商,８級
珠,準２級
椚,１級
溲,１級
童,８級
棆,対象外
状,６級
炒,１級
弱,９級
毀,２級
到,４級
瞳,２級
疔,１級
踏,４級
卆,対象外
望,７級
甃,１級
淵,準１級
瘁,１級
嬲,１級
駆,４級
墜,３級
誌,５級
偉,４級
羶,１級
凄,２級
艘,１級
鏈,１級
泳,８級
藻,準２級
姙,１級
岑,１級
升,準２級
批,５級
鯲,１級
窪,準１級
寞,１級
刳,１級
戛,１級
疚,１級
萵,１級
鑿,１級
槁,１級
郤,１級
猾,１級
瞶,対象外
踐,１級 / 準１級
午,９級
朝,９級
礫,１級
鳥,９級
混,６級
岔,１級
齟,１級
偏,準２級
扼,１級
俳,５級
崙,１級
欣,準１級
眤,対象外
輪,７級
仰,４級
闃,１級
勢,６級
筅,１級
臻,１級
捜,準２級
瑯,１級
嚮,１級
砲,４級
腮,１級
鐶,１級
忌,３級
穎,準１級
鉅,１級
畚,１級
襴,１級
柴,準１級
芸,７級
業,８級
潰,２級
癩,１級
拜,１級 / 準１級
欧,３級
侃,準１級
俵,６級
眥,１級
譎,１級
仲,７級
憐,準１級
玲,準１級
忍,準２級
魃,１級
筆,８級
腰,４級
捧,準１級
瀘,対象外
芹,準１級
畛,１級
崚,１級
闇,２級
破,６級
蹴,２級
鞴,１級
湃,１級
搬,４級
沂,１級
帯,７級
虧,１級
診,準２級
衝,３級
謇,１級
趁,１級
曁,１級
籾,準１級
媛,"２級
※補足欄参照"
緊,３級
退,６級
霧,４級
諒,準１級
樒,１級
紡,準２級
恐,４級
箕,準１級
沃,２級
漉,準１級
儘,準１級
嘶,１級
鶴,２級
蕣,１級
僅,２級
送,８級
燗,１級
粁,準１級
搭,準２級
湊,準１級
註,準１級
彿,１級
櫁,１級
裂,３級
稈,１級
鰮,１級
八,１０級
橙,１級
瘉,１級
褝,１級
吶,１級
咼,対象外
遇,３級
酸,６級
爻,対象外
公,９級
掴,準１級
饂,１級
碾,１級
庇,準１級
嶽,１級 / 準１級
涎,１級
劈,１級
參,１級 / 準１級
蠏,準１級
濔,１級
竦,１級
鸛,１級
薫,準２級
六,１０級
軈,１級
咽,２級
辞,７級
吸,５級
爼,対象外
類,７級
小,１０級
蝋,準１級
往,６級
報,６級
悩,４級
桴,１級
釆,対象外
撮,３級
床,４級
程,６級
兮,対象外
少,９級
毅,準１級
遉,１級
革,５級
懣,１級
棉,準１級
裃,１級
瘋,１級
骨,５級
機,７級
掵,対象外
煦,１級
旨,４級
晧,１級
賻,１級
蒡,１級
亀,２級
髴,１級
疝,１級
萸,１級
垳,対象外
廢,１級 / 準１級
制,６級
纏,準１級
陝,１級
糖,５級
絶,６級
覿,１級
枉,１級
艙,１級
卉,１級
茴,１級
官,７級
早,１０級
效,１級 / 準１級
繖,１級
國,１級 / 準１級
找,１級
炙,１級
珥,１級
疣,１級
啌,対象外
晨,１級
亂,１級 / 準１級
胴,４級
喰,準１級
旬,４級
枋,１級
溶,４級
宙,５級
鋪,準１級
刷,７級
埀,対象外
螺,準１級
半,９級
照,７級
茵,１級
萼,１級
陞,１級
鮭,準１級
蒭,１級
麸,１級
炬,１級
珪,準１級
絹,５級
購,準２級
洋,８級
篤,３級
甄,１級
雛,準１級
勣,１級
嬶,１級
拝,５級
鵈,対象外
察,７級
部,８級
衞,１級 / 準１級
芻,１級
猿,準２級
羚,１級
逃,４級
悪,８級
貼,２級
曄,１級
縞,準１級
皿,８級
愁,準２級
槃,１級
蛭,準１級
隠,４級
朞,１級
藾,１級
豸,対象外
洌,１級
黴,１級
盂,１級
崛,１級
選,７級
篥,１級
勤,５級
豹,準１級
甅,１級
郭,３級
譏,１級
拠,４級
鵐,対象外
礬,１級
超,３級
認,５級
瑰,１級
斑,２級
柵,２級
凅,１級
罫,準１級
姚,１級
菊,３級
駈,準１級
沈,４級
膺,１級
鍋,２級
飭,１級
鉈,１級
鐸,準１級
奔,準２級
忖,１級
耕,６級
戝,対象外
岡,"２級
※補足欄参照"
羸,１級
嚴,１級 / 準１級
場,９級
椛,準１級
窮,準２級
粂,準１級
犹,対象外
砺,準１級
漏,３級
蝌,１級
嘸,１級
淹,１級
簽,１級
志,６級
慓,１級
襷,１級
越,４級
鯵,準１級
査,６級
沌,準１級
飮,対象外
鶸,１級
菌,準２級
偐,１級
准,準２級
姜,１級
岨,準１級
斗,３級
擴,１級 / 準１級
置,７級
鉉,１級
鍍,準１級
奕,１級
誑,１級
駐,３級
捨,５級
瑳,準１級
忘,５級
粃,１級
騰,準２級
咾,対象外
尓,対象外
墟,１級
來,１級 / 準１級
輯,準１級
又,３級
帰,９級
欲,５級
征,４級
爽,２級
鏐,１級
桶,準１級
算,９級
靫,１級
叉,準１級
潴,準１級
鳧,１級
俶,１級
尖,準１級
蠑,１級
撰,準１級
腱,１級
遊,８級
憑,１級
及,４級
儚,１級
哀,３級
証,６級
僉,１級
癪,１級
瞹,対象外
霪,１級
侈,１級
搴,１級
瀚,１級
帳,８級
尚,準２級
徂,１級
輳,１級
欷,１級
桷,１級
友,９級
踝,１級
魄,１級
鳩,準１級
韃,準１級
索,準２級
褞,１級
承,６級
緋,準１級
件,６級
蔓,準１級
敍,１級 / 準１級
磁,５級
虫,１０級
廣,１級 / 準１級
疥,１級
胸,５級
蛮,３級
楮,１級
蹶,１級
謌,１級
肙,対象外
穏,３級
觀,１級 / 準１級
臼,２級
鋭,４級
价,１級
稍,１級
薬,８級
溷,１級
畜,３級
虱,１級
陟,１級
麹,準１級
紫,４級
絽,１級
張,６級
蕨,準１級
毆,１級 / 準１級
鸞,１級
瘍,２級
臾,１級
疫,準２級
蔔,１級
総,６級
褥,１級
技,６級
敏,４級
胼,１級
楯,準１級
廨,１級
聽,１級 / 準１級
歹,対象外
吹,４級
旭,準１級
涓,１級
恒,４級
壥,１級
枌,１級
櫂,１級
耗,準２級
卍,１級
序,６級
竪,準１級
愃,１級
醂,１級
問,８級
洒,１級
論,５級
劉,準１級
眦,１級
禧,１級
死,８級
纐,１級
辟,１級
樓,１級 / 準１級
茶,９級
頚,準１級
旱,１級
吻,準１級
繙,１級
亅,対象外
豺,１級
套,準１級
顧,３級
拡,５級
棊,１級
郵,５級
班,５級
筈,準１級
了,３級
卑,３級
涕,１級
炭,８級
營,１級 / 準１級
篦,準１級
甌,１級
析,準２級
予,８級
啓,３級
洗,５級
裄,１級
底,７級
歿,１級
耘,１級
旺,２級
鮮,４級
恕,準１級
竭,１級
眩,１級
茸,準１級
吼,１級
鵑,１級
奘,１級
貽,１級
寡,準２級
膽,１級 / 準１級
讌,１級
戞,１級
糘,対象外
料,７級
饅,１級
髷,１級
共,７級
采,２級
媼,１級
逅,１級
鰯,準１級
晩,５級
営,６級
淺,１級 / 準１級
定,８級
例,７級
隣,４級
巉,１級
鏑,準１級
圍,１級 / 準１級
雜,１級 / 準１級
菎,１級
落,８級
釈,４級
羹,１級
蘂,準１級
螻,１級
貿,６級
斛,１級
埃,１級
鍔,準１級
掻,準１級
逆,６級
宛,２級
兵,７級
媽,１級
寢,１級 / 準１級
普,４級
膾,１級
糜,１級
湍,１級
侍,３級
戟,準１級
饉,１級
悲,８級
狂,４級
聆,１級
曇,４級
盃,準１級
俸,準２級
強,９級
齠,１級
窯,準２級
衡,準２級
鐺,１級
芽,７級
券,６級
堵,準１級
姥,準１級
縟,１級
崟,１級
骭,１級
凉,対象外
飯,７級
僊,１級
慕,３級
狃,１級
悳,対象外
勦,１級
遺,５級
誓,準２級
盆,４級
偕,１級
苅,準１級
闊,１級
車,１０級
鈴,準２級
濕,１級 / 準１級
姦,準１級
崢,１級
弸,１級
骰,１級
刹,２級
襾,対象外
堺,準１級
曉,１級 / 準１級
懦,１級
飲,８級
任,６級
墨,３級
嬾,１級
钁,１級
検,６級
双,３級
獄,３級
磅,１級
韆,１級
岩,９級
期,８級
柾,準１級
漑,準１級
潸,１級
沍,１級
紬,準１級
帶,１級 / 準１級
腴,１級
舁,１級
槇,１級 / 準１級
徃,対象外
詁,１級
恙,１級
罰,４級
反,８級
噂,準１級
鉋,１級
企,３級
忙,４級
煩,準２級
嚶,１級
蝎,１級
楳,準１級
捩,１級
岫,１級
簾,準１級
鳫,対象外
瑶,１級
駑,１級
踞,１級
収,５級
柿,２級
墫,対象外
霰,１級
擶,対象外
径,７級
恚,１級
沐,１級
椡,対象外
鶺,１級
伉,１級
朦,１級
紮,１級
帷,１級
舂,１級
鰄,１級
詆,１級
蒲,準１級
畝,準２級
艚,１級
箘,１級
豼,対象外
愆,１級
砿,準１級
忩,対象外
品,８級
騷,１級 / 準１級
爾,準１級
税,６級
穐,準１級
運,８級
蹼,１級
殀,１級
譖,１級
憔,１級
撲,準２級
償,準２級
謎,２級
粉,"７級
※補足欄参照"
蕩,準１級
趙,１級
哂,１級
畠,準１級
蠕,１級
湎,１級
緑,８級
貂,１級
毋,１級
搶,１級
褪,１級
硅,１級
魅,３級
癬,１級
蒸,５級
輸,６級
箙,１級
遍,準２級
母,９級
圏,４級
狄,１級
聾,準１級
枕,２級
賽,１級
靭,準１級
括,準２級
珮,１級
等,８級
旻,１級
溺,２級
西,９級
院,８級
士,"７級
※補足欄参照"
宜,準２級
尠,１級
棋,３級
其,準１級
郷,５級
葆,１級
諚,１級
讎,１級
橡,準１級
釉,１級
樔,１級
洙,対象外
桼,対象外
疱,１級
狆,１級
眷,１級
薮,準１級
麺,２級
壬,準１級
纒,準１級
装,５級
刺,４級
掾,１級
要,７級
耙,１級
欸,１級
救,"７級
※補足欄参照"
林,１０級
拭,２級
昂,準１級
珱,対象外
宝,５級
壮,準２級
筋,５級
園,９級
糞,準１級
靱,準１級
具,８級
狎,１級
都,８級
覃,１級
曖,２級
桾,対象外
洛,準１級
櫃,１級
蛯,１級
軋,１級
争,７級
岬,準２級
虹,２級
卒,７級
炮,１級
頡,１級
辣,２級
劍,１級 / 準１級
禪,１級 / 準１級
漓,１級
髻,１級
示,６級
沒,１級 / 準１級
庖,準１級
茹,１級
綉,１級
埆,１級
吽,１級
繚,１級
鋲,準１級
抂,対象外
軌,３級
勧,４級
景,７級
誕,５級
亊,対象外
岱,準１級
燠,１級
蔕,１級
甍,１級
瞻,１級
礻,対象外
巌,準１級
虻,準１級
嗄,１級
卓,３級
鮴,１級
鵙,１級
吾,準１級
炯,１級
螽,１級
沓,準１級
蛸,準１級
埋,３級
礼,８級
荀,１級
抃,１級
廩,１級
店,９級
瀛,１級
頤,１級
事,８級
軍,７級
叔,準２級
黶,１級
俺,２級
隧,１級
盈,準１級
鏖,１級
苑,準１級
斜,４級
慘,１級 / 準１級
涙,４級
趣,４級
啖,１級
姨,１級
媾,１級
噌,準１級
角,９級
偖,１級
齡,１級 / 準１級
顫,１級
飴,準１級
零,３級
蘆,１級
崩,３級
奚,１級
鍖,対象外
取,８級
堽,１級
羽,９級
膿,準１級
益,６級
瘟,１級
俾,１級
端,４級
濘,１級
苒,準１級
觚,１級
墮,１級 / 準１級
擺,１級
戠,対象外
涛,準１級
姪,準１級
翁,準２級
腸,"７級
※補足欄参照"
潺,１級
菓,４級
窰,対象外
艝,１級
醇,準１級
煬,１級
裏,５級
添,４級
鳬,１級
働,７級
鰰,１級
逋,１級
離,４級
伊,準１級
長,９級
弼,準１級
楴,対象外
駒,２級
尢,対象外
緒,準２級
遼,準１級
携,３級
篩,１級
蝓,１級
侏,１級
骸,２級
椢,対象外
詈,１級
門,９級
寤,１級
隽,対象外
尤,準１級
菖,準１級
朧,１級
鳰,１級
潼,対象外
裔,１級
腹,５級
懲,準２級
艟,１級
伍,準１級
窶,１級
醉,１級 / 準１級
閂,１級
凋,準１級
殃,１級
獅,準１級
陣,４級
応,６級
槊,１級
穗,１級 / 準１級
聿,１級
衢,１級
壯,１級 / 準１級
橢,準１級
縡,１級
孀,１級
捫,１級
毎,９級
典,７級
栂,準１級
鑁,対象外
爿,対象外
珸,対象外
硝,準２級
賀,"６級
※補足欄参照"
瑾,１級
庚,準１級
狐,準１級
常,６級
踟,１級
忝,１級
抄,準２級
洞,準２級
牀,１級
肄,１級
除,５級
嚼,１級
声,９級
累,準２級
韈,１級
闌,１級
殄,１級
能,６級
毒,"７級
※補足欄参照"
凌,準１級
据,準２級
蠖,１級
輹,１級
過,６級
魍,１級
獎,対象外
簿,３級
栃,"２級
※補足欄参照"
兼,４級
構,６級
壱,４級
府,７級
牆,１級
棍,１級
眸,１級
刻,５級
哄,１級
辧,対象外
釋,１級 / 準１級
磆,対象外
昃,１級
枚,５級
悴,１級
晰,１級
署,５級
麻,準２級
劑,１級 / 準１級
粋,３級
耜,１級
憖,１級
炳,１級
鉐,対象外
樗,準１級
蚊,準２級
欹,１級
讐,１級
躁,１級
騾,１級
蔗,１級
撹,準１級
筌,１級
薯,準１級
待,８級
瞼,１級
儡,１級
哇,１級
蛹,１級
褫,１級
剃,準１級
昆,準２級
眺,準２級
果,７級
翅,１級
棒,５級
糟,準１級
靴,準２級
磊,１級
涜,準１級
蒹,１級
晴,９級
舅,１級
粍,準１級
罵,２級
巍,１級
麼,１級
鉗,１級
露,４級
炸,１級
耡,１級
蟀,１級
悵,１級
癰,１級
蚋,１級
愈,準１級
受,８級
清,７級
畢,準１級
疲,４級
協,７級
噎,１級
稔,準１級
湖,８級
贄,１級
社,９級
綏,１級
遽,１級
呀,対象外
拮,１級
鏗,１級
貅,対象外
荅,１級
謐,１級
恟,１級
慙,１級
二,１０級
黷,１級
叙,準２級
鵜,準１級
疳,１級
鄂,１級
于,１級
畤,１級
箚,１級
渇,準２級
祀,１級
蕪,準１級
南,９級
呂,２級
桿,１級
愉,準２級
拯,１級
曙,準１級
湘,準１級
云,準１級
廬,１級
齢,４級
草,１０級
噐,対象外
經,１級 / 準１級
啗,１級
葉,８級
侑,１級
弾,４級
斟,１級
櫑,対象外
溽,１級
細,９級
縢,１級
演,６級
沖,"４級
※補足欄参照"
像,６級
苓,準１級
揀,１級
緕,対象外
諛,１級
鬆,１級
菘,１級
鋳,３級
実,８級
禮,１級 / 準１級
嗅,２級
伎,２級
甎,１級
難,５級
捲,準１級
鳳,準１級
敕,１級 / 準１級
瘠,１級
倅,１級
侖,１級
姫,３級
燥,４級
紲,１級
啜,１級
纓,１級
覆,３級
識,６級
沙,２級
戡,１級
臀,１級
苔,準１級
葎,準１級
鍛,３級
頬,２級
櫓,準１級
伏,３級
擽,１級
滂,１級
彁,対象外
客,８級
僑,準１級
姶,準１級
菜,７級
逍,１級
隨,１級 / 準１級
煮,４級
勲,準２級
做,１級
鹵,１級
極,７級
脂,４級
奠,１級
駕,準１級
城,"５級
※補足欄参照"
殆,準１級
篭,準１級
肅,１級 / 準１級
栄,７級
蝕,準１級
褶,１級
鰲,対象外
圓,１級 / 準１級
逎,１級
鮹,１級
脅,３級
顯,１級 / 準１級
鹸,準１級
濛,１級
煽,準１級
楷,２級
殉,準２級
停,"７級
※補足欄参照"
駘,１級
栓,準２級
險,１級 / 準１級
狒,１級
硫,準２級
賁,１級
耑,対象外
嵋,１級
恠,対象外
標,７級
陥,準２級
饋,１級
毓,対象外
盍,１級
詐,準２級
鑄,１級 / 準１級
搾,３級
骼,１級
剄,１級
塀,準２級
繝,１級
領,６級
憙,対象外
粐,対象外
衣,７級
嫁,３級
誘,３級
椣,対象外
蘇,準１級
悶,準１級
罷,準２級
觜,１級
鰆,１級
寥,１級
璃,２級
狗,準１級
竰,１級
鉚,対象外
闍,１級
嵌,１級
蒻,１級
墳,３級
囀,１級
澀,対象外
衤,対象外
恢,準１級
獏,１級
盒,１級
糠,準１級
陦,対象外
硬,３級
粒,４級
賂,２級
木,１０級
籀,１級
詑,準１級
霸,１級
則,６級
槌,準１級
樛,１級
悸,１級
髀,１級
表,８級
稗,準１級
忠,５級
抉,１級
昇,３級
穡,１級
辨,１級 / 準１級
岳,３級
尨,１級
孃,１級 / 準１級
帽,４級
飼,６級
踪,２級
撻,１級
贅,１級
点,９級
売,９級
眼,６級
凍,３級
忤,１級
湛,準１級
把,準２級
箜,１級
庠,１級
拱,１級
蕭,１級
腺,２級
岶,対象外
昊,１級
継,４級
幀,１級
蠡,１級
稘,対象外
飽,３級
尭,準１級
着,８級
為,４級
壷,準１級
現,６級
哈,１級
鶻,１級
橦,１級
諜,準１級
筍,１級
劒,対象外
埒,１級
貉,１級
趨,準１級
洟,１級
漕,準１級
里,９級
祁,準１級
瀝,１級
枝,６級
疵,１級
蔘,１級
敖,１級
沚,１級
単,７級
薹,１級
謔,１級
翆,準１級
鄒,１級
遏,１級
梁,準１級
軒,４級
鬘,１級
瞽,１級
燦,準１級
閃,準１級
重,８級
済,５級
輻,１級
荊,準１級
宣,５級
冀,１級
磋,１級
球,８級
哉,準１級
沛,１級
祇,準１級
埓,対象外
棔,対象外
麾,１級
枠,準２級
筏,準１級
耨,１級
裕,準２級
滄,１級
津,準２級
貊,１級
廰,対象外
橲,対象外
疸,１級
鷁,１級
閇,対象外
軛,１級
博,７級
嫂,１級
勳,１級 / 準１級
徇,１級
慚,１級
揃,準１級
呆,準１級
叛,準１級
欺,３級
優,５級
侘,１級
斡,準１級
鋸,準１級
驀,１級
雨,１０級
晶,３級
躄,１級
讒,１級
與,１級 / 準１級
呈,準２級
靹,対象外
愍,１級
覇,準２級
雩,対象外
濟,１級 / 準１級
蚌,１級
很,１級
纔,１級
智,準１級
艢,１級
嫉,２級
慝,１級
揄,１級
頭,９級
叟,１級
供,５級
呉,準２級
擾,準１級
譚,１級
戦,７級
欽,準１級
齣,１級
岷,対象外
醋,１級
奢,１級
未,７級
嗇,１級
窺,準１級
懴,１級
塁,準２級
略,６級
緘,１級
互,４級
肆,１級
蝗,１級
倆,１級
蛻,１級
觝,１級
啝,対象外
苗,３級
誚,１級
圖,１級 / 準１級
紳,準２級
褸,１級
透,４級
瘡,１級
末,７級
岸,８級
涯,準２級
獗,１級
姻,準２級
五,１０級
禰,準１級
著,５級
殊,３級
苙,１級
槍,準１級
駛,１級
奥,４級
畦,準１級
本,１０級
健,７級
塊,３級
櫚,１級
井,"４級
※補足欄参照"
黹,１級
僕,準２級
澁,１級 / 準１級
倉,７級
解,６級
肇,準１級
鹹,１級
啣,１級
紵,１級
岻,対象外
醍,準１級
縣,１級 / 準１級
度,８級
抑,３級
摂,３級
鳴,９級
狙,２級
憚,１級
繞,１級
鏘,１級
饌,１級
鉛,４級
競,７級
伐,３級
鑑,４級
椥,対象外
甑,準１級
嵎,１級
続,７級
疹,準１級
穢,１級
粕,準１級
璋,１級
硯,準１級
叱,２級
抒,１級
狛,準１級
壹,１級 / 準１級
座,５級
就,５級
楸,１級
稙,対象外
菟,準１級
鯀,１級
悼,準２級
鍜,対象外
曚,１級
鳶,準１級
休,１０級
摎,１級
縦,５級
隰,１級
粗,３級
鉞,１級
翊,１級
避,４級
梃,１級
快,６級
辭,１級 / 準１級
遐,１級
凖,対象外
捶,１級
癲,１級
片,５級
篳,１級
琅,１級
罸,対象外
腿,準１級
恣,２級
盖,対象外
孅,１級
闔,１級
版,６級
實,１級 / 準１級
愎,１級
貌,２級
睇,１級
蘊,１級
烈,４級
賃,５級
墸,対象外
鵝,１級
衫,１級
栖,準１級
陪,３級
忰,１級
熄,１級
卜,準１級
翌,５級
慟,１級
臂,１級
囁,１級
梅,７級
卞,対象外
理,９級
遑,１級
盗,４級
鰈,１級
霹,１級
凛,１級
彈,１級 / 準１級
牋,１級
籃,１級
恤,１級
膀,１級
顰,１級
蟄,１級
踰,１級
魎,１級
昌,準１級
姿,５級
輾,１級
比,６級
韋,１級
液,６級
蔚,準１級
驂,１級
渉,準２級
棕,１級
薺,１級
哘,対象外
洩,準１級
明,９級
足,１０級
燧,１級
裘,１級
幃,１級
毘,準１級
蒼,準１級
滅,３級
瀞,準１級
軟,準２級
瞿,１級
款,準２級
筐,１級
蕷,１級
麿,準１級
噛,準１級
橸,対象外
趺,１級
威,４級
昏,準１級
韓,２級
廱,１級
糢,対象外
樞,１級 / 準１級
毛,９級
洪,準２級
員,８級
踴,１級
涵,１級
野,９級
諞,１級
敗,７級
逐,準２級
謖,１級
斤,３級
巒,１級
勵,１級 / 準１級
荏,準１級
興,６級
徊,１級
葛,２級
枡,１級
雪,９級
会,９級
亘,準１級
箝,１級
脆,準１級
斥,３級
残,７級
磐,準１級
褻,１級
削,３級
奧,１級 / 準１級
依,４級
閉,５級
贇,１級
鬚,１級
量,７級
詒,１級
逑,１級
嫋,１級
濠,準１級
揆,１級
耳,１０級
斧,準１級
伜,１級
敘,対象外
亙,準１級
雫,準１級
律,５級
荐,１級
枢,準２級
髄,３級
剋,１級
謗,１級
縫,３級
侠,準１級
耶,準１級
譛,１級
攀,１級
脇,２級
醐,準１級
鋺,１級
捷,準１級
栗,準１級
劔,対象外
嗔,１級
札,７級
拳,２級
苛,２級
漠,準２級
没,３級
撼,１級
祈,４級
蛾,準１級
鏝,１級
儲,準１級
埔,対象外
熈,１級
告,"７級
※補足欄参照"
個,６級
懶,１級
冂,対象外
躅,１級
朮,１級
槎,１級
線,９級
恥,４級
獣,４級
叡,準１級
覈,１級
黻,１級
内,９級
偬,１級
飾,４級
粘,３級
菠,１級
湟,対象外
栞,１級
紹,４級
祉,３級
捺,準１級
呎,１級
頰,２級
沢,４級
苜,１級
朱,４級
拵,１級
澂,１級
円,１０級
嗚,１級
肉,９級
埖,対象外
鋼,５級
恨,３級
漢,８級
鷂,１級
禳,１級
罹,１級
語,９級
鰹,準１級
邀,１級
團,１級 / 準１級
蝙,１級
忱,１級
衰,３級
室,９級
甓,１級
闕,１級
畧,対象外
烋,１級
賄,準２級
靺,１級
璞,１級
悽,１級
岼,対象外
駝,１級
尸,１級
曜,９級
囂,１級
尹,１級
鵞,１級
念,７級
宥,準１級
僖,１級
畩,対象外
羂,１級
衲,１級
膂,１級
誠,５級
鉢,準２級
彊,準１級
讓,１級 / 準１級
圜,１級
烏,準１級
截,１級
資,６級
窿,１級
篶,対象外
疼,１級
硲,準１級
瘢,１級
寧,準２級
蟆,１級
占,４級
繦,１級
庫,８級
貍,対象外
饐,１級
梍,対象外
鴃,１級
鄙,１級
楹,１級
洫,１級
蚓,１級
卦,準１級
鍠,１級
蕾,１級
癶,対象外
触,４級
疽,１級
臆,２級
剌,１級
樟,準１級
櫛,準１級
硴,対象外
庭,８級
摑,準１級
癸,１級
貎,１級
隱,１級 / 準１級
洲,準１級
篷,１級
渊,対象外
狠,１級
椦,対象外
蔟,１級
嵐,２級
抓,１級
憤,準２級
裙,１級
綛,１級
斫,１級
陬,１級
伝,７級
鑒,１級
琉,準１級
墹,対象外
稚,３級
橿,準１級
哢,１級
暁,準２級
狡,１級
蘋,１級
塋,１級
抔,１級
糧,３級
竸,対象外
滉,１級
黃,１級 / 準１級
渋,準２級
鯆,対象外
韜,１級
子,１０級
斬,２級
伯,準２級
涸,１級
踵,１級
椨,対象外
穣,準１級
陰,４級
嵒,１級
孑,１級
凜,１級
蔡,１級
綜,準１級
啻,１級
舉,対象外
転,８級
蠢,１級
幄,１級
輿,準１級
意,８級
毟,１級
蒿,１級
魏,１級
祐,準１級
睚,１級
宦,１級
藁,準１級
儷,１級
沫,準１級
燬,１級
逓,準２級
磑,１級
趾,１級
湧,２級
獨,１級 / 準１級
壺,準１級
辮,１級
耻,対象外
些,準１級
嫌,準２級
盛,５級
躇,１級
後,９級
枦,対象外
埜,準１級
揉,１級
鹽,１級 / 準１級
噤,１級
驃,１級
擁,３級
遒,１級
濡,準１級
脈,"７級
※補足欄参照"
宮,８級
慢,４級
軣,対象外
毫,１級
啼,１級
娃,準１級
祓,１級
価,６級
幅,４級
愕,１級
沮,１級
籌,１級
跂,１級
睛,１級
耽,準１級
蓁,１級
枩,対象外
牌,準１級
謙,準２級
途,４級
岾,対象外
諠,１級
冉,１級
棗,１級
艤,１級
苞,１級
閊,１級
釐,１級
呑,準１級
奨,準２級
朴,準２級
力,１０級
巓,１級
詔,準２級
勸,１級 / 準１級
筑,準１級
歃,１級
鄭,準１級
紺,３級
冊,５級
番,９級
習,８級
校,１０級
齦,１級
偲,準１級
功,７級
捻,２級
恩,６級
殍,１級
雰,準２級
峅,対象外
嗜,１級
教,９級
開,８級
朶,１級
黼,１級
瀟,１級
呟,１級
加,７級
苟,１級
漣,準１級
頴,準１級
贈,４級
册,１級 / 準１級
醒,２級
棘,１級
側,７級
翔,１級
評,６級
栢,対象外
畫,１級 / 準１級
鬟,１級
劣,４級
恪,１級
朷,対象外
筒,準２級
紿,１級
戮,１級
梏,１級
瘤,１級
尺,５級
肋,準１級
易,６級
靼,１級
餃,１級
投,８級
槐,１級
菩,準１級
疾,３級
蜀,１級
緜,対象外
纖,１級 / 準１級
忸,１級
矇,１級
叢,準１級
甕,１級
繧,１級
拶,２級
尻,２級
荒,４級
渓,準２級
肌,準２級
懷,１級 / 準１級
僚,準２級
錆,準１級
土,１０級
梓,準１級
襁,１級
髏,１級
昔,８級
抖,１級
尼,準２級
忻,１級
菫,１級
痂,１級
肓,１級
餅,２級
誡,１級
瘧,１級
鞁,１級
廳,１級 / 準１級
拷,準２級
蜂,２級
葡,準１級
倍,８級
寨,１級
情,６級
蝟,１級
粛,準２級
蚕,５級
邁,１級
藉,１級
楼,３級
黄,９級
觧,対象外
魑,１級
曝,準１級
衵,１級
嵜,対象外
涼,準２級
烙,１級
鉤,準１級
黌,１級
椪,対象外
蘓,対象外
倏,１級
惆,１級
蔣,準１級
洳,対象外
粟,準１級
綟,１級
葢,準１級
隲,対象外
鵠,準１級
蚣,１級
蝠,１級
衷,準２級
觴,１級
楽,９級
審,３級
墺,対象外
奩,対象外
竃,準１級
轂,１級
狢,１級
補,５級
鰉,１級
稜,準１級
鏡,７級
熊,"２級
※補足欄参照"
磔,１級
哥,１級
憧,２級
闖,１級
孔,３級
鴆,１級
箟,対象外
檀,準１級
軫,１級
沱,１級
薀,１級
駟,１級
塑,準２級
饑,１級
枯,４級
孕,１級
暃,対象外
庵,準１級
顱,１級
愚,３級
牒,準１級
硼,１級
狩,４級
臈,対象外
模,５級
滋,"準２級
※補足欄参照"
膃,１級
驅,１級 / 準１級
囃,１級
彌,１級 / 準１級
裝,１級 / 準１級
櫞,対象外
賈,１級
字,１０級
河,６級
澄,４級
奪,３級
竄,１級
闘,４級
管,７級
熏,１級
墻,１級
憩,３級
枳,１級
軸,３級
稟,１級
鷄,１級 / 準１級
轄,準２級
哦,１級
摘,４級
鴇,準１級
湫,１級
霽,１級
亜,準２級
卩,対象外
舊,１級 / 準１級
壻,１級 / 準１級
徐,３級
掀,１級
縮,５級
緝,１級
殕,対象外
侫,対象外
勹,対象外
卮,１級
鰺,準１級
估,１級
娉,１級
燭,準１級
毬,１級
璢,１級
盜,１級 / 準１級
勺,準１級
啾,１級
幇,１級
鍬,準１級
道,９級
描,４級
擂,１級
助,８級
器,７級
亞,１級 / 準１級
発,８級
卯,準１級
濤,準１級
蠣,準１級
終,８級
羃,１級
勾,２級
逕,１級
陲,１級
伴,３級
覊,対象外
鯉,準１級
韭,準１級
掃,３級
貔,対象外
緞,１級
娑,１級
徑,１級 / 準１級
湮,１級
侭,対象外
壼,１級
印,７級
努,７級
舌,６級
殖,４級
蓄,４級
亟,１級
凝,３級
毯,１級
盞,１級
槓,１級
諡,１級
歇,１級
荘,準２級
域,５級
周,７級
金,１０級
脉,対象外
忽,準１級
口,１０級
断,６級
錏,１級
肖,準２級
前,９級
嫐,対象外
敝,１級
古,９級
跋,１級
慣,６級
巖,１級 / 準１級
呪,２級
睡,準２級
齧,１級
拾,８級
釖,対象外
偵,準２級
辯,１級 / 準１級
鞄,準１級
句,６級
鹿,"２級
※補足欄参照"
黽,１級
肘,２級
荳,１級
詛,１級
脊,２級
餉,１級
様,８級
醗,準１級
棚,準２級
忿,１級
籍,３級
剏,１級
斯,準１級
歉,１級
諢,１級
埠,準１級
誣,１級
叨,１級
謚,１級
譜,準２級
琢,準１級
圦,１級
雲,９級
蟇,１級
矍,１級
邂,１級
鉦,準１級
昜,１級
苡,１級
再,６級
攅,１級
宰,準２級
鑓,準１級
嗟,１級
椰,１級
洵,１級
讖,１級
鄰,１級 / 準１級
朸,１級
禸,対象外
僞,１級 / 準１級
圧,６級
漫,４級
躊,１級
栩,１級
恫,１級
蚤,準１級
贊,１級 / 準１級
儺,１級
懸,準２級
翕,１級
琥,１級
冏,１級
瘰,１級
襃,１級 / 準１級
答,９級
蝣,１級
禹,１級
蹂,１級
机,５級
鵡,準１級
在,６級
苣,１級
澆,１級
纛,１級
鉱,６級
瀦,準１級
星,９級
害,７級
洶,１級
椴,準１級
嗣,準２級
譟,１級
尽,４級
暄,１級
烝,１級
庶,準２級
渕,準１級
韮,準１級
抗,４級
危,５級
艦,準２級
繩,１級 / 準１級
粡,対象外
祕,１級 / 準１級
耿,１級
董,準１級
徒,７級
糯,１級
衽,１級
華,３級
尾,４級
臉,１級
鯊,１級
楾,１級
畭,１級
頷,１級
即,４級
蘖,１級
顳,１級
折,７級
寫,１級 / 準１級
康,７級
烟,１級
韲,１級
尿,３級
暇,４級
渙,１級
提,６級
磚,１級
璧,２級
駢,１級
擅,１級
独,６級
鏤,１級
閏,準１級
獪,１級
甘,４級
怎,１級
鍮,１級
曠,１級
梔,１級
惇,準１級
牘,１級
竹,１０級
賊,３級
沸,準２級
枴,１級
軻,１級
滌,１級
甚,準２級
箪,準１級
鰻,準１級
們,１級
毳,１級
竺,準１級
怏,１級
狭,４級
閑,準２級
插,１級 / 準１級
隴,１級
鴈,準１級
轅,１級
髑,１級
摧,１級
熔,準１級
磧,１級
彎,１級
見,１０級
觸,１級 / 準１級
架,３級
勿,準１級
塒,１級
峇,対象外
幌,準１級
錐,準１級
鰊,１級
存,５級
碁,準２級
登,８級
拿,１級
舍,１級 / 準１級
穩,１級 / 準１級
燮,１級
鼇,１級
嵩,準１級
藍,２級
劫,準１級
棟,準２級
樢,対象外
督,準２級
脚,４級
裟,準１級
湯,８級
亠,対象外
羅,準２級
蔦,準１級
孚,１級
新,９級
峙,１級
亡,５級
舎,６級
剔,１級
關,１級 / 準１級
塔,４級
錘,準１級
巛,対象外
憫,１級
匁,準１級
持,８級
櫟,１級
蠧,１級
劬,１級
竅,１級
饒,１級
發,１級 / 準１級
亢,１級
幎,１級
川,１０級
孛,１級
碆,対象外
蟋,１級
簀,１級
達,７級
呰,１級
縱,１級 / 準１級
霾,１級
圭,準１級
噪,１級
鄲,１級
薄,４級
繪,１級 / 準１級
荵,１級
攘,１級
逖,１級
映,５級
膈,１級
宴,３級
地,９級
綢,１級
陳,３級
埣,対象外
壽,１級 / 準１級
魔,３級
蓆,１級
呱,１級
懺,１級
違,４級
驍,１級
締,３級
諤,１級
貘,１級
春,９級
稠,１級
囈,１級
哨,準１級
簇,１級
圷,対象外
儻,１級
瀧,１級 / 準１級
荷,８級
宵,準２級
盟,５級
逗,準１級
噫,１級
墾,３級
菰,準１級
蜃,１級
舄,対象外
株,５級
冐,対象外
嫖,１級
獰,１級
衾,１級
朽,４級
矗,対象外
祖,６級
戯,４級
跌,１級
釘,準１級
鬢,１級
淀,準１級
敞,１級
慥,１級
禺,１級
愛,７級
伶,準１級
偶,３級
絃,準１級
叩,準１級
策,５級
詞,５級
榁,１級
琲,１級
痃,１級
瘴,１級
養,７級
朿,１級
授,６級
濫,３級
鞅,１級
侮,準２級
槙,準１級
糲,１級
娘,４級
奬,１級 / 準１級
冑,１級
只,準１級
殘,１級 / 準１級
祗,１級
栫,１級
釛,対象外
菱,準１級
寮,準２級
衿,準１級
鵤,１級
蜆,１級
离,対象外
跏,１級
伸,３級
讙,１級
杁,対象外
誤,５級
嫗,１級
淅,１級
組,９級
叫,４級
病,８級
感,８級
詠,３級
偸,１級
敢,３級
筝,１級
籏,対象外
粢,１級
鷆,１級
喀,１級
竿,準１級
廴,対象外
艨,１級
檄,１級
蚩,１級
葦,準１級
異,５級
局,８級
穫,３級
麁,１級
延,５級
翠,準１級
鑚,１級
僣,１級
烱,１級
鉾,準１級
雷,４級
枷,１級
襄,１級
聊,１級
洸,１級
笂,対象外
蹄,準１級
滑,３級
屁,１級
椶,１級
粤,１級
喃,１級
澎,１級
畳,４級
隶,対象外
歌,９級
廷,準２級
嗤,１級
辰,準１級
葩,１級
蚪,１級
講,６級
肚,１級
駭,１級
油,８級
恬,１級
擇,１級 / 準１級
漬,準２級
抛,１級
鍵,２級
綣,１級
氈,１級
裡,準１級
甜,準１級
鰌,１級
肛,１級
躋,１級
塗,３級
蝦,準１級
摩,準２級
臍,１級
狷,１級
箭,準１級
種,７級
頸,準１級
沺,対象外
恭,準２級
熕,１級
贋,準１級
鯏,１級
鰾,１級
抜,４級
渚,準１級
肝,３級
駮,１級
櫨,１級
蘗,１級
裨,１級
漱,１級
魘,１級
嵬,１級
黍,準１級
棠,１級
梗,２級
靂,１級
邃,１級
几,１級
倒,４級
従,５級
脛,１級
却,４級
峠,４級
陵,３級
燵,１級
環,４級
交,９級
凡,４級
曦,１級
軼,１級
斷,１級 / 準１級
劭,１級
若,５級
遖,１級
夂,対象外
剖,準２級
孜,準１級
暈,１級
湲,１級
睘,対象外
㓁,対象外
鴉,１級
庸,準２級
揖,準１級
処,５級
緡,１級
変,７級
這,準１級
淆,１級
貝,１０級
症,準２級
亥,準１級
卵,５級
散,７級
梛,１級
幔,１級
脣,１級
黎,１級
闡,１級
苦,８級
励,３級
嵯,準１級
得,"７級
※補足欄参照"
簍,１級
一,１０級
倔,１級
峡,３級
棡,対象外
醜,準２級
凧,準１級
陶,３級
髓,１級 / 準１級
丁,８級
貞,準２級
孝,５級
瀬,３級
軽,８級
驕,１級
顴,１級
亦,準１級
惑,４級
樣,１級 / 準１級
琳,準１級
侯,準２級
麈,１級
薇,１級
繭,準２級
膊,１級
匂,２級
縲,１級
怐,対象外
杆,１級
掉,１級
鏥,対象外
哩,準１級
間,９級
栲,１級
規,６級
挂,１級
禽,準１級
蓉,準１級
蜈,１級
盡,１級 / 準１級
絅,１級
包,７級
鬣,１級
憬,２級
杉,準２級
荻,準１級
殞,１級
誥,１級
侵,４級
哭,１級
琴,準２級
碇,準１級
磨,準２級
壁,４級
怒,４級
閔,１級
権,５級
音,１０級
覓,１級
匆,１級
惓,１級
栴,準１級
指,８級
掌,３級
膏,準１級
蟐,対象外
藏,１級 / 準１級
餌,２級
酉,準１級
釜,２級
味,８級
睥,１級
蔬,１級
聒,１級
息,８級
僥,１級
鞆,１級
埴,準１級
伺,４級
辱,３級
廸,１級
賍,対象外
跖,１級
昧,２級
家,９級
攜,対象外
鵬,準１級
酊,１級
諦,２級
葫,対象外
呵,１級
白,１０級
恰,準１級
詢,１級
鼈,１級
餐,準１級
嫡,準２級
轆,１級
針,５級
聖,５級
似,６級
建,７級
鯑,１級
噬,１級
農,８級
歎,準１級
百,１０級
睦,２級
跚,１級
昨,７級
澑,対象外
讚,準１級
璽,準２級
警,５級
娚,対象外
戰,１級 / 準１級
鷏,対象外
烹,準１級
甞,対象外
艪,１級
齪,１級
鍼,１級
州,８級
矚,１級
冒,４級
凩,１級
祚,１級
瘻,１級
翡,１級
槝,対象外
纜,１級
檍,対象外
濬,１級
牙,２級
袁,対象外
畴,１級
奮,５級
熙,１級
羆,１級
善,５級
鑛,１級 / 準１級
娜,１級
鰍,準１級
牛,９級
冓,１級
凪,準１級
蚫,１級
贍,１級
筥,１級
椹,１級
錙,１級
巡,４級
祝,７級
烽,１級
牝,準１級
生,１０級
慧,準１級
枸,１級
獲,４級
丩,対象外
揚,３級
舐,１級
痊,１級
彑,対象外
湶,対象外
卷,１級 / 準１級
択,３級
圸,対象外
隷,４級
鴎,準１級
召,４級
穰,１級 / 準１級
塘,準１級
箱,８級
当,９級
摯,２級
粥,準１級
蹇,１級
倖,準１級
菲,１級
頻,準２級
躍,４級
徘,１級
圻,１級
襌,１級
叭,１級
枹,１級
駱,１級
舒,１級
糴,１級
櫪,１級
彖,対象外
嗷,１級
卸,３級
披,準２級
痍,１級
湾,３級
叮,１級
址,１級
獵,１級 / 準１級
鱆,１級
治,７級
言,９級
剛,準２級
狸,準１級
還,準２級
饕,１級
概,３級
燹,１級
廁,１級
七,１０級
通,９級
股,２級
囎,対象外
苧,準１級
銀,８級
滓,１級
方,９級
怕,１級
鏨,１級
韵,１級
万,９級
孟,準１級
活,９級
閖,対象外
訂,３級
視,５級
棣,１級
臑,１級
狹,１級 / 準１級
挈,１級
曩,１級
碌,１級
於,準１級
沼,４級
寰,１級
丈,４級
峨,準１級
剝,２級
逝,準２級
季,７級
肢,準２級
怖,４級
漲,１級
邇,１級
廂,１級
苫,準１級
黏,１級
銃,準２級
三,１０級
洽,１級
閘,１級
榊,準１級
燻,１級
醢,１級
訃,２級
宸,１級
暉,１級
操,５級
竇,１級
絆,１級
雹,１級
愡,対象外
綫,１級
夊,対象外
笄,１級
李,準１級
禾,準１級
酋,準１級
呶,１級
淇,対象外
侶,２級
氏,７級
労,７級
蜉,１級
匈,１級
薈,１級
負,８級
亨,準１級
嵳,準１級
靄,１級
稱,１級 / 準１級
民,７級
禿,準１級
陷,１級 / 準１級
餒,１級
容,６級
杏,準１級
暎,対象外
惘,１級
跛,１級
磬,１級
呷,１級
壅,１級
絋,対象外
偽,準２級
劵,対象外
夏,９級
匍,１級
氓,１級
笆,１級
酌,準２級
享,準２級
財,６級
電,９級
便,７級
愧,１級
體,１級 / 準１級
擒,１級
材,７級
翦,１級
懼,１級
賎,準１級
蠱,１級
蟒,１級
艫,１級
遘,１級
居,６級
巣,７級
戲,１級 / 準１級
蔭,準１級
釟,対象外
荼,１級
譫,１級
伽,準１級
敦,準１級
脩,１級
皀,対象外
緤,１級
蝨,１級
條,１級 / 準１級
詣,２級
幕,５級
神,８級
減,６級
蚯,１級
錚,１級
憮,１級
琵,準１級
蹈,１級
横,８級
軾,１級
屆,１級 / 準１級
轉,１級 / 準１級
掎,１級
辶,対象外
攝,１級 / 準１級
皃,対象外
釡,対象外
噴,４級
裲,１級
佃,準１級
糶,１級
簑,１級
莅,１級
辷,１級
工,９級
翩,１級
祟,１級
麋,１級
喇,１級
籐,１級
候,７級
儼,１級
僧,４級
抬,１級
柁,準１級
葬,３級
監,４級
哮,１級
彗,１級
筧,１級
聘,１級
鍾,準１級
齬,１級
昭,８級
誦,１級
冕,１級
諧,２級
殤,１級
核,準２級
焉,１級
抱,４級
歐,１級 / 準１級
倚,１級
柄,４級
闢,１級
喉,２級
盤,４級
僭,１級
哲,３級
是,４級
筬,１級
鬥,対象外
槞,対象外
縵,１級
袂,１級
塙,準１級
換,３級
菴,１級
沽,１級
謝,６級
鷓,１級
施,３級
繰,４級
鞋,１級
鴒,１級
蓊,対象外
上,１０級
檎,準１級
濮,対象外
牟,準１級
産,７級
綬,準１級
慨,３級
療,４級
剞,１級
坂,８級
下,１０級
摶,１級
嫣,１級
缶,準２級
舖,１級 / 準１級
執,４級
沾,１級
袈,準１級
牡,準１級
鑞,１級
睨,１級
菷,対象外
斿,対象外
膓,対象外
不,７級
塚,準２級
缸,１級
均,６級
槧,１級
銅,６級
縷,１級
醤,準１級
握,４級
甥,準１級
謠,１級 / 準１級
鞍,準１級
淋,準１級
凭,１級
屈,４級
粧,準２級
棧,１級 / 準１級
薊,１級
徙,１級
琶,準１級
陸,７級
狼,準１級
隸,１級 / 準１級
藐,１級
京,９級
熟,５級
可,６級
廻,準１級
魚,９級
駲,対象外
需,４級
瓊,１級
漸,準２級
頼,４級
届,５級
村,１０級
痒,１級
派,５級
裳,準１級
傀,１級
矛,４級
羇,１級
贏,１級
卻,１級
淌,１級
穴,５級
凰,準１級
襍,１級
曰,１級
榎,準１級
亭,準２級
台,９級
嗹,対象外
狽,準１級
粨,１級
椽,１級
鰐,準１級
黐,１級
從,１級 / 準１級
廼,準１級
鯒,１級
杓,準１級
獸,１級 / 準１級
魯,準１級
琺,１級
曲,８級
険,６級
屋,８級
覗,準１級
瀰,１級
左,１０級
按,準１級
敬,５級
根,８級
箴,１級
蜊,１級
女,１０級
幗,１級
脯,１級
遙,１級 / 準１級
當,１級 / 準１級
嵶,対象外
竈,準１級
風,９級
娟,１級
孤,３級
辺,７級
英,７級
梟,１級
碍,準１級
奴,４級
寳,対象外
恵,４級
逞,１級
饗,準１級
巧,３級
稲,４級
鵯,１級
峩,準１級
廃,準２級
气,対象外
惚,準１級
丂,対象外
辻,準１級
格,６級
奸,１級
覘,１級
挌,１級
気,１０級
澗,準１級
娠,準２級
巨,４級
愨,１級
苳,１級
脱,４級
孥,１級
湿,３級
靆,１級
颪,１級
恷,対象外
畷,準１級
遜,２級
梠,１級
数,９級
込,４級
速,８級
与,４級
鼎,準１級
蘚,１級
誨,１級
秀,４級
賑,準１級
滔,１級
樫,準１級
距,４級
呻,１級
肥,６級
暑,８級
譬,１級
丐,１級
怙,１級
韶,１級
較,４級
嫦,１級
効,６級
抵,４級
憲,５級
躑,１級
夐,１級
笈,準１級
蠶,１級 / 準１級
掏,１級
哺,２級
莇,対象外
閙,１級
祠,１級
渝,１級
鼓,４級
配,８級
丑,準１級
磯,準１級
呼,５級
私,５級
盥,１級
肩,４級
怛,１級
簒,１級
跟,１級
且,準２級
賓,準２級
劼,１級
暖,５級
滕,１級
抹,準２級
樮,対象外
擔,１級 / 準１級
笊,１級
牢,準１級
麌,１級
聚,１級
試,７級
繹,１級
驗,１級 / 準１級
但,準２級
蚰,１級
蟠,１級
葭,１級
蔵,５級
編,６級
檐,１級
鐃,１級
蝪,対象外
錠,３級
冖,対象外
焔,準１級
濯,準２級
凱,準１級
鎌,２級
臓,５級
餓,３級
囑,１級 / 準１級
牧,７級
睫,１級
嗽,１級
係,８級
冗,３級
匏,１級
貢,準２級
計,９級
椿,準１級
壇,３級
佇,１級
轌,１級
歓,４級
喊,１級
噸,準１級
写,８級
聞,９級
葮,対象外
蚶,１級
鯔,１級
鞏,１級
詩,８級
縹,１級
翫,準１級
闥,１級
鴕,１級
究,８級
好,７級
痔,準１級
氛,１級
卿,準１級
宿,８級
鱇,１級
缺,１級 / 準１級
袋,３級
峪,１級
漾,１級
隹,対象外
廾,対象外
熨,１級
彙,２級
諫,準１級
釣,準２級
傅,１級
妁,１級
澡,１級
鵲,１級
培,準２級
昴,１級
柆,対象外
史,"７級
※補足欄参照"
経,６級
曳,準１級
甦,１級
儿,対象外
穹,１級
鬧,１級
槨,１級
借,７級
氣,１級 / 準１級
隻,３級
廿,準１級
揣,１級
攣,１級
痕,２級
陽,８級
鑠,１級
兀,１級
峭,１級
鴛,準１級
齲,１級
右,１０級
罅,１級
如,３級
更,４級
寂,４級
弁,６級
羈,１級
昵,１級
柊,準１級
厂,対象外
懽,１級
蓋,２級
櫺,１級
矜,１級
艮,準１級
維,４級
肪,４級
森,１０級
邉,対象外
霄,１級
癆,１級
的,７級
鷙,１級
娥,１級
学,１０級
藕,１級
蹉,１級
箸,２級
菻,対象外
辿,準１級
良,７級
摸,準１級
満,７級
瓏,１級
頽,１級
粫,対象外
裴,１級
廈,１級
谷,９級
悁,１級
舗,４級
肬,１級
銑,準１級
殪,１級
艱,１級
蓍,１級
迂,準１級
綮,１級
孩,１級
皆,４級
謡,４級
矢,９級
棯,対象外
谺,１級
贐,１級
霆,１級
醪,１級
菽,１級
悃,１級
懾,１級
櫻,１級 / 準１級
輅,１級
促,３級
剣,４級
沿,５級
慫,１級
旁,１級
流,８級
蔽,２級
挑,準２級
竊,１級 / 準１級
籔,１級
覚,７級
惜,３級
戳,１級
苴,１級
淑,準２級
坊,４級
杖,準１級
渟,１級
駸,１級
笋,１級
脳,５級
襖,準１級
俄,準１級
臘,１級
愬,１級
造,６級
徠,対象外
載,４級
況,４級
膕,対象外
魴,１級
賚,１級
遞,１級 / 準１級
剤,４級
滝,３級
苹,１級
坎,１級
旃,１級
獺,１級
浄,準２級
鰒,１級
杙,１級
覡,１級
物,８級
碎,１級 / 準１級
薐,１級
韻,準２級
允,準１級
燼,１級
絎,１級
位,７級
排,３級
栽,準２級
猊,１級
匐,１級
驚,４級
寵,準１級
首,９級
轍,準１級
鐇,対象外
屍,準１級
抻,１級
榑,１級
元,９級
鼕,１級
梢,準１級
瀲,１級
畸,１級
牲,３級
低,７級
躓,１級
颯,１級
樵,準１級
琿,対象外
掖,１級
敲,１級
馗,１級
兄,９級
絏,１級
碑,３級
匕,１級
筮,１級
押,４級
訊,準１級
釦,準１級
夕,１０級
哽,１級
厄,準２級
莉,１級
癇,１級
命,８級
蘢,１級
蟯,１級
錢,１級 / 準１級
閠,対象外
麑,１級
高,９級
幟,１級
稷,１級
外,９級
怜,準１級
倡,１級
劾,準２級
塞,２級
餔,１級
厖,１級
譯,１級 / 準１級
跡,４級
亮,準１級
盧,１級
釧,準１級
蛄,１級
訌,１級
詫,準１級
暗,８級
唄,２級
夘,対象外
咀,１級
髞,対象外
簓,１級
倣,３級
莊,１級 / 準１級
関,７級
思,９級
勁,１級
癈,１級
焙,１級
嶂,１級
袍,１級
巫,１級
摺,準１級
冠,３級
憶,４級
丕,１級
溂,１級
濱,１級 / 準１級
娩,準１級
祢,準１級
妃,準２級
痘,３級
緩,３級
酎,２級
嗾,１級
舘,準１級
銓,１級
戴,２級
蝮,１級
弃,対象外
諭,準２級
歔,１級
槫,対象外
鬨,１級
楊,準１級
壊,４級
妄,準２級
鷦,１級
世,８級
葯,１級
隅,準２級
綯,１級
差,７級
焚,準１級
謦,１級
噺,準１級
色,９級
袒,１級
囓,１級
撃,４級
鞐,１級
祥,準２級
冢,１級
嶄,１級
酒,８級
擘,１級
娯,３級
翰,準１級
痙,１級
縺,１級
鑢,１級
丗,１級
溌,準１級
弄,２級
基,６級
説,７級
糸,１０級
睹,１級
蜍,１級
漿,１級
屎,１級
邊,１級 / 準１級
隼,準１級
叶,準１級
氤,対象外
繻,１級
檗,１級
矣,１級
傍,４級
廉,３級
彜,１級
蹊,１級
秉,１級
裸,３級
迄,準１級
泄,１級
嫩,１級
皇,５級
峯,準１級
糺,１級
苺,１級
杜,準１級
号,８級
抽,３級
屏,１級
浅,７級
柎,１級
殫,１級
雀,準１級
知,９級
水,１０級
睾,１級
司,７級
埼,"２級
※補足欄参照"
寃,１級
迅,準２級
系,５級
杞,１級
秋,９級
攤,１級
罌,１級
皈,対象外
苻,１級
蜑,１級
泅,１級
阜,"２級
※補足欄参照"
潁,対象外
読,９級
裹,１級
僮,１級
桀,１級
貧,６級
空,１０級
節,７級
慮,４級
燿,１級
牴,１級
逡,１級
淒,１級
薑,１級
熬,１級
坏,１級
渠,準１級
澣,１級
黑,１級 / 準１級
駻,１級
揩,１級
瑁,１級
鎔,準１級
聟,１級
鵺,１級
麒,準１級
顆,１級
昶,１級
剥,２級
御,４級
瓔,１級
蓐,１級
樶,対象外
襞,１級
谿,１級
棲,準１級
穽,１級
鴟,１級
遠,９級
桁,２級
籖,１級
貨,７級
特,７級
筰,１級
震,４級
坐,準１級
萃,１級
僵,１級
喋,準１級
膚,４級
慯,対象外
篁,１級
淕,対象外
黒,９級
昼,９級
獻,１級 / 準１級
逢,準１級
薔,１級
夙,準１級
惟,準１級
挙,７級
亰,対象外
稻,１級 / 準１級
粭,対象外
梦,対象外
緬,準１級
蕀,１級
蘭,準１級
用,９級
怠,３級
幡,準１級
曵,対象外
甫,準１級
寶,１級 / 準１級
藜,１級
多,９級
掘,４級
轎,１級
鱈,準１級
亳,対象外
滞,３級
臙,１級
輊,１級
鮃,１級
閣,５級
惠,１級 / 準１級
悄,１級
賛,６級
挟,準２級
梧,準１級
碓,準１級
緯,４級
粮,対象外
怡,１級
覦,１級
甬,対象外
夛,対象外
鼠,準１級
曷,１級
瀾,１級
稼,準２級
化,８級
猖,１級
釵,１級
妊,準２級
凵,対象外
討,５級
肭,１級
蝴,１級
住,８級
凶,４級
充,準２級
嫺,１級
脹,準１級
靈,１級 / 準１級
塡,２級
孫,７級
榔,１級
諮,３級
暘,１級
北,９級
愴,１級
畿,２級
票,７級
蟲,１級 / 準１級
莎,１級
鐐,１級
勃,２級
詬,１級
馘,１級
凸,準２級
結,７級
立,１０級
妍,１級
猗,１級
匙,準１級
肯,準２級
訐,１級
驛,１級 / 準１級
釶,対象外
佐,"準２級
※補足欄参照"
縻,１級
脾,１級
躔,１級
鯖,準１級
丘,４級
翳,１級
兆,７級
凹,準２級
竍,１級
孰,１級
嫻,１級
懿,１級
鰓,１級
祭,８級
髟,対象外
憺,１級
磴,１級
羊,８級
氷,８級
咄,１級
唆,準２級
柏,準１級
檜,準１級
糾,準２級
笏,１級
己,５級
蛆,１級
厘,３級
壌,準２級
袖,２級
已,１級
科,９級
羌,１級
販,４級
冤,１級
鬩,１級
鶇,１級
俊,準２級
酔,３級
永,６級
弉,１級
咆,１級
巳,準１級
撈,１級
颱,１級
某,３級
紀,"７級
※補足欄参照"
厚,６級
蜒,１級
巴,準１級
誰,２級
據,１級 / 準１級
笑,７級
潅,準１級
憾,準２級
蛇,準２級
美,８級
唇,準２級
溏,１級
袗,１級
鑪,１級
癌,準１級
峰,４級
廊,３級
響,４級
醫,１級 / 準１級
嘆,４級
渡,４級
盪,１級
艶,２級
蠹,１級
繼,１級 / 準１級
餘,１級 / 準１級
濳,対象外
迎,４級
彝,１級
悉,準１級
惡,１級 / 準１級
棹,１級
槭,１級
錣,１級
焜,１級
皋,準１級
綰,１級
丰,対象外
雁,準１級
泉,５級
黔,１級
堀,準２級
旄,１級
書,９級
賜,準２級
娵,１級
萄,準１級
痛,５級
豁,１級
徨,１級
鷭,１級
整,８級
近,９級
連,７級
罍,１級
廏,準１級
嘉,準１級
慰,３級
悋,１級
裼,１級
島,８級
簔,１級
惣,準１級
渣,１級
泊,４級
傑,準２級
爆,４級
叺,１級
榕,１級
銕,１級
揮,５級
矧,準１級
跣,１級
駿,準１級
舛,準１級
蓑,準１級
坑,３級
隆,３級
急,８級
吁,１級
牽,準１級
鐓,１級
梨,"２級
※補足欄参照"
顋,１級
兇,準１級
楓,準１級
穿,準１級
粱,１級
茂,４級
鴣,１級
齶,１級
歙,１級
筱,１級
膜,３級
霈,１級
戸,９級
價,１級 / 準１級
喘,１級
昿,１級
舜,準１級
値,５級
睿,対象外
嚀,１級
殯,１級
襟,準２級
戻,準２級
鯛,準１級
藝,１級 / 準１級
坡,１級
矩,準１級
吃,準１級
援,４級
怦,１級
傘,準２級
榛,準１級
滬,１級
跨,準１級
銖,１級
鞘,準１級
躙,１級
隈,準１級
先,１０級
拂,１級 / 準１級
肱,準１級
出,１０級
蹌,１級
愼,１級 / 準１級
邏,１級
蕁,１級
俎,１級
屐,対象外
輌,１級
夜,９級
詭,１級
竏,１級
桂,準１級
熱,７級
鎖,４級
澤,１級 / 準１級
阝,対象外
函,準１級
議,７級
育,８級
寸,５級
嶇,１級
浙,１級
挧,対象外
鼡,対象外
阡,１級
寄,６級
麓,２級
担,５級
淘,準１級
鱒,準１級
臚,１級
寺,９級
謨,１級
俐,１級
夢,６級
竒,対象外
屑,準１級
桃,４級
輒,１級
愽,対象外
肴,準１級
蹐,１級
凾,準１級
阨,１級
塢,対象外
蝶,準１級
磽,１級
勅,準２級
欄,４級
剩,１級 / 準１級
束,７級
掛,３級
絖,１級
亶,１級
頁,準１級
佑,準１級
訓,７級
酖,１級
樸,１級
匚,１級
碕,対象外
猛,４級
葱,準１級
疂,対象外
笘,１級
遡,２級
匝,準１級
祷,準１級
鬪,１級 / 準１級
瓜,準１級
勇,７級
孱,１級
杠,１級
香,"４級
※補足欄参照"
頂,５級
体,９級
製,６級
塩,７級
總,１級 / 準１級
覧,５級
驟,１級
訖,１級
匠,３級
掟,１級
瓠,１級
鰔,１級
人,１０級
猜,１級
条,６級
笙,１級
蝸,１級
秒,８級
妓,準１級
幢,１級
氾,２級
莓,１級
瑕,１級
聡,準１級
田,１０級
原,９級
巵,１級
紂,１級
釼,対象外
繽,１級
諱,１級
由,８級
濶,１級
蘯,１級
囗,対象外
汀,準１級
默,１級 / 準１級
蟶,１級
緲,１級
撒,準１級
艷,１級 / 準１級
課,７級
鮎,準１級
妖,２級
腆,１級
潔,６級
髢,１級
囘,対象外
範,４級
蛉,１級
甲,３級
嬉,準１級
秕,１級
源,５級
蜘,準１級
約,７級
鷯,１級
厠,１級
巷,準１級
絜,対象外
瑙,１級
莖,１級 / 準１級
稽,２級
幣,準２級
汁,準２級
聢,１級
齷,１級
申,８級
釿,１級
囚,準２級
鑰,１級
無,７級
檠,１級
皎,１級
贓,１級
房,３級
綱,３級
痞,１級
錦,２級
萇,対象外
浚,１級
倥,１級
冥,２級
暝,１級
柑,準１級
邑,準１級
弊,準２級
閤,準１級
嶋,準１級
僻,準１級
淙,１級
羔,１級
醯,１級
唏,１級
壑,１級
蠻,１級 / 準１級
悌,準１級
颶,１級
槲,１級
所,８級
轗,１級
謫,１級
焦,３級
皐,準１級
萋,対象外
袙,１級
那,２級
慱,対象外
擠,１級
廐,準１級
敵,６級
冦,１級
染,５級
簗,１級
譱,対象外
倦,準１級
網,４級
痢,準２級
嶌,対象外
錨,準１級
暢,準１級
浜,４級
閥,準２級
棺,準２級
籘,対象外
貪,２級
餝,対象外
旅,８級
娶,１級
雄,４級
牾,１級
丙,準２級
咋,対象外
拆,１級
攪,準１級
厷,対象外
騁,１級
目,１０級
什,準１級
逧,１級
彡,対象外
瞋,１級
復,６級
舞,４級
霊,３級
盲,準２級
泌,３級
豆,８級
丞,準１級
仁,５級
和,８級
銘,準２級
跪,１級
形,９級
揶,１級
嚆,１級
椀,準１級
渤,対象外
旆,１級
框,１級
娼,準１級
貫,３級
鞜,１級
拇,１級
犀,準１級
雅,４級
餞,１級
癒,準２級
豈,１級
逮,３級
直,９級
仂,１級
両,８級
対,８級
挨,２級
蓖,１級
堂,"７級
※補足欄参照"
梭,１級
灌,準１級
何,９級
鎗,準１級
范,１級
鴦,準１級
楔,１級
喙,１級
葵,準１級
遣,４級
題,８級
填,２級
峺,対象外
光,９級
屓,１級
寅,準１級
熹,１級
夥,１級
託,３級
俑,１級
阪,"２級
※補足欄参照"
寿,３級
短,８級
臟,１級 / 準１級
靉,１級
隊,７級
備,６級
罎,１級
嘔,１級
麕,１級
滯,１級 / 準１級
茄,準１級
惧,２級
佗,１級
堅,４級
鯡,１級
挫,２級
展,５級
殱,１級
躡,１級
幤,対象外
遥,準１級
克,３級
蓙,１級
蹕,１級
峻,準１級
稾,対象外
喚,３級
鴨,準１級
梯,準１級
楕,準１級
阮,１級
俔,１級
葷,１級
爍,１級
剪,１級
曹,準２級
突,４級
詮,２級
勉,８級
晁,１級
返,８級
坤,準１級
各,７級
粲,１級
膝,２級
孳,１級
男,１０級
求,７級
澪,１級
戀,１級 / 準１級
秘,５級
練,８級
筴,１級
祺,１級
鮑,１級
賞,"７級
※補足欄参照"
性,６級
杢,準１級
肺,５級
歛,１級
覩,１級
合,９級
輓,１級
窃,準２級
績,６級
甸,１級
坦,準１級
擡,１級
蘰,対象外
迚,１級
猝,１級
掠,準１級
汎,２級
鬮,１級
曼,１級
副,７級
襠,１級
詰,４級
勍,１級
杣,１級
時,９級
怨,２級
胃,"７級
※補足欄参照"
吉,３級
町,１０級
膠,１級
粳,１級
翹,１級
妙,４級
蕃,準１級
酘,対象外
鼬,１級
檢,１級 / 準１級
礁,準２級
諳,１級
馥,１級
然,７級
碗,準１級
欅,１級
匡,準１級
巻,５級
懃,１級
樹,５級
鶉,１級
贔,１級
誹,準１級
黙,４級
厥,１級
柔,４級
髣,１級
渥,準１級
壓,１級 / 準１級
妛,対象外
鈍,４級
竓,１級
慳,１級
蜚,１級
瑚,準１級
刀,９級
蟷,１級
匣,１級
愾,１級
聨,準１級
蝿,準１級
瓢,準１級
血,８級
酢,準２級
蕈,１級
刃,準２級
巽,準１級
妝,１級
榜,１級
焼,７級
諷,１級
扁,１級
絛,１級
咎,１級
循,準２級
泓,１級
薗,準１級
責,６級
玄,４級
悍,１級
疆,１級
銚,準１級
彦,準１級
篆,１級
萌,準１級
紅,５級
並,５級
頃,２級
弋,１級
腋,１級
莚,１級
撓,１級
嬋,１級
笛,８級
率,６級
羝,１級
咏,１級
弌,１級
法,７級
倨,１級
楙,対象外
錫,準１級
扇,４級
浣,１級
敷,４級
貭,対象外
旉,対象外
徭,１級
丨,対象外
簟,１級
紆,１級
萍,１級
悒,１級
个,対象外
暦,４級
艸,１級
項,４級
青,１０級
彩,４級
弍,１級
淞,対象外
藤,２級
霍,１級
唐,４級
舟,４級
汐,準１級
袞,１級
曽,２級
吊,準１級
拈,１級
余,６級
四,１０級
旋,準２級
椁,１級
蛋,準１級
怩,１級
槹,１級
繿,対象外
豊,６級
舩,対象外
潘,１級
犁,１級
集,８級
兌,１級
鐔,１級
俗,４級
飃,対象外
滲,１級
攫,１級
週,９級
吋,準１級
汕,１級
冨,対象外
唔,１級
裾,２級
回,９級
佚,１級
喜,"７級
※補足欄参照"
曾,１級 / 準１級
鴪,１級
蓚,対象外
拉,２級
霎,１級
鷲,準１級
淡,４級
譲,３級
綴,準１級
怪,３級
同,９級
汗,４級
餠,１級 / 準１級
旌,１級
鼻,８級
塰,対象外
鎚,準１級
騅,１級
爐,１級 / 準１級
密,５級
封,３級
記,９級
迢,１級
茅,準１級
濺,１級
祿,１級 / 準１級
刄,対象外
孵,１級
揺,３級
矮,１級
胄,１級
仄,１級
熾,１級
案,７級
畀,対象外
大,１０級
跫,１級
輔,準１級
剰,準２級
惨,４級
皓,１級
勒,１級
愿,１級
嘖,１級
猟,３級
懆,１級
䍃,対象外
話,９級
嚇,準２級
歟,１級
天,１０級
準,６級
謬,準１級
遨,１級
分,９級
嶐,対象外
仆,１級
峽,１級 / 準１級
専,５級
訛,１級
械,７級
痣,１級
粹,１級 / 準１級
迥,１級
廓,準１級
胆,３級
襤,１級
茆,１級
騎,３級
太,９級
寇,１級
鯢,１級
鼾,１級
切,９級
塲,対象外
癖,３級
鎧,準１級
仇,準１級
禀,１級
桍,対象外
爛,１級
搆,１級
皖,１級
碚,１級
租,準２級
坩,１級
鱗,準１級
竕,１級
瞎,１級
灑,１級
馨,準１級
隋,１級
邦,３級
婀,１級
窄,準１級
澱,準１級
傚,１級
儀,４級
戈,１級
晃,準１級
紊,１級
振,４級
醴,１級
坪,準２級
順,７級
葹,対象外
秡,対象外
站,１級
蘿,１級
擢,準１級
碣,１級
戉,１級
瞑,１級
罐,１級 / 準１級
榠,対象外
麗,４級
窈,１級
邨,１級
隍,１級
干,５級
閧,１級
膣,１級
絞,３級
礇,対象外
腎,２級
檣,１級
杤,対象外
筵,１級
籟,１級
扈,１級
鶏,３級
相,８級
堆,２級
採,６級
画,９級
属,６級
壕,準１級
權,１級 / 準１級
繁,４級
鮒,準１級
阯,１級
鞠,準１級
来,９級
聯,準１級
蕉,準１級
蹙,１級
盻,１級
絡,４級
腐,４級
稿,４級
堊,１級
扉,準２級
甼,対象外
防,６級
筺,１級
袢,１級
轜,１級
驢,１級
因,６級
航,"７級
※補足欄参照"
柘,準１級
緻,２級
莞,準１級
薙,準１級
中,１０級
渦,準２級
誼,準１級
厦,１級
翻,３級
槻,準１級
額,６級
匪,準１級
唖,準１級
鈎,準１級
倩,１級
羞,２級
樺,準１級
瑛,準１級
痩,２級
纂,準１級
靖,準１級
髦,１級
親,９級
蜜,２級
贖,１級
団,６級
艹,対象外
丱,１級
浤,対象外
螂,１級
鐘,３級
鰕,１級
淤,１級
酣,１級
艾,１級
微,４級
柚,準１級
舫,１級
霏,１級
綵,１級
數,１級 / 準１級
蟹,準１級
袤,１級
售,１級
囮,１級
彪,準１級
温,８級
串,２級
瓣,１級
匯,１級
厨,準１級
莟,１級
羣,対象外
芋,４級
鈑,１級
倪,１級
臠,１級
煉,準１級
瑜,１級
静,７級
薛,１級
調,８級
轟,準１級
雇,３級
衂,対象外
笞,１級
夫,７級
咐,１級
催,３級
泗,１級
疇,１級
進,８級
學,１級 / 準１級
豌,１級
玉,１０級
拊,１級
慴,１級
鱚,１級
妣,１級
褂,１級
邪,３級
夬,１級
龍,１級 / 準１級
式,８級
嶝,１級
巾,２級
廖,１級
雉,１級
萎,２級
適,６級
王,１０級
咒,準１級
衄,１級
笠,準１級
夭,１級
市,９級
射,５級
逵,１級
簡,５級
飄,１級
泙,対象外
妥,準２級
弐,４級
傭,準１級
拌,１級
玖,準１級
邯,１級
免,３級
俘,１級
路,８級
晄,対象外
篇,準１級
蛍,準２級
挺,準１級
矯,準２級
冩,対象外
迦,準１級
銛,１級
刈,４級
殲,１級
賠,準２級
背,５級
今,９級
潛,１級 / 準１級
溘,１級
茉,１級
葺,準１級
黛,準１級
喝,準２級
鮓,１級
怫,１級
歡,１級 / 準１級
灘,準１級
撕,１級
兎,準１級
楚,準１級
錬,３級
刊,６級
粽,１級
介,４級
族,８級
滴,４級
桎,１級
謳,１級
俚,１級
寉,対象外
暫,３級
迩,対象外
攬,１級
胎,３級
跳,４級
膤,対象外
挽,準１級
茎,準２級
蛎,準１級
銜,１級
晉,１級 / 準１級
麝,１級
蒂,１級
諸,５級
蓬,準１級
餡,１級
仍,１級
癘,１級
刋,１級
損,６級
児,７級
冪,１級
賢,３級
紋,４級
嘗,準１級
縁,４級
猥,１級
剱,対象外
慂,１級
犂,１級
惰,準２級
澳,１級
佛,１級 / 準１級
戊,準１級
貮,対象外
燃,６級
鑵,１級
儁,１級
嬌,１級
嚊,１級
窒,３級
悔,３級
鞣,１級
鴫,準１級
瞞,１級
聰,１級 / 準１級
梱,準１級
襦,１級
納,５級
齊,１級 / 準１級
鎬,１級
猩,１級
箆,準１級
作,９級
塵,準１級
躪,１級
惱,１級 / 準１級
戌,１級
嘘,準１級
慄,２級
鯣,１級
婁,準１級
動,８級
屠,１級
礎,３級
輕,１級 / 準１級
平,８級
探,５級
藥,１級 / 準１級
浦,準２級
髪,４級
蜥,１級
名,１０級
困,５級
崇,準２級
訝,１級
手,１０級
汚,４級
秣,１級
阻,３級
年,１０級
閨,１級
濾,１級
階,８級
鈔,１級
厩,準１級
扌,対象外
榧,１級
后,５級
彫,３級
囲,"７級
※補足欄参照"
屡,準１級
浩,準１級
禁,６級
婆,３級
才,９級
勗,１級
輙,１級
皙,１級
汝,準１級
网,対象外
醵,１級
阿,準１級
掣,１級
幵,１級
崋,対象外
訟,準２級
央,８級
布,６級
咢,１級
杪,１級
坿,１級
鬯,１級
覬,１級
該,３級
鶚,１級
丶,対象外
盾,４級
竚,１級
顎,２級
唯,準２級
畄,対象外
失,７級
馬,９級
淦,対象外
丸,９級
帆,３級
渫,１級
酥,１級
替,４級
懇,準２級
玩,２級
欒,１級
融,準２級
鐙,準１級
堋,１級
莠,１級
碧,準１級
匱,１級
杭,準１級
咤,１級
垂,５級
丹,４級
倫,準２級
煌,１級
鬱,２級
夲,１級
畆,対象外
省,７級
虍,対象外
馭,１級
群,"６級
※補足欄参照"
靜,１級 / 準１級
唱,７級
帋,対象外
斂,１級
瑞,準１級
轡,準１級
詳,４級
竜,準２級
淨,１級 / 準１級
主,８級
貯,"７級
※補足欄参照"
椄,１級
樽,準１級
慵,１級
痰,１級
柝,１級
悖,１級
般,４級
翼,４級
富,"６級
※補足欄参照"
衆,５級
石,１０級
須,２級
妨,３級
孺,１級
雋,１級
壗,対象外
旒,１級
黜,１級
檪,１級
萓,対象外
弑,１級
籠,２級
泛,１級
刎,１級
滷,１級
潜,３級
芍,１級
拍,４級
蕊,準１級
矼,１級
繃,１級
挾,１級 / 準１級
鰛,１級
被,４級
擣,１級
腑,１級
柞,１級
妬,２級
穀,５級
賣,１級 / 準１級
餤,１級
椅,２級
舮,対象外
貰,準１級
悗,対象外
痲,１級
諂,１級
行,９級
雌,４級
冫,対象外
寐,１級
騏,１級
芒,１級
薜,１級
砂,５級
慶,準２級
泝,１級
刑,３級
拏,１級
萠,準１級
吏,３級
溜,準１級
怯,準１級
喞,１級
藩,３級
俛,１級
鷸,１級
豎,準１級
疉,対象外
褄,１級
笥,準１級
儂,１級
迪,１級
龕,１級
佝,１級
嶢,１級
从,対象外
燈,１級 / 準１級
茖,対象外
錮,２級
嬖,１級
楜,対象外
精,６級
暮,５級
絢,準１級
猪,準１級
霑,１級
綸,１級
鑷,１級
齋,１級 / 準１級
吐,４級
怱,１級
仏,６級
徳,"６級
※補足欄参照"
践,準２級
戍,１級
鎭,１級 / 準１級
傲,２級
襪,１級
諺,準１級
蟻,準１級
迫,４級
佞,１級
保,６級
喟,１級
溝,準２級
符,３級
支,６級
茗,１級
向,８級
豐,１級 / 準１級
仔,準１級
複,６級
割,５級
槽,準２級
最,７級
犇,１級
秤,準１級
築,６級
驤,１級
爨,１級
礑,１級
鮖,１級
汞,１級
梳,１級
随,３級
勘,３級
嚏,１級
聲,１級 / 準１級
遭,３級
晋,準１級
撚,準１級
榮,１級 / 準１級
赤,１０級
止,９級
崎,"準２級
※補足欄参照"
逶,対象外
兒,１級 / 準１級
廚,準１級
膨,３級
簣,１級
蒄,対象外
會,１級 / 準１級
謹,準２級
搏,１級
江,準２級
嘛,１級
殳,対象外
剳,１級
正,１０級
犒,１級
銭,６級
秦,準１級
鞦,１級
赦,３級
蓮,準１級
槿,１級
癜,１級
梵,１級
瓦,２級
譴,１級
鴬,準１級
澹,１級
窓,５級
鶤,１級
乎,準１級
垈,対象外
紐,準１級
浪,３級
馮,１級
罒,対象外
纃,１級
腓,１級
丼,２級
彬,準１級
婉,１級
匳,１級
瀁,１級
瓧,１級
鐚,１級
鰡,対象外
輛,１級
邱,１級
瞠,１級
皚,１級
蛔,１級
陀,準１級
罔,１級
椈,１級
玳,１級
乏,３級
灣,１級 / 準１級
塹,１級
想,８級
訣,準１級
慇,１級
淪,１級
垉,対象外
浬,準１級
純,５級
乕,対象外
窕,１級
瓩,１級
醸,準２級
馳,準１級
丿,対象外
堕,準２級
扎,１級
絣,１級
蜩,１級
酩,１級
懈,１級
柢,１級
畉,対象外
尅,対象外
桐,準１級
眄,１級
黝,１級
滸,１級
胖,１級
舳,１級
打,８級
図,９級
竝,１級 / 準１級
禄,準１級
痳,１級
箇,４級
擦,３級
欖,１級
詼,１級
鱠,１級
畊,対象外
堙,１級
柤,１級
眇,１級
桑,３級
騒,４級
払,４級
胙,１級
舵,準１級
給,７級
酪,準２級
蜴,１級
将,５級
囹,１級
縄,"準２級
※補足欄参照"
頌,１級
虎,２級
飆,１級
橄,１級
耀,準１級
袮,対象外
疊,１級 / 準１級
妲,１級
杯,４級
閭,１級
鈕,１級
希,７級
壘,１級 / 準１級
莢,１級
迭,準２級
顏,１級 / 準１級
咥,１級
逸,準２級
層,５級
芙,準１級
煎,２級
并,１級
蒋,準１級
綺,１級
搓,１級
厭,準１級
拐,準２級
泡,準２級
刔,１級
倬,１級
虐,３級
妹,９級
諄,１級
赧,１級
帑,１級
接,６級
縅,１級
杰,対象外
袰,１級
咨,１級
鈞,１級
頏,１級
芝,４級
非,６級
迯,対象外
轢,１級
閲,３級
幸,８級
壙,１級
列,８級
橇,１級
莨,１級
逹,対象外
篋,１級
冬,９級
楝,１級
邵,１級
蹟,準１級
髫,１級
暴,６級
旗,７級
臣,７級
錯,３級
蕋,準１級
玻,１級
怺,１級
燉,１級
嶬,１級
檬,１級
蛙,準１級
霓,１級
碩,準１級
聳,１級
繆,１級
潟,"準２級
※補足欄参照"
喧,準１級
臥,準１級
冰,対象外
螟,１級
犖,１級
瑟,１級
籤,１級
廛,１級
砌,１級
邸,準２級
悚,１級
鎮,３級
龜,１級 / 準１級
雍,１級
穂,３級
羨,２級
珀,１級
臧,１級
褊,１級
恁,１級
鞨,１級
冱,１級
暸,対象外
薤,１級
蹠,１級
楞,１級
斃,１級
麟,準１級
蛛,準１級
晏,１級
殴,３級
隔,３級
夷,準１級
覯,１級
池,９級
乂,１級
陂,１級
藪,準１級
弓,９級
嚔,１級
乃,準１級
仕,８級
挿,準２級
億,７級
務,６級
惴,１級
護,６級
唳,１級
遮,準２級
皮,８級
塾,準２級
徴,４級
弔,準２級
乖,１級
佩,１級
俟,１級
賤,準１級
戎,準１級
久,６級
齎,１級
夸,１級
貲,１級
汢,対象外
附,準２級
館,８級
鷹,準１級
皰,１級
鑼,１級
寒,８級
晒,準１級
紕,１級
驥,１級
他,８級
將,１級 / 準１級
慷,１級
跼,１級
引,９級
膩,１級
之,準１級
段,５級
梶,準１級
諾,３級
銷,１級
鱧,１級
唸,１級
汨,１級
隕,１級
夾,１級
乍,準１級
佯,１級
弖,１級
捉,２級
糀,１級
此,準１級
兔,準１級
宀,対象外
攴,対象外
測,６級
椋,準１級
君,８級
它,対象外
堝,１級
訥,１級
嬢,３級
撞,準１級
桓,準１級
瞥,準１級
纈,１級
武,６級
嘩,準１級
瓮,１級
笨,１級
攵,対象外
慈,３級
蓴,１級
兹,対象外
萢,１級
秧,１級
宅,５級
党,５級
糂,１級
吝,１級
堡,１級
收,１級 / 準１級
溟,１級
豕,１級
乇,対象外
渭,１級
椌,対象外
訪,５級
丄,対象外
丅,対象外
丌,対象外
丒,対象外
丟,対象外
丣,対象外
两,対象外
丫,１級
丮,対象外
丯,対象外
丵,対象外
乀,対象外
乁,対象外
乄,対象外
乑,対象外
乚,対象外
乜,対象外
乣,対象外
乩,対象外
乴,対象外
乵,対象外
乹,対象外
亍,対象外
亝,対象外
亯,対象外
伷,対象外
侌,対象外
侎,対象外
侽,対象外
俠,準１級
俼,対象外
偀,対象外
傎,対象外
傡,対象外
僱,対象外
儨,対象外
兏,対象外
兤,対象外
兦,対象外
冣,対象外
凮,対象外
刱,１級
剦,対象外
勄,対象外
勖,１級
勪,対象外
匘,対象外
匛,対象外
匧,対象外
匲,対象外
卋,対象外
卥,対象外
卭,対象外
卹,１級
厸,対象外
叓,対象外
叠,対象外
呧,対象外
响,対象外
啞,準１級
嚙,準１級
囊,準１級
囏,対象外
囟,対象外
坵,対象外
堦,対象外
塟,対象外
壄,対象外
壐,対象外
夤,対象外
奙,対象外
姮,１級
媿,対象外
孯,対象外
宆,対象外
寗,対象外
屢,準１級
屭,１級
帀,準１級
幫,１級
弎,対象外
弽,対象外
徏,対象外
忇,対象外
忉,対象外
忋,対象外
忐,対象外
忑,対象外
忒,対象外
忓,対象外
忔,対象外
忞,対象外
忡,対象外
忢,対象外
忨,対象外
忪,対象外
忬,対象外
忭,対象外
忮,対象外
忯,対象外
忲,対象外
忳,対象外
忶,対象外
忺,対象外
忼,対象外
怇,対象外
怊,対象外
怍,対象外
怓,対象外
怔,対象外
怗,対象外
怘,対象外
怚,対象外
怟,対象外
怤,対象外
怭,対象外
怳,対象外
怵,対象外
恀,対象外
恇,対象外
恈,対象外
恉,対象外
恌,対象外
恑,対象外
恔,対象外
恖,対象外
恗,対象外
恝,対象外
恡,対象外
恧,対象外
恱,対象外
恾,対象外
恿,対象外
悂,対象外
悆,対象外
悈,対象外
悊,対象外
悎,対象外
悑,対象外
悕,対象外
悘,対象外
悝,対象外
悞,対象外
悢,対象外
悤,１級
悥,対象外
您,対象外
悰,対象外
悱,対象外
悷,対象外
悻,対象外
悾,１級
惂,対象外
惄,対象外
惈,対象外
惉,対象外
惊,対象外
惋,対象外
惎,対象外
惏,対象外
惔,対象外
惕,対象外
惙,対象外
惛,対象外
惝,対象外
惢,対象外
惥,対象外
惲,対象外
惵,対象外
惸,対象外
惼,対象外
惽,対象外
愂,対象外
愇,対象外
愊,対象外
愌,対象外
愐,対象外
愑,対象外
愒,１級
愓,対象外
愔,対象外
愖,対象外
愗,対象外
愙,対象外
愜,対象外
愞,対象外
愢,対象外
愪,対象外
愫,対象外
愰,対象外
愵,対象外
愶,対象外
愷,対象外
愹,対象外
慁,対象外
慅,対象外
慆,対象外
慉,対象外
慞,対象外
慠,１級
慬,対象外
慲,対象外
慸,対象外
慻,対象外
慼,対象外
慿,対象外
憀,対象外
憁,対象外
憃,対象外
憄,対象外
憋,対象外
憍,対象外
憒,対象外
憓,対象外
憗,対象外
憘,対象外
憜,対象外
憝,対象外
憟,対象外
憠,対象外
憥,対象外
憨,対象外
憪,対象外
憭,対象外
憸,対象外
憹,対象外
憼,対象外
懀,対象外
懁,対象外
懂,対象外
懎,対象外
懏,対象外
懕,対象外
懜,対象外
懝,対象外
懞,対象外
懟,対象外
懡,対象外
懢,対象外
懧,対象外
懩,対象外
懥,対象外
懬,対象外
懭,対象外
懯,対象外
戁,対象外
戃,対象外
戄,対象外
戇,対象外
戓,対象外
戕,対象外
戜,対象外
戢,対象外
戣,対象外
戩,対象外
戫,対象外
戹,対象外
戽,対象外
扂,対象外
扃,対象外
扄,対象外
扆,対象外
扐,対象外
扑,対象外
扒,対象外
扔,対象外
扖,対象外
扚,対象外
扜,対象外
扤,対象外
扭,対象外
扯,対象外
扳,対象外
扺,対象外
扽,対象外
抍,対象外
抎,対象外
抏,対象外
抐,対象外
抦,対象外
抨,対象外
抳,対象外
抶,対象外
抷,対象外
抺,対象外
抾,対象外
抿,対象外
拄,対象外
拎,対象外
拕,対象外
拖,対象外
拚,対象外
拪,対象外
拲,対象外
拴,対象外
拼,対象外
拽,対象外
挃,対象外
挄,対象外
挋,対象外
挍,対象外
挐,対象外
挓,対象外
挖,対象外
挘,１級
挩,対象外
挪,対象外
挭,対象外
挶,対象外
挹,対象外
挼,対象外
捁,対象外
捂,対象外
捃,対象外
捄,対象外
捆,対象外
捊,対象外
捋,対象外
捎,対象外
捒,対象外
捓,１級
捔,対象外
捘,対象外
捛,対象外
捥,対象外
捦,対象外
捬,対象外
捭,対象外
捱,対象外
捴,対象外
捵,対象外
捸,対象外
捼,対象外
捽,対象外
捿,対象外
掂,対象外
掄,対象外
掇,対象外
掊,対象外
掐,対象外
掔,対象外
掕,対象外
掙,対象外
掚,対象外
掞,対象外
掤,対象外
掦,対象外
掭,対象外
掮,対象外
掯,対象外
掽,対象外
揁,対象外
揅,対象外
揈,対象外
揎,対象外
揑,対象外
揓,対象外
揔,対象外
揕,対象外
揜,対象外
揠,対象外
揥,対象外
揪,対象外
揬,対象外
揲,対象外
揳,対象外
揵,対象外
揸,対象外
揹,対象外
搉,対象外
搊,対象外
搐,対象外
搒,対象外
搔,準１級
搘,対象外
搞,対象外
搠,対象外
搢,対象外
搤,１級
搥,対象外
搩,対象外
搪,対象外
搯,対象外
搰,対象外
搵,対象外
搽,対象外
搿,対象外
摋,対象外
摏,１級
摒,対象外
摓,対象外
摔,対象外
摚,対象外
摛,対象外
摜,対象外
摝,対象外
摟,対象外
摠,対象外
摡,対象外
摣,対象外
摭,対象外
摳,対象外
摴,対象外
摻,対象外
摽,対象外
撅,対象外
撇,対象外
撏,対象外
撐,対象外
撑,対象外
撘,対象外
撙,対象外
撛,対象外
撝,対象外
撟,対象外
撡,対象外
撣,対象外
撦,対象外
撨,対象外
撬,対象外
撳,対象外
撽,対象外
撾,対象外
撿,対象外
擄,対象外
擉,対象外
擊,１級 / 準１級
擋,対象外
擌,対象外
擎,対象外
擐,対象外
擑,対象外
擕,対象外
擗,対象外
擤,対象外
擥,対象外
擩,対象外
擪,対象外
擭,対象外
擰,対象外
擵,対象外
擷,対象外
擻,対象外
擿,対象外
攁,対象外
攄,対象外
攈,対象外
攉,対象外
攊,対象外
攏,対象外
攓,対象外
攔,対象外
攖,対象外
攙,対象外
攛,対象外
攞,対象外
攟,対象外
攢,１級
攦,対象外
攩,対象外
攮,対象外
攱,対象外
攺,対象外
攼,対象外
攽,対象外
敃,対象外
敇,対象外
敉,対象外
敐,対象外
敒,対象外
敔,対象外
敟,対象外
敠,対象外
敧,対象外
敺,対象外
敽,対象外
斁,対象外
斅,対象外
斊,対象外
斒,対象外
斕,対象外
斘,対象外
斝,対象外
斠,対象外
斣,対象外
斦,対象外
斮,対象外
斲,対象外
斳,対象外
斴,対象外
旂,対象外
旈,対象外
旎,対象外
旐,対象外
旔,対象外
旖,対象外
旟,対象外
旰,１級
旲,対象外
旴,対象外
旵,対象外
旹,対象外
旾,対象外
旿,対象外
昀,対象外
昄,対象外
昈,対象外
昉,対象外
昍,対象外
昑,対象外
昒,対象外
昕,対象外
昖,対象外
昝,対象外
昞,対象外
昡,対象外
昢,対象外
昣,対象外
昤,対象外
昦,対象外
昩,対象外
昪,対象外
昫,対象外
昬,対象外
昮,対象外
昰,対象外
昱,対象外
昳,対象外
昹,対象外
昷,対象外
晀,対象外
晅,対象外
晆,対象外
晊,対象外
晌,対象外
晑,対象外
晎,対象外
晗,対象外
晘,対象外
晙,対象外
晛,対象外
晜,対象外
晠,対象外
晡,対象外
曻,対象外
晪,対象外
晫,対象外
晬,対象外
晾,対象外
晳,１級
晵,対象外
晿,対象外
晷,対象外
晸,対象外
晹,対象外
晻,対象外
暀,対象外
晼,対象外
暋,対象外
暌,対象外
暍,対象外
暐,対象外
暒,対象外
暙,対象外
暛,対象外
暜,対象外
暟,対象外
暠,対象外
暤,対象外
暭,対象外
暱,対象外
暲,対象外
暵,対象外
暻,対象外
暿,対象外
曀,対象外
曂,対象外
曃,対象外
曈,対象外
曌,対象外
曎,対象外
曏,対象外
曔,対象外
曛,対象外
曟,対象外
曨,対象外
曫,対象外
曬,１級
曮,対象外
曺,対象外
朅,対象外
朇,対象外
朎,対象外
朓,対象外
朙,対象外
朜,対象外
朠,対象外
朢,対象外
朳,対象外
朾,対象外
杅,対象外
杇,対象外
杈,対象外
杌,対象外
杔,対象外
杕,対象外
杝,対象外
杦,対象外
杬,対象外
杮,対象外
杴,対象外
杶,対象外
杻,対象外
极,対象外
构,対象外
枎,対象外
枏,対象外
枑,対象外
枓,対象外
枖,対象外
枘,対象外
枙,対象外
枛,対象外
枰,対象外
枱,対象外
枲,対象外
枵,対象外
枻,対象外
枼,対象外
枽,対象外
柹,対象外
柀,対象外
柂,対象外
柃,対象外
柅,対象外
柈,対象外
柉,対象外
柒,対象外
柗,対象外
柙,対象外
柜,対象外
柡,対象外
柦,対象外
柰,対象外
柲,対象外
柶,対象外
柷,対象外
桒,対象外
栔,対象外
栙,対象外
栝,対象外
栟,対象外
栨,対象外
栧,対象外
栬,対象外
栭,対象外
栯,対象外
栰,対象外
栱,対象外
栳,対象外
栻,対象外
栿,対象外
桄,１級
桅,対象外
桊,対象外
桌,対象外
桕,対象外
桗,対象外
桘,対象外
桛,１級
桫,対象外
桮,対象外
桯,対象外
桰,対象外
桱,対象外
桲,対象外
桵,対象外
桹,対象外
桺,対象外
桻,対象外
梂,対象外
梄,対象外
梆,対象外
梈,対象外
梖,対象外
梘,対象外
梚,対象外
梜,対象外
梡,対象外
梣,対象外
梥,対象外
梩,対象外
梪,対象外
梮,対象外
梲,１級
梻,１級
棅,対象外
棈,対象外
棌,対象外
棏,対象外
棐,対象外
棑,対象外
棓,対象外
棖,対象外
棙,対象外
棜,対象外
棝,対象外
棥,対象外
棨,対象外
棪,対象外
棫,対象外
棬,対象外
棭,対象外
棰,対象外
棱,対象外
棵,対象外
棶,対象外
棻,対象外
棼,対象外
棽,対象外
椆,対象外
椉,対象外
椊,対象外
椐,対象外
椑,対象外
椓,対象外
椖,対象外
椗,対象外
椱,対象外
椳,対象外
椵,対象外
椸,対象外
椻,対象外
楂,対象外
楅,対象外
楉,対象外
楎,対象外
楗,対象外
楛,対象外
楣,対象外
楤,対象外
楥,対象外
楦,対象外
楨,対象外
楩,対象外
楬,対象外
楰,対象外
楱,対象外
楲,対象外
楺,対象外
楻,対象外
楿,対象外
榀,１級
榍,対象外
榒,対象外
榖,対象外
榘,対象外
榡,対象外
榥,対象外
榦,対象外
榨,対象外
榫,対象外
榭,対象外
榯,対象外
榷,対象外
榸,対象外
榺,対象外
榼,対象外
槅,対象外
槈,対象外
槑,対象外
槖,対象外
槗,対象外
槢,対象外
槥,対象外
槮,対象外
槯,対象外
槱,対象外
槳,対象外
槵,対象外
槾,対象外
樀,対象外
樁,対象外
樃,対象外
樏,対象外
樑,対象外
樕,対象外
樚,対象外
樝,対象外
樠,対象外
樤,対象外
樨,対象外
樰,対象外
樲,対象外
樴,対象外
樻,対象外
樾,対象外
樿,対象外
橅,対象外
橆,対象外
橉,対象外
橊,対象外
橎,対象外
橐,対象外
橑,対象外
橒,対象外
橕,対象外
橖,対象外
橛,対象外
橤,対象外
橧,対象外
橪,対象外
橱,対象外
橳,対象外
橾,対象外
檁,対象外
檃,対象外
檆,対象外
檇,対象外
檉,対象外
檋,１級
檑,対象外
檛,対象外
檝,対象外
檞,対象外
檟,対象外
檥,対象外
檫,対象外
檯,対象外
檰,対象外
檱,対象外
檴,対象外
檽,対象外
檾,対象外
檿,対象外
櫆,対象外
櫉,対象外
櫌,対象外
櫜,対象外
櫝,対象外
櫤,対象外
櫱,１級
櫽,対象外
歖,対象外
歝,対象外
泴,対象外
潑,準１級
澍,対象外
瀆,準１級
灔,対象外
灎,対象外
灵,対象外
灶,対象外
焰,準１級
爴,対象外
牎,対象外
牕,対象外
犴,対象外
猂,対象外
玆,対象外
玎,対象外
玐,対象外
玓,対象外
玕,対象外
玗,対象外
玘,対象外
玜,対象外
玞,対象外
玟,対象外
玠,対象外
玢,対象外
玥,対象外
玦,対象外
玪,対象外
玫,１級
玭,対象外
玵,対象外
玷,対象外
玼,対象外
玽,対象外
玿,対象外
珅,対象外
珆,対象外
珉,対象外
珋,対象外
珌,対象外
珏,対象外
珒,対象外
珓,対象外
珖,対象外
珙,対象外
珝,対象外
珡,対象外
珣,対象外
珦,対象外
珧,対象外
珩,対象外
珴,対象外
珵,対象外
珷,対象外
珹,対象外
珺,対象外
珻,対象外
珽,対象外
珿,対象外
琀,対象外
琁,対象外
琄,対象外
琇,対象外
琊,対象外
琑,対象外
琚,対象外
琛,対象外
琤,対象外
琦,対象外
琨,対象外
琩,対象外
琪,対象外
琫,対象外
琬,対象外
琭,対象外
琮,対象外
琯,対象外
琰,対象外
琱,対象外
琹,対象外
瑀,対象外
瑃,対象外
瑄,対象外
瑆,対象外
瑇,１級
瑋,対象外
瑍,対象外
瑑,対象外
瑒,対象外
瑗,対象外
瑝,対象外
瑢,対象外
瑦,対象外
瑧,対象外
瑨,対象外
瑫,対象外
瑭,対象外
瑮,対象外
瑱,対象外
瑲,対象外
璀,対象外
璁,対象外
璅,対象外
璆,対象外
璇,１級
璉,対象外
璏,対象外
璐,対象外
璑,対象外
璒,対象外
璘,対象外
璙,対象外
璚,対象外
璜,対象外
璟,対象外
璠,対象外
璡,対象外
璣,対象外
璦,対象外
璨,対象外
璩,対象外
璪,対象外
璫,対象外
璮,対象外
璯,対象外
璱,対象外
璲,対象外
璵,対象外
璹,対象外
璻,対象外
璿,対象外
瓈,対象外
瓉,対象外
瓌,対象外
瓐,対象外
瓓,対象外
瓘,対象外
瓚,対象外
瓛,対象外
瓞,対象外
瓟,対象外
瓤,対象外
瓨,対象外
瓪,対象外
瓫,対象外
瓯,対象外
瓴,対象外
瓺,対象外
瓻,対象外
瓼,対象外
瓿,対象外
甆,対象外
甒,対象外
甖,対象外
甗,対象外
甠,対象外
甡,対象外
甤,対象外
甧,対象外
甩,対象外
甪,対象外
甯,対象外
甶,対象外
甹,対象外
甽,対象外
甾,対象外
甿,対象外
畃,対象外
畇,対象外
畈,対象外
畎,対象外
畒,対象外
畗,対象外
畞,対象外
畟,対象外
畯,対象外
畱,対象外
畹,対象外
畺,対象外
畼,対象外
畽,対象外
畾,対象外
疁,対象外
疅,対象外
疐,対象外
疓,対象外
疕,対象外
疙,対象外
疜,対象外
疢,対象外
疤,対象外
疴,対象外
疺,対象外
疿,対象外
痀,対象外
痁,対象外
痄,対象外
痆,対象外
痌,対象外
痎,対象外
痏,対象外
痗,対象外
痜,対象外
痟,対象外
痠,対象外
痡,対象外
痤,対象外
痧,対象外
痬,対象外
痮,対象外
痯,対象外
痱,対象外
痹,１級
瘀,対象外
瘂,対象外
瘃,対象外
瘄,対象外
瘇,対象外
瘈,対象外
瘊,対象外
瘌,対象外
瘏,対象外
瘒,対象外
瘓,対象外
瘕,対象外
瘖,対象外
瘙,対象外
瘛,対象外
瘜,対象外
瘝,対象外
瘞,対象外
瘣,対象外
瘥,対象外
瘦,１級 / 準１級
瘩,対象外
瘭,対象外
瘲,対象外
瘳,対象外
瘵,対象外
瘸,対象外
瘹,対象外
瘺,対象外
瘼,対象外
癊,対象外
癀,対象外
癁,対象外
癃,対象外
癄,対象外
癅,対象外
癉,対象外
癋,対象外
癕,対象外
癙,対象外
癟,対象外
癤,対象外
癥,対象外
癭,１級
癮,対象外
癯,対象外
癱,対象外
癴,１級
皁,１級
皅,対象外
皌,対象外
皕,対象外
皛,対象外
皜,対象外
皝,対象外
皟,対象外
皠,対象外
皢,対象外
皣,対象外
皤,対象外
皥,対象外
皦,対象外
皧,対象外
皨,対象外
皪,対象外
皭,対象外
皽,対象外
盁,対象外
盅,対象外
盉,対象外
盋,対象外
盌,準１級
盎,対象外
盔,対象外
盙,対象外
盠,対象外
盦,対象外
盨,対象外
盬,対象外
盰,対象外
盱,対象外
盶,対象外
盹,対象外
盼,対象外
眀,対象外
眆,対象外
眊,対象外
眎,対象外
眒,対象外
眔,対象外
眕,対象外
眗,対象外
眙,対象外
眚,対象外
眜,対象外
眢,対象外
眨,対象外
眭,対象外
眮,対象外
眯,対象外
眴,対象外
眵,対象外
眶,対象外
眹,対象外
眽,対象外
眾,対象外
睂,対象外
睅,対象外
睆,対象外
睊,対象外
睍,対象外
睎,対象外
睏,対象外
睒,対象外
睖,対象外
睗,対象外
睜,対象外
睞,対象外
睟,対象外
睠,対象外
睢,対象外
睤,対象外
睧,対象外
睪,対象外
睬,対象外
睰,対象外
睲,対象外
睳,対象外
睴,対象外
睺,対象外
睽,対象外
瞀,対象外
瞄,対象外
瞌,対象外
瞍,対象外
瞔,対象外
瞕,対象外
瞖,対象外
瞚,対象外
瞟,対象外
瞢,対象外
瞧,対象外
瞪,対象外
瞮,対象外
瞯,対象外
瞱,対象外
瞵,対象外
瞾,対象外
矃,対象外
矉,対象外
矑,対象外
矒,対象外
矕,対象外
矙,対象外
矞,対象外
矟,対象外
矠,対象外
矤,対象外
矪,対象外
矬,対象外
矰,対象外
矱,対象外
矴,対象外
矸,対象外
矻,１級
砅,対象外
砆,対象外
砉,対象外
砍,対象外
砎,対象外
砑,対象外
砝,対象外
砡,対象外
砢,対象外
砣,対象外
砭,対象外
砮,対象外
砰,対象外
砵,対象外
砷,対象外
硃,対象外
硄,対象外
硇,対象外
硈,対象外
硌,対象外
硎,対象外
硒,対象外
硜,対象外
硞,対象外
硠,対象外
硡,対象外
硣,対象外
硤,対象外
硨,対象外
硪,対象外
确,対象外
硺,対象外
硾,対象外
碊,対象外
碏,対象外
碔,対象外
碘,対象外
碡,対象外
碝,対象外
碞,対象外
碟,対象外
碤,対象外
碨,対象外
碬,対象外
碭,対象外
碰,対象外
碱,対象外
碲,対象外
碳,対象外
碻,対象外
碽,対象外
碿,対象外
磇,対象外
磈,対象外
磉,対象外
磌,対象外
磎,対象外
磒,対象外
磓,対象外
磕,対象外
磖,対象外
磤,対象外
磛,対象外
磟,対象外
磠,対象外
磡,対象外
磦,対象外
磪,対象外
磲,対象外
磳,対象外
礀,対象外
磶,対象外
磷,対象外
磺,対象外
磻,対象外
磿,対象外
礆,対象外
礌,対象外
礐,対象外
礚,対象外
礜,対象外
礞,対象外
礟,対象外
礠,対象外
礥,対象外
礧,対象外
礩,対象外
礭,対象外
礱,対象外
礴,対象外
礵,対象外
礽,対象外
礿,対象外
祄,対象外
祅,対象外
祆,対象外
祊,対象外
祋,対象外
祏,対象外
祑,対象外
祔,対象外
祘,対象外
祛,対象外
祜,対象外
祧,対象外
祩,対象外
祫,対象外
祲,対象外
祹,対象外
祻,対象外
祼,対象外
祾,対象外
禋,対象外
禌,対象外
禑,対象外
禓,対象外
禔,対象外
禕,対象外
禖,対象外
禘,対象外
禛,対象外
禜,対象外
禡,対象外
禨,対象外
禩,対象外
禫,対象外
禯,対象外
禱,準１級
禴,対象外
秂,対象外
秄,対象外
秇,対象外
秈,対象外
秏,対象外
秔,対象外
秖,対象外
秚,対象外
秝,対象外
秞,対象外
秠,対象外
秢,対象外
秥,対象外
秪,対象外
秫,対象外
秭,対象外
秱,対象外
秸,対象外
秼,対象外
稂,対象外
稃,対象外
稇,対象外
稉,対象外
稊,対象外
稌,対象外
稑,対象外
稕,対象外
稛,対象外
稞,対象外
稡,対象外
稧,対象外
稫,対象外
稭,対象外
稯,対象外
稰,対象外
稴,対象外
稵,対象外
稸,対象外
稹,対象外
稺,対象外
穄,対象外
穅,対象外
穇,対象外
穈,対象外
穌,対象外
穕,対象外
穖,対象外
穙,対象外
穜,対象外
穝,対象外
穟,対象外
穠,対象外
穥,対象外
穧,対象外
穪,対象外
穭,対象外
穵,対象外
穸,対象外
穾,対象外
窀,対象外
窂,対象外
窅,対象外
窆,対象外
窊,対象外
窋,対象外
窐,対象外
窑,対象外
窔,対象外
窞,対象外
窠,対象外
窣,対象外
窬,対象外
窳,対象外
窵,対象外
窹,対象外
窻,対象外
窼,対象外
竆,対象外
竉,対象外
竌,対象外
竎,対象外
竑,対象外
竛,対象外
竨,対象外
竩,対象外
竫,対象外
竬,対象外
竱,対象外
竴,対象外
竻,対象外
竽,１級
竾,対象外
笇,対象外
笔,対象外
笟,対象外
笣,対象外
笧,対象外
笪,対象外
笫,対象外
笭,対象外
笮,対象外
笯,対象外
笰,対象外
笱,対象外
笴,対象外
笽,対象外
笿,対象外
筀,対象外
筁,対象外
筇,対象外
筎,対象外
筕,対象外
筠,対象外
筤,対象外
筦,対象外
筩,対象外
筪,対象外
筭,対象外
筯,対象外
筲,１級
筳,対象外
筷,対象外
箄,対象外
箉,対象外
箎,対象外
箐,対象外
箑,対象外
箖,対象外
箛,対象外
箞,対象外
箠,対象外
箥,対象外
箬,対象外
箯,対象外
箰,対象外
箲,対象外
箵,対象外
箶,対象外
箺,対象外
箻,対象外
箼,対象外
箽,対象外
篂,対象外
篅,対象外
篈,対象外
篊,対象外
篔,対象外
篖,対象外
篗,対象外
篙,対象外
篚,対象外
篛,対象外
篨,対象外
篪,１級
篲,対象外
篴,対象外
篵,対象外
篸,対象外
篹,対象外
篺,対象外
篼,対象外
篾,対象外
簁,対象外
簂,対象外
簃,対象外
簄,対象外
簆,対象外
簉,対象外
簋,対象外
簌,対象外
簎,対象外
簏,対象外
簙,対象外
簛,対象外
簠,対象外
簥,対象外
簦,対象外
簨,対象外
簬,対象外
簱,対象外
簳,対象外
簴,対象外
簶,対象外
簹,対象外
簺,対象外
籆,対象外
籊,対象外
籑,対象外
籒,１級
籓,対象外
籙,１級
籚,対象外
籛,対象外
籜,対象外
籝,対象外
籞,対象外
籡,１級
籣,対象外
籧,対象外
籩,対象外
籭,対象外
籮,対象外
籰,対象外
籲,対象外
籹,対象外
籼,対象外
籽,対象外
粆,対象外
粇,対象外
粏,１級
粔,対象外
粞,対象外
粠,対象外
粰,対象外
粶,対象外
粷,対象外
粺,対象外
粻,対象外
粼,対象外
粿,対象外
糄,対象外
糇,対象外
糈,対象外
糉,対象外
糍,対象外
糏,対象外
糓,対象外
糔,対象外
糕,対象外
糗,対象外
糙,対象外
糚,対象外
糝,１級
糦,対象外
糩,対象外
糫,対象外
糵,対象外
紃,対象外
紇,対象外
紈,対象外
紉,１級
紏,対象外
紑,対象外
紒,対象外
紓,対象外
紖,対象外
紝,対象外
紞,対象外
紣,対象外
紦,対象外
紪,対象外
紭,対象外
紱,対象外
紼,対象外
紽,対象外
紾,対象外
絀,対象外
絁,対象外
絇,対象外
絈,対象外
絍,対象外
絑,対象外
絓,対象外
絗,対象外
絙,対象外
絚,対象外
絝,対象外
絥,対象外
絧,対象外
絪,対象外
絰,対象外
絸,対象外
絺,対象外
絻,対象外
絿,対象外
綁,対象外
綂,対象外
綃,対象外
綅,対象外
綆,対象外
綈,対象外
綋,対象外
綌,対象外
綍,対象外
綑,対象外
綖,対象外
綗,対象外
綝,対象外
綞,対象外
綦,１級
綧,対象外
綪,対象外
綳,対象外
綶,対象外
綷,対象外
綹,対象外
緂,対象外
緃,対象外
緄,対象外
緅,対象外
緆,対象外
緌,対象外
緍,対象外
緎,対象外
緗,対象外
緙,対象外
縀,対象外
緢,対象外
緥,対象外
緦,対象外
緪,対象外
緫,対象外
緭,対象外
緱,対象外
緵,対象外
緶,対象外
緹,対象外
緺,対象外
縈,対象外
縐,対象外
縑,対象外
縕,１級
縗,対象外
縜,対象外
縝,対象外
縠,対象外
縧,対象外
縨,対象外
縬,対象外
縭,対象外
縯,対象外
縳,対象外
縶,対象外
縿,対象外
繄,対象外
繅,対象外
繇,対象外
繎,対象外
繐,対象外
繒,対象外
繘,対象外
繟,対象外
繡,準１級
繢,対象外
繥,対象外
繫,準１級
繮,対象外
繯,対象外
繳,１級
繸,対象外
繾,対象外
纁,対象外
纆,対象外
纇,対象外
纊,１級
纍,対象外
纑,対象外
纕,対象外
纘,１級
纚,対象外
纝,対象外
纞,対象外
缻,対象外
缽,対象外
缾,対象外
缿,対象外
罃,対象外
罄,対象外
罇,対象外
罏,対象外
罓,対象外
罛,対象外
罜,対象外
罝,対象外
罡,対象外
罣,対象外
罤,対象外
罥,対象外
罦,対象外
罭,対象外
罱,対象外
罽,対象外
罾,対象外
罿,対象外
羀,対象外
羋,対象外
羍,対象外
羏,対象外
羐,対象外
羑,対象外
羖,対象外
羗,対象外
羜,対象外
羡,対象外
羢,対象外
羦,対象外
羪,対象外
羭,対象外
羴,対象外
羼,対象外
羿,対象外
翀,対象外
翃,対象外
翈,対象外
翎,対象外
翏,対象外
翛,対象外
翟,対象外
翣,対象外
翥,対象外
翨,対象外
翬,対象外
翮,対象外
翯,対象外
翲,対象外
翺,対象外
翽,対象外
翾,対象外
翿,対象外
耇,対象外
耈,対象外
耊,対象外
耍,対象外
耎,対象外
耏,対象外
耓,対象外
耔,対象外
耖,対象外
耝,対象外
耞,対象外
耟,対象外
耠,対象外
耤,対象外
耦,１級
耬,対象外
耮,対象外
耰,対象外
耴,対象外
耵,対象外
耷,対象外
耹,対象外
耺,対象外
耼,対象外
耾,対象外
聀,対象外
聄,対象外
聠,対象外
聤,対象外
聦,対象外
聭,対象外
聱,対象外
聵,対象外
肁,対象外
肈,対象外
肎,対象外
肜,対象外
肞,対象外
肦,対象外
肧,対象外
肫,対象外
肸,対象外
肹,対象外
胈,対象外
胍,対象外
胏,対象外
胒,対象外
胔,対象外
胕,対象外
胗,対象外
胘,対象外
胠,対象外
胭,対象外
胮,対象外
胰,対象外
胲,対象外
胳,対象外
胶,対象外
胹,対象外
胺,対象外
胾,対象外
脃,対象外
脋,対象外
脖,対象外
脘,対象外
脜,対象外
脞,対象外
脠,対象外
脤,対象外
脧,対象外
脬,対象外
脰,対象外
脵,対象外
脺,対象外
脼,対象外
腅,対象外
腇,対象外
腊,対象外
腌,対象外
腒,対象外
腗,対象外
腠,１級
腡,対象外
腧,対象外
腨,対象外
腩,対象外
腭,対象外
腯,対象外
腷,対象外
膁,対象外
膐,対象外
膄,対象外
膅,対象外
膆,対象外
膋,対象外
膎,対象外
膖,対象外
膘,対象外
膛,対象外
膞,対象外
膢,対象外
膮,対象外
膲,対象外
膴,対象外
膻,対象外
臋,対象外
臃,対象外
臅,対象外
臊,対象外
臎,対象外
臏,対象外
臕,対象外
臗,対象外
臛,対象外
臝,対象外
臞,対象外
臡,対象外
臤,対象外
臫,対象外
臬,対象外
臰,対象外
臱,対象外
臲,対象外
臵,対象外
臶,対象外
臸,対象外
臹,対象外
臽,対象外
臿,対象外
舀,対象外
舃,対象外
舏,対象外
舓,対象外
舔,対象外
舙,対象外
舚,対象外
舝,対象外
舡,対象外
舢,対象外
舨,対象外
舲,対象外
舴,対象外
舺,対象外
艃,対象外
艄,対象外
艅,対象外
艆,対象外
艋,対象外
艎,対象外
艏,対象外
艑,対象外
艖,対象外
艜,対象外
艠,対象外
艣,対象外
艧,対象外
艭,対象外
艴,対象外
艻,対象外
艽,対象外
艿,対象外
芀,対象外
芁,対象外
芃,対象外
芄,対象外
芇,対象外
芉,対象外
芊,対象外
芎,対象外
芑,対象外
芖,対象外
芘,対象外
芚,対象外
芛,対象外
芠,対象外
芡,対象外
芣,対象外
芤,対象外
芧,対象外
芨,対象外
芩,対象外
芪,対象外
芮,対象外
芰,対象外
芲,対象外
芴,対象外
芷,対象外
芺,対象外
芼,対象外
芾,対象外
芿,対象外
苆,１級
苐,対象外
苕,対象外
苚,対象外
苠,対象外
苢,対象外
苤,対象外
苨,対象外
苪,対象外
苭,対象外
苯,対象外
苶,対象外
苷,対象外
苽,対象外
苾,対象外
茀,対象外
茁,対象外
茇,対象外
茈,対象外
茊,対象外
茋,対象外
荔,対象外
茛,対象外
茝,対象外
茞,対象外
茟,対象外
茡,対象外
茢,対象外
茬,対象外
茭,対象外
茮,対象外
茰,対象外
茳,対象外
茷,対象外
茺,対象外
茼,対象外
茽,対象外
荂,対象外
荃,対象外
荄,対象外
荇,対象外
荍,対象外
荎,対象外
荑,対象外
荕,対象外
荖,対象外
荗,対象外
荰,対象外
荸,対象外
荽,対象外
荿,対象外
莀,対象外
莂,対象外
莄,対象外
莆,対象外
莍,対象外
莒,対象外
莔,対象外
莕,対象外
莘,対象外
莙,対象外
莛,対象外
莜,対象外
莝,対象外
莦,対象外
莩,対象外
莬,対象外
莾,対象外
莿,対象外
菀,対象外
菇,対象外
菉,対象外
菏,対象外
菑,対象外
菔,対象外
菝,対象外
荓,対象外
菨,対象外
菪,対象外
菶,対象外
菸,対象外
菹,対象外
菼,対象外
萁,１級
萆,対象外
萊,準１級
萏,対象外
萑,対象外
萕,対象外
萙,対象外
莭,対象外
萯,対象外
萹,対象外
葅,対象外
葇,対象外
葈,対象外
葊,対象外
葍,対象外
葏,対象外
葑,対象外
葒,対象外
葖,対象外
葘,対象外
葙,対象外
葚,対象外
葜,対象外
葠,対象外
葤,対象外
葥,対象外
葧,対象外
葪,対象外
葰,対象外
葳,対象外
葴,対象外
葶,対象外
葸,対象外
葼,対象外
葽,対象外
蒁,対象外
蒅,対象外
蒒,対象外
蒓,対象外
蒕,対象外
蒞,対象外
蒦,対象外
蒨,対象外
蒩,対象外
蒪,対象外
蒯,対象外
蒱,対象外
蒴,対象外
蒺,対象外
蒽,対象外
蒾,対象外
蓀,対象外
蓂,対象外
蓇,対象外
蓈,対象外
蓌,対象外
蓏,対象外
蓓,対象外
蓜,対象外
蓧,対象外
蓪,対象外
蓯,対象外
蓰,対象外
蓱,対象外
蓲,対象外
蓷,対象外
蔲,対象外
蓺,対象外
蓻,対象外
蓽,対象外
蔂,対象外
蔃,対象外
蔇,対象外
蔌,対象外
蔎,対象外
蔐,対象外
蔜,対象外
蔞,対象外
蔢,対象外
蔤,対象外
蔥,対象外
蔧,対象外
蔪,対象外
蔫,対象外
蔯,対象外
蔳,対象外
蔴,対象外
蔶,対象外
蔿,対象外
蕆,対象外
蕏,対象外
蕐,対象外
蕑,対象外
蕒,対象外
蕓,対象外
蕖,対象外
蕙,対象外
蕜,対象外
蕝,対象外
蕞,対象外
蕟,対象外
蕠,対象外
蕡,対象外
蕢,対象外
蕤,対象外
蕫,対象外
蕯,対象外
蕹,対象外
蕺,対象外
蕻,対象外
蕽,対象外
蕿,対象外
薁,対象外
薅,対象外
薆,対象外
薉,対象外
薋,対象外
薌,対象外
薏,１級
薓,対象外
薘,対象外
薝,対象外
薟,対象外
薠,対象外
薢,対象外
薥,対象外
薧,対象外
薴,対象外
薷,対象外
薸,対象外
薼,対象外
薽,対象外
薾,対象外
薿,対象外
藇,対象外
藊,対象外
藋,対象外
藎,対象外
薭,対象外
藘,対象外
藚,対象外
藟,対象外
藠,対象外
藦,対象外
藨,対象外
藭,対象外
藳,対象外
藶,対象外
藼,対象外
藿,対象外
蘀,対象外
蘄,対象外
蘅,対象外
蘍,対象外
蘎,対象外
蘐,対象外
蘑,対象外
蘒,対象外
蘘,対象外
蘙,対象外
蘛,対象外
蘞,対象外
蘡,対象外
蘧,対象外
蘩,対象外
蘶,対象外
蘸,対象外
蘺,対象外
蘼,対象外
蘽,対象外
虀,対象外
虂,対象外
虆,対象外
虒,１級
虓,対象外
虖,対象外
虗,対象外
虘,対象外
虙,対象外
虝,対象外
虠,対象外
虡,対象外
虢,対象外
虣,対象外
虤,対象外
虩,対象外
虬,対象外
虯,対象外
虵,対象外
虶,対象外
虷,対象外
虺,対象外
蚍,対象外
蚑,対象外
蚖,対象外
蚘,対象外
蚚,対象外
蚜,対象外
蚡,対象外
蚦,対象外
蚧,対象外
蚨,対象外
蚭,対象外
蚱,対象外
蚳,対象外
蚴,対象外
蚵,対象外
蚷,対象外
蚸,対象外
蚹,対象外
蚿,対象外
蛀,対象外
蛁,対象外
蛅,対象外
蛑,対象外
蛒,対象外
蛕,対象外
蛗,対象外
蛚,対象外
蛜,対象外
蛠,対象外
蛣,対象外
蛥,対象外
蛧,対象外
蚈,対象外
蛺,対象外
蛼,対象外
蛽,対象外
蜄,対象外
蜅,対象外
蜇,対象外
蜋,１級
蜎,準１級
蜏,対象外
蜐,対象外
蜓,１級
蜔,対象外
蜙,対象外
蜞,対象外
蜟,対象外
蜡,対象外
蜣,対象外
蜨,対象外
蜮,対象外
蜯,対象外
蜱,対象外
蜲,対象外
蜹,１級
蜺,対象外
蜼,対象外
蜽,対象外
蜾,対象外
蝀,対象外
蝃,対象外
蝅,対象外
蝍,対象外
蝘,１級
蝝,対象外
蝡,対象外
蝤,対象外
蝥,対象外
蝯,対象外
蝱,準１級
蝲,１級
蝻,対象外
螃,対象外
螄,対象外
螅,対象外
螆,対象外
螇,対象外
螈,１級
螉,対象外
螋,対象外
螌,対象外
螐,対象外
螓,対象外
螕,対象外
螗,１級
螘,対象外
螙,対象外
螞,対象外
螠,対象外
螣,対象外
螧,対象外
螬,対象外
螭,対象外
螮,対象外
螱,対象外
螵,対象外
螾,１級
螿,対象外
蟁,対象外
蟈,対象外
蟉,対象外
蟊,対象外
蟎,１級
蟕,対象外
蟖,対象外
蟙,対象外
蟚,対象外
蟜,対象外
蟟,対象外
蟢,対象外
蟣,対象外
蟤,対象外
蟪,１級
蟫,対象外
蟭,対象外
蟱,対象外
蟳,対象外
蟸,対象外
蟺,対象外
蟿,対象外
蠁,対象外
蠃,対象外
蠆,１級
蠉,対象外
蠊,１級
蠋,対象外
蠐,対象外
蠙,対象外
蠒,対象外
蠓,対象外
蠔,対象外
蠘,対象外
蠚,対象外
蠛,対象外
蠜,対象外
蠞,対象外
蠟,準１級
蠨,対象外
蠭,対象外
蠮,対象外
蠰,対象外
蠲,対象外
蠵,対象外
蠺,対象外
蠼,対象外
衁,対象外
衃,対象外
衅,対象外
衈,対象外
衉,対象外
衊,対象外
衋,対象外
衎,対象外
衑,対象外
衕,対象外
衘,対象外
衚,対象外
衜,対象外
衟,対象外
衠,対象外
衩,対象外
衱,対象外
衹,対象外
衻,対象外
袀,対象外
袘,対象外
袚,対象外
袛,対象外
袜,対象外
袟,対象外
袠,対象外
袨,対象外
袪,対象外
袺,対象外
袽,対象外
袾,対象外
裀,対象外
裊,対象外
裋,対象外
裌,対象外
裍,対象外
裎,１級
裑,対象外
裒,対象外
裓,対象外
裛,対象外
裞,対象外
裧,対象外
裯,対象外
裰,対象外
裱,対象外
裵,対象外
裷,対象外
褁,対象外
褆,対象外
褍,対象外
褎,対象外
褏,対象外
褕,対象外
褖,対象外
褘,対象外
褙,対象外
褚,対象外
褜,対象外
褠,対象外
褦,対象外
褧,対象外
褨,対象外
褰,対象外
褱,対象外
褲,対象外
褵,対象外
褹,対象外
褺,対象外
褾,対象外
襀,対象外
襂,対象外
襅,対象外
襆,対象外
襉,対象外
襏,対象外
襒,対象外
襗,対象外
襚,対象外
襛,対象外
襜,対象外
襡,対象外
襢,対象外
襣,対象外
襫,対象外
襮,対象外
襰,対象外
襳,対象外
襵,対象外
襺,対象外
襻,対象外
襼,対象外
襽,対象外
覉,対象外
覍,対象外
覐,対象外
覔,対象外
覕,対象外
覛,対象外
覜,対象外
覟,対象外
覠,対象外
覥,対象外
覰,対象外
覴,対象外
覵,対象外
覶,対象外
覷,対象外
覼,対象外
觔,対象外
觕,対象外
觖,対象外
觗,対象外
觘,対象外
觥,１級
觩,対象外
觫,対象外
觭,対象外
觱,対象外
觳,対象外
觶,対象外
觹,対象外
觽,対象外
觿,対象外
訄,対象外
訅,対象外
訇,対象外
訏,対象外
訑,対象外
訒,対象外
訔,対象外
訕,対象外
訞,対象外
訠,対象外
訢,対象外
訤,対象外
訦,対象外
訫,対象外
訬,対象外
訯,対象外
訵,対象外
訷,対象外
訽,対象外
訾,対象外
詀,対象外
詃,対象外
詅,対象外
詇,対象外
詉,対象外
詍,対象外
詎,対象外
詓,対象外
詖,対象外
詗,対象外
詘,対象外
詜,対象外
詝,対象外
詡,対象外
詥,対象外
詧,対象外
詵,対象外
詶,対象外
詷,対象外
詹,対象外
詺,対象外
詻,対象外
詾,対象外
詿,対象外
誀,対象外
誃,対象外
誆,対象外
誋,対象外
誏,対象外
誐,対象外
誒,対象外
誖,対象外
誗,対象外
誙,対象外
誟,対象外
誧,対象外
誩,対象外
誮,対象外
誯,対象外
誳,対象外
誶,対象外
誷,対象外
誻,対象外
誾,対象外
諃,対象外
諆,対象外
諈,対象外
諉,対象外
諊,対象外
諑,対象外
諓,対象外
諔,対象外
諕,対象外
諗,対象外
諝,対象外
諟,対象外
諰,対象外
諴,対象外
諵,対象外
諶,対象外
諼,対象外
諿,対象外
謅,対象外
謆,対象外
謋,対象外
謑,対象外
謜,対象外
謞,対象外
謟,対象外
謊,対象外
謭,対象外
謰,対象外
謷,対象外
譂,対象外
譃,対象外
譄,対象外
譅,対象外
譆,対象外
譈,対象外
譒,対象外
譓,対象外
譔,対象外
譙,対象外
譍,対象外
譞,対象外
譣,対象外
譭,対象外
譶,対象外
譸,対象外
譹,対象外
譼,対象外
譾,対象外
讁,対象外
讄,対象外
讅,対象外
讋,対象外
讍,対象外
讏,対象外
讔,対象外
讕,対象外
讜,対象外
讞,対象外
讟,対象外
谸,対象外
谹,対象外
谽,対象外
谾,対象外
豅,対象外
豇,対象外
豉,対象外
豋,対象外
豏,対象外
豑,対象外
豓,対象外
豔,対象外
豗,対象外
豘,対象外
豛,対象外
豝,対象外
豙,対象外
豣,対象外
豤,対象外
豦,対象外
豨,対象外
豩,対象外
豭,対象外
豳,対象外
豵,対象外
豶,対象外
豻,対象外
豾,対象外
貆,対象外
貇,対象外
貋,対象外
貐,対象外
貒,対象外
貓,対象外
貙,対象外
貛,対象外
貤,対象外
貹,対象外
貺,対象外
賅,対象外
賆,対象外
賉,対象外
賋,対象外
賏,対象外
賖,対象外
賕,対象外
賙,対象外
賝,対象外
賡,対象外
賨,対象外
賬,対象外
賯,対象外
賰,対象外
賲,対象外
賵,対象外
賷,対象外
賸,対象外
賾,対象外
賿,対象外
贁,対象外
贃,対象外
贉,対象外
贒,対象外
贗,対象外
贛,対象外
赥,対象外
赩,対象外
赬,１級
赮,対象外
赿,対象外
趂,対象外
趄,対象外
趈,対象外
趍,対象外
趐,対象外
趑,対象外
趕,対象外
趞,対象外
趟,対象外
趠,対象外
趦,対象外
趫,対象外
趬,対象外
趯,対象外
趲,対象外
趵,対象外
趷,対象外
趹,対象外
趻,対象外
跀,対象外
跅,対象外
跆,対象外
跇,対象外
跈,対象外
跊,対象外
跎,１級
跑,対象外
跔,対象外
跕,対象外
跗,対象外
跙,対象外
跤,対象外
跥,対象外
跧,対象外
跬,対象外
跰,対象外
趼,対象外
跲,対象外
跴,対象外
跽,対象外
踁,対象外
踄,対象外
踅,対象外
踆,対象外
踋,対象外
踑,１級
踔,対象外
踖,対象外
踠,対象外
踡,対象外
踢,対象外
踣,対象外
踦,対象外
踧,対象外
踱,対象外
踳,対象外
踶,対象外
踷,対象外
踸,対象外
踹,対象外
踽,対象外
蹀,対象外
蹁,対象外
蹋,対象外
蹍,対象外
蹎,対象外
蹏,対象外
蹔,対象外
蹛,対象外
蹜,対象外
蹝,対象外
蹞,対象外
蹡,対象外
蹢,対象外
蹩,対象外
蹬,対象外
蹭,対象外
蹯,対象外
蹰,対象外
蹱,対象外
蹹,対象外
蹺,対象外
蹻,１級
躂,対象外
躃,１級
躉,対象外
躐,対象外
躒,対象外
躕,対象外
躚,対象外
躛,対象外
躝,対象外
躞,対象外
躢,対象外
躧,対象外
躩,対象外
躭,対象外
躮,１級
躳,対象外
躵,対象外
躺,対象外
躻,対象外
軀,準１級
軁,対象外
軃,対象外
軄,対象外
軇,対象外
軏,対象外
軑,対象外
軔,対象外
軜,対象外
軨,対象外
軮,対象外
軱,対象外
軷,対象外
軹,対象外
軺,対象外
軭,対象外
輀,１級
輂,対象外
輇,対象外
輈,対象外
輏,対象外
輐,対象外
輖,対象外
輗,対象外
輘,対象外
輞,対象外
輠,対象外
輡,対象外
輣,対象外
輥,対象外
輧,対象外
輨,対象外
輬,対象外
輭,対象外
輮,対象外
輴,対象外
輵,対象外
輶,対象外
輷,対象外
輺,対象外
轀,対象外
轁,対象外
轃,対象外
轇,対象外
轏,対象外
轑,対象外
轒,対象外
轓,対象外
轔,対象外
轕,対象外
轘,対象外
轝,対象外
轞,対象外
轥,対象外
辝,対象外
辠,対象外
辡,対象外
辤,対象外
辥,対象外
辦,対象外
辵,対象外
辸,対象外
达,対象外
迀,対象外
迁,対象外
迆,対象外
迊,対象外
迋,対象外
迍,対象外
运,対象外
迒,対象外
迓,対象外
迕,対象外
迠,対象外
迣,対象外
迤,対象外
迨,対象外
迮,対象外
迱,対象外
迵,対象外
迶,対象外
迻,対象外
迾,対象外
适,対象外
逄,対象外
逈,対象外
逌,対象外
逘,対象外
逛,対象外
逨,対象外
逩,対象外
逯,対象外
逪,対象外
逬,１級
逭,対象外
逳,対象外
逴,対象外
逷,対象外
逿,対象外
遃,対象外
遄,対象外
遌,対象外
遛,対象外
遝,対象外
遢,対象外
遦,対象外
遧,対象外
遬,対象外
遰,対象外
遴,対象外
遹,対象外
邅,対象外
邋,対象外
邌,対象外
邎,対象外
邐,対象外
邕,対象外
邗,対象外
邘,対象外
邙,対象外
邛,対象外
邠,対象外
邡,対象外
邢,対象外
邥,対象外
邰,対象外
邲,対象外
邳,対象外
邴,対象外
邶,対象外
邽,対象外
郌,対象外
邾,対象外
郃,対象外
郄,対象外
郅,対象外
郇,対象外
郈,対象外
郕,対象外
郗,対象外
郘,対象外
郙,対象外
郜,対象外
郝,対象外
郟,対象外
郥,対象外
郒,対象外
郶,対象外
郫,対象外
郯,対象外
郰,対象外
郴,対象外
郾,対象外
郿,対象外
鄀,対象外
鄄,対象外
鄅,対象外
鄆,対象外
鄈,対象外
鄍,対象外
鄐,対象外
鄔,対象外
鄖,対象外
鄗,対象外
鄘,対象外
鄚,対象外
鄜,対象外
鄞,対象外
鄠,対象外
鄥,対象外
鄢,対象外
鄣,対象外
鄧,対象外
鄩,対象外
鄮,対象外
鄯,対象外
鄱,対象外
鄴,対象外
鄶,対象外
鄷,対象外
鄹,対象外
鄺,対象外
鄼,対象外
酃,対象外
酇,対象外
酈,対象外
酏,対象外
酓,対象外
酗,対象外
酙,対象外
酚,対象外
酛,対象外
酡,対象外
酤,対象外
酧,対象外
酭,対象外
酴,対象外
酹,対象外
酺,対象外
酻,対象外
醁,対象外
醃,対象外
醅,対象外
醆,対象外
醊,対象外
醎,対象外
醑,対象外
醓,対象外
醔,対象外
醕,対象外
醘,対象外
醞,対象外
醡,対象外
醦,対象外
醨,対象外
醬,準１級
醭,対象外
醮,対象外
醰,対象外
醱,準１級
醲,対象外
醳,対象外
醶,対象外
醻,対象外
醼,対象外
醽,対象外
醿,対象外
釂,対象外
釃,対象外
釅,対象外
釓,対象外
釔,対象外
釗,対象外
釙,対象外
釚,対象外
釞,対象外
釤,対象外
釥,対象外
釩,対象外
釪,対象外
釬,対象外
釭,対象外
釮,対象外
釯,対象外
釰,対象外
釱,対象外
釷,対象外
釹,対象外
釻,対象外
釽,対象外
鈀,対象外
鈁,対象外
鈄,対象外
鈅,対象外
鈆,対象外
鈇,対象外
鈊,対象外
鈌,対象外
鈐,対象外
鈒,対象外
鈓,対象外
鈖,対象外
鈘,対象外
鈜,対象外
鈝,対象外
鈣,対象外
鈤,対象外
鈥,対象外
鈦,対象外
鈨,対象外
鈮,対象外
鈯,対象外
鈰,対象外
鈳,対象外
鈵,対象外
鈶,対象外
鈸,対象外
鈹,対象外
鈺,対象外
鈼,対象外
鈾,対象外
鉀,対象外
鉂,対象外
鉃,対象外
鉆,対象外
鉇,対象外
鉊,対象外
鉍,対象外
鉎,対象外
鉏,対象外
鉑,対象外
鉘,対象外
鉙,対象外
鉜,対象外
鉝,対象外
鉠,対象外
鉡,対象外
鉥,対象外
鉧,対象外
鉨,対象外
鉩,対象外
鉮,対象外
鉯,対象外
鉰,対象外
鉵,対象外
鉶,対象外
鉷,対象外
鉸,対象外
鉹,対象外
鉻,対象外
鉼,対象外
鉽,対象外
鉿,対象外
銈,対象外
銉,対象外
銊,対象外
銍,対象外
銎,対象外
銒,対象外
銗,対象外
銙,対象外
銟,対象外
銠,対象外
銤,対象外
銥,対象外
銧,対象外
銨,対象外
銫,対象外
銯,対象外
銲,対象外
銶,対象外
銸,対象外
銺,対象外
銻,対象外
銼,対象外
銽,対象外
銿,対象外
鋀,対象外
鋁,対象外
鋂,対象外
鋃,対象外
鋅,対象外
鋆,対象外
鋇,対象外
鋈,対象外
鋋,対象外
鋌,対象外
鋍,対象外
鋎,対象外
鋐,対象外
鋓,対象外
鋕,対象外
鋗,対象外
鋘,対象外
鋙,対象外
鋜,対象外
鋝,対象外
鋟,対象外
鋠,対象外
鋡,対象外
鋣,対象外
鋥,対象外
鋧,対象外
鋨,対象外
鋬,対象外
鋮,対象外
鋰,対象外
鋹,対象外
鋻,対象外
鋿,対象外
錀,対象外
錂,対象外
錈,対象外
錍,対象外
錑,対象外
錔,対象外
錕,対象外
錜,対象外
錝,対象外
錞,対象外
錟,対象外
錡,対象外
錤,対象外
錥,対象外
錧,対象外
錩,対象外
錪,対象外
錳,対象外
錴,対象外
錶,対象外
錷,対象外
鍇,対象外
鍈,対象外
鍉,対象外
鍐,対象外
鍑,対象外
鍒,対象外
鍕,対象外
鍗,対象外
鍘,対象外
鍚,対象外
鍞,対象外
鍥,対象外
鍧,対象外
鍩,対象外
鍪,対象外
鍭,対象外
鍯,対象外
鍰,対象外
鍱,対象外
鍳,対象外
鍴,対象外
鍶,対象外
鍺,対象外
鍽,対象外
鍿,対象外
鎀,対象外
鎁,対象外
鎂,対象外
鎈,対象外
鎊,対象外
鎋,対象外
鎍,対象外
鎏,対象外
鎒,対象外
鎕,対象外
鎘,対象外
鎛,対象外
鎞,対象外
鎡,対象外
鎣,対象外
鎤,対象外
鎦,対象外
鎨,対象外
鎫,対象外
鎴,対象外
鎵,対象外
鎶,対象外
鎺,１級
鎩,対象外
鏁,対象外
鏄,対象外
鏅,対象外
鏆,対象外
鏇,対象外
鏉,対象外
鏊,対象外
鏋,対象外
鏌,対象外
鏍,対象外
鏓,対象外
鏙,対象外
鏜,対象外
鏞,対象外
鏟,対象外
鏢,対象外
鏦,対象外
鏧,対象外
鏹,対象外
鏷,対象外
鏸,対象外
鏺,対象外
鏻,対象外
鏽,対象外
鐁,対象外
鐂,対象外
鐄,対象外
鐈,対象外
鐉,対象外
鐍,対象外
鐎,対象外
鐏,対象外
鐕,対象外
鐖,対象外
鐗,対象外
鐟,対象外
鐮,対象外
鐯,対象外
鐱,対象外
鐲,対象外
鐳,対象外
鐴,対象外
鐻,対象外
鐿,対象外
鐽,対象外
鑃,対象外
鑅,対象外
鑈,対象外
鑊,対象外
鑌,対象外
鑕,対象外
鑙,対象外
鑜,対象外
鑟,対象外
鑡,対象外
鑣,対象外
鑨,対象外
鑫,対象外
鑭,対象外
鑮,対象外
鑯,対象外
鑱,対象外
鑲,対象外
钄,対象外
钃,対象外
镸,対象外
镹,対象外
閄,対象外
閈,対象外
閌,対象外
閍,対象外
閎,対象外
閝,対象外
閞,対象外
閟,対象外
閡,対象外
閦,対象外
閩,対象外
閫,対象外
閬,対象外
閴,対象外
閶,対象外
閺,対象外
閽,対象外
閿,対象外
闆,対象外
闈,対象外
闉,対象外
闋,対象外
闐,対象外
闑,対象外
闒,対象外
闓,対象外
闙,対象外
闚,対象外
闝,対象外
闞,対象外
闟,対象外
闠,対象外
闤,対象外
闦,対象外
阞,対象外
阢,対象外
阤,対象外
阥,対象外
阦,対象外
阬,対象外
阱,対象外
阳,対象外
阷,対象外
阸,対象外
阹,対象外
阺,対象外
阼,対象外
阽,対象外
陁,対象外
陒,対象外
陔,対象外
陖,対象外
陗,対象外
陘,対象外
陡,対象外
陮,対象外
陴,対象外
陻,対象外
陼,対象外
陾,対象外
陿,対象外
隂,対象外
隃,対象外
隄,対象外
隉,対象外
隑,対象外
隖,対象外
隚,対象外
隝,対象外
隟,対象外
隤,対象外
隥,対象外
隦,対象外
隩,対象外
隮,対象外
隯,対象外
隳,対象外
隺,対象外
雊,対象外
雒,対象外
嶲,対象外
雘,対象外
雚,対象外
雝,対象外
雞,対象外
雟,対象外
雯,対象外
雱,対象外
雺,対象外
霂,対象外
霃,対象外
霅,対象外
霉,対象外
霚,対象外
霛,対象外
霝,対象外
霡,対象外
霢,対象外
霣,対象外
霨,対象外
霱,対象外
霳,対象外
靁,対象外
靃,対象外
靊,対象外
靎,対象外
靕,対象外
靗,対象外
靘,対象外
靚,対象外
靛,対象外
靣,対象外
靧,対象外
靪,対象外
靮,対象外
靳,対象外
靶,対象外
靷,対象外
靸,対象外
靻,対象外
靽,対象外
靿,対象外
鞀,対象外
鞉,対象外
鞕,対象外
鞖,対象外
鞗,対象外
鞙,対象外
鞚,対象外
鞞,対象外
鞟,対象外
鞢,対象外
鞬,対象外
鞮,対象外
鞱,対象外
鞲,対象外
鞵,対象外
鞶,対象外
鞸,対象外
鞹,対象外
鞺,対象外
鞼,対象外
鞾,対象外
鞿,対象外
韁,対象外
韄,対象外
韅,対象外
韇,対象外
韉,対象外
韊,対象外
韌,対象外
韍,対象外
韎,対象外
韐,対象外
韑,対象外
韔,対象外
韗,対象外
韘,対象外
韙,対象外
韝,対象外
韞,１級
韠,対象外
韛,対象外
韡,対象外
韤,対象外
韯,対象外
韱,対象外
韴,対象外
韷,対象外
韸,対象外
韺,対象外
頇,対象外
頊,対象外
頙,対象外
頍,対象外
頎,対象外
頔,対象外
頖,対象外
頜,対象外
頞,対象外
頠,対象外
頣,対象外
頦,対象外
頫,対象外
頮,対象外
頯,対象外
頲,対象外
頳,対象外
頵,対象外
頥,対象外
頾,対象外
顄,対象外
顇,対象外
顊,対象外
顑,対象外
顒,対象外
顓,対象外
顖,対象外
顗,対象外
顙,対象外
顚,準１級
顢,対象外
顣,対象外
顥,対象外
顦,対象外
顪,対象外
顬,１級
颫,対象外
颭,対象外
颮,対象外
颰,対象外
颴,対象外
颷,対象外
颸,対象外
颺,対象外
颻,対象外
颿,対象外
飂,対象外
飅,対象外
飈,対象外
飌,対象外
飡,対象外
飣,対象外
飥,対象外
飦,対象外
飧,対象外
飪,対象外
飳,対象外
飶,対象外
餂,対象外
餇,対象外
餈,対象外
餑,対象外
餕,対象外
餖,対象外
餗,対象外
餚,対象外
餛,対象外
餜,対象外
餟,対象外
餢,対象外
餦,対象外
餧,対象外
餫,対象外
餱,対象外
餲,対象外
餳,対象外
餴,対象外
餵,対象外
餹,対象外
餺,対象外
餻,対象外
餼,対象外
饀,対象外
饁,対象外
饆,対象外
饇,対象外
饈,対象外
饍,対象外
饎,対象外
饔,対象外
饘,対象外
饙,対象外
饛,対象外
饜,対象外
饞,対象外
饟,対象外
饠,対象外
馛,対象外
馝,対象外
馟,対象外
馦,対象外
馰,対象外
馱,対象外
馲,対象外
馵,対象外
馹,対象外
馺,対象外
馽,対象外
馿,対象外
駃,対象外
駉,対象外
駓,対象外
駔,対象外
駙,対象外
駚,対象外
駜,対象外
駞,対象外
駧,対象外
駪,対象外
駫,対象外
駬,対象外
駰,対象外
駴,対象外
駵,対象外
駹,対象外
駽,対象外
駾,対象外
騂,対象外
騃,対象外
騄,対象外
騋,対象外
騌,対象外
騐,対象外
騑,対象外
騖,対象外
騞,対象外
騠,対象外
騢,対象外
騣,対象外
騤,対象外
騧,対象外
騭,１級
騮,対象外
騳,対象外
騶,対象外
驇,対象外
驁,対象外
驄,対象外
驊,対象外
驋,対象外
驌,対象外
驎,１級
驑,対象外
驔,対象外
驖,対象外
驝,対象外
骪,対象外
骬,対象外
骮,対象外
骯,対象外
骲,対象外
骴,対象外
骶,対象外
骹,対象外
骻,対象外
骾,対象外
骿,対象外
髁,対象外
髃,対象外
髆,対象外
髈,対象外
髎,対象外
髐,対象外
髒,対象外
髕,対象外
髖,対象外
髗,対象外
髛,対象外
髜,対象外
髠,対象外
髤,対象外
髥,１級
髧,対象外
髩,対象外
髬,対象外
髲,対象外
髳,対象外
髵,対象外
髹,対象外
髺,対象外
髽,対象外
髿,対象外
鬁,対象外
鬂,対象外
鬃,対象外
鬄,対象外
鬅,対象外
鬈,対象外
鬉,対象外
鬋,対象外
鬌,対象外
鬍,対象外
鬎,対象外
鬐,対象外
鬒,対象外
鬖,対象外
鬙,対象外
鬛,対象外
鬜,対象外
鬠,対象外
鬦,対象外
鬫,対象外
鬭,対象外
鬳,対象外
鬴,対象外
鬵,対象外
鬷,対象外
鬹,対象外
鬺,対象外
鬽,対象外
魈,対象外
魋,対象外
魌,対象外
魕,対象外
魖,対象外
魗,対象外
魛,対象外
魞,１級
魡,対象外
魣,対象外
魥,対象外
魦,対象外
魨,対象外
魪,対象外
魫,対象外
魬,１級
魭,対象外
魮,対象外
魳,１級
魵,対象外
魷,対象外
魸,１級
魹,対象外
魿,対象外
鮀,対象外
鮄,対象外
鮅,対象外
鮆,対象外
鮇,１級
鮉,対象外
鮊,対象外
鮋,対象外
鮍,対象外
鮏,対象外
鮐,対象外
鮔,対象外
鮚,対象外
鮝,対象外
鮞,対象外
鮦,対象外
鮧,対象外
鮩,対象外
鮬,対象外
鮰,対象外
鮱,１級
鮲,対象外
鮷,対象外
鮸,１級
鮻,対象外
鮼,対象外
鮾,対象外
鮿,対象外
鯁,対象外
鯇,対象外
鯈,対象外
鯎,１級
鯐,対象外
鯗,対象外
鯘,対象外
鯝,対象外
鯟,対象外
鯥,対象外
鯧,対象外
鯪,対象外
鯫,対象外
鯯,対象外
鯳,対象外
鯷,対象外
鯸,対象外
鯹,対象外
鯺,対象外
鯽,対象外
鯿,対象外
鰀,対象外
鰂,対象外
鰋,対象外
鰏,対象外
鰑,対象外
鰖,対象外
鰘,１級
鰙,１級
鰚,１級
鰜,対象外
鰞,対象外
鰢,対象外
鰣,対象外
鰦,対象外
鰧,１級
鰨,対象外
鰩,対象外
鰪,対象外
鰱,対象外
鰵,対象外
鰶,対象外
鰷,対象外
鰽,対象外
鱁,対象外
鱃,対象外
鱄,対象外
鱅,対象外
鱉,対象外
鱊,対象外
鱎,対象外
鱏,１級
鱐,対象外
鱓,１級
鱔,対象外
鱖,対象外
鱘,対象外
鱛,１級
鱝,対象外
鱞,対象外
鱟,１級
鱣,対象外
鱩,１級
鱪,対象外
鱜,対象外
鱫,対象外
鱨,対象外
鱮,対象外
鱰,対象外
鱲,１級
鱵,対象外
鱷,対象外
鱻,対象外
鳦,対象外
鳲,対象外
鳷,対象外
鳹,対象外
鴋,対象外
鴂,１級
鴑,対象外
鴗,対象外
鴘,対象外
鴜,対象外
鴝,対象外
鴞,対象外
鴯,対象外
鴰,対象外
鴲,対象外
鴳,対象外
鴴,対象外
鴺,対象外
鴼,対象外
鵅,対象外
鴽,対象外
鵂,対象外
鵃,対象外
鵇,１級
鵊,対象外
鵓,対象外
鵔,対象外
鵟,対象外
鵣,対象外
鵢,対象外
鵥,１級
鵩,対象外
鵪,対象外
鵫,対象外
鵰,対象外
鵷,対象外
鵻,対象外
鵼,対象外
鵾,対象外
鶃,対象外
鶄,１級
鶆,対象外
鶊,対象外
鶍,１級
鶎,１級
鶒,対象外
鶓,対象外
鶕,対象外
鶖,対象外
鶗,対象外
鶘,対象外
鶡,対象外
鶪,１級
鶬,対象外
鶮,対象外
鶱,対象外
鶵,対象外
鶹,対象外
鶼,対象外
鶿,対象外
鷃,対象外
鷇,対象外
鷉,対象外
鷊,対象外
鷔,対象外
鷕,対象外
鷖,対象外
鷗,準１級
鷚,対象外
鷞,対象外
鷟,対象外
鷠,対象外
鷥,対象外
鷧,対象外
鷩,対象外
鷫,対象外
鷮,対象外
鷰,対象外
鷳,対象外
鷴,対象外
鷾,対象外
鸊,対象外
鸂,対象外
鸇,対象外
鸎,対象外
鸐,対象外
鸑,対象外
鸒,対象外
鸕,対象外
鸖,対象外
鸙,対象外
鸜,対象外
鸝,対象外
鹺,対象外
鹻,対象外
鹼,準１級
麀,対象外
麂,対象外
麃,対象外
麄,対象外
麅,対象外
麇,１級
麎,対象外
麏,対象外
麖,対象外
麘,対象外
麛,対象外
麞,対象外
麤,１級
麨,対象外
麬,対象外
麮,対象外
麯,対象外
麰,対象外
麳,対象外
麴,準１級
麵,１級 / 準１級
黆,対象外
黈,対象外
黋,対象外
黕,対象外
黟,対象外
黤,対象外
黧,対象外
黬,対象外
黭,対象外
黮,対象外
黰,対象外
黱,対象外
黵,対象外
黸,対象外
黿,対象外
鼂,対象外
鼃,対象外
鼉,対象外
鼏,対象外
鼐,対象外
鼑,対象外
鼒,対象外
鼔,対象外
鼖,対象外
鼗,対象外
鼙,対象外
鼚,対象外
鼛,対象外
鼟,対象外
鼢,対象外
鼦,対象外
鼪,対象外
鼫,対象外
鼯,１級
鼱,対象外
鼲,対象外
鼴,１級
鼷,対象外
鼹,対象外
鼺,対象外
鼼,対象外
鼽,対象外
鼿,対象外
齁,対象外
齃,対象外
齄,対象外
齅,対象外
齆,対象外
齇,対象外
齓,対象外
齕,対象外
齖,対象外
齗,対象外
齘,対象外
齚,対象外
齞,対象外
齭,対象外
齰,対象外
齱,対象外
齳,対象外
齵,対象外
齺,対象外
齽,対象外
龏,対象外
龐,１級
龑,対象外
龒,対象外
龔,対象外
龖,対象外
龗,対象外
龞,対象外
龣,対象外
龥,対象外
㐂,対象外
㐆,対象外
㐮,対象外
㒵,対象外
㕝,対象外
㘅,対象外
㚑,対象外
㝡,対象外
㝬,対象外
㣺,対象外
㤗,対象外
㤚,対象外
㥯,対象外
㩮,対象外
㩳,対象外
㫖,対象外
㫪,対象外
㬎,対象外
㬚,対象外
㬜,対象外
㬢,対象外
㭭,対象外
㭷,対象外
㮇,対象外
㮈,対象外
㮍,対象外
㮤,対象外
㮶,対象外
㯃,対象外
㯍,対象外
㯰,対象外
㰏,対象外
㴑,対象外
㽗,対象外
㽲,対象外
㽵,対象外
㽷,対象外
㾮,対象外
㿉,対象外
㿗,対象外
䀹,対象外
䁘,対象外
䂓,対象外
䄅,対象外
䅈,対象外
䅏,対象外
䅣,対象外
䆴,対象外
䇦,対象外
䇮,対象外
䇳,対象外
䈇,対象外
䈎,対象外
䉤,対象外
䋆,対象外
䋖,対象外
䋝,対象外
䌂,対象外
䌫,対象外
䏮,対象外
䏰,対象外
䐈,対象外
䐗,対象外
䐜,対象外
䐢,対象外
䑛,対象外
䑶,対象外
䒳,対象外
䒾,対象外
䓔,対象外
䔈,対象外
䔍,対象外
䔥,対象外
䕃,対象外
䖝,対象外
䖸,対象外
䗥,対象外
䗪,対象外
䘏,対象外
䙁,対象外
䙥,対象外
䚡,対象外
䚯,対象外
䜌,対象外
䟽,対象外
䠖,対象外
䡄,対象外
䡎,対象外
䢵,対象外
䦰,対象外
䧧,対象外
䧺,対象外
䨄,対象外
䨩,対象外
䪼,対象外
䬻,対象外
䯂,対象外
䯊,対象外
䯒,対象外
䯨,対象外
䰗,対象外
䰠,対象外
䳄,対象外
䳑,対象外
䴇,対象外
䵷,対象外
丏,対象外
俱,準１級
僡,対象外
养,対象外
劄,１級
卧,対象外
卽,１級 / 準１級
吞,準１級
噓,準１級
增,１級 / 準１級
壃,対象外
夽,対象外
姸,１級
寬,１級 / 準１級
屛,１級
巢,１級 / 準１級
幷,１級
廹,対象外
徵,１級 / 準１級
德,１級 / 準１級
怢,対象外
惮,対象外
愺,対象外
懵,対象外
戾,対象外
扡,対象外
扻,対象外
抅,対象外
抙,対象外
挲,対象外
挻,対象外
捙,対象外
揫,対象外
揭,１級 / 準１級
揷,対象外
摹,対象外
攲,対象外
敄,対象外
斄,対象外
斵,対象外
斸,対象外
旼,対象外
昺,対象外
晈,対象外
晚,１級 / 準１級
晣,１級
晥,対象外
晭,対象外
曆,１級 / 準１級
朁,対象外
朒,対象外
杍,対象外
枒,対象外
柛,対象外
柼,対象外
栁,対象外
栐,対象外
栘,対象外
桉,対象外
梐,対象外
梙,対象外
梫,対象外
梴,対象外
棃,対象外
棤,対象外
棷,対象外
椃,対象外
椇,対象外
楆,対象外
榰,対象外
槀,対象外
槏,対象外
槣,対象外
槩,対象外
槪,対象外
槴,対象外
槶,対象外
樳,対象外
橫,１級 / 準１級
橺,対象外
檔,１級
檡,対象外
步,１級 / 準１級
歷,１級 / 準１級
每,１級 / 準１級
毗,準１級
沪,１級
涉,１級 / 準１級
淚,１級 / 準１級
渴,１級 / 準１級
湌,対象外
溫,１級 / 準１級
漥,対象外
瀨,１級 / 準１級
灩,対象外
狀,１級 / 準１級
猳,対象外
玊,対象外
玔,対象外
玨,対象外
琓,対象外
瑓,対象外
璈,対象外
璗,対象外
璥,対象外
璺,対象外
瓖,対象外
甁,対象外
畬,１級
畲,対象外
疌,対象外
疰,対象外
疷,対象外
痓,対象外
痝,対象外
瘘,対象外
瘨,対象外
皞,対象外
皡,対象外
皯,対象外
皶,対象外
睼,対象外
瞤,対象外
瞩,対象外
砙,対象外
砬,対象外
硏,対象外
硑,対象外
磹,対象外
磾,対象外
礛,対象外
礮,対象外
礰,対象外
秌,対象外
种,対象外
窾,対象外
竧,対象外
笒,対象外
笻,対象外
筹,対象外
筿,対象外
篰,対象外
簞,準１級
籅,対象外
籗,対象外
籯,対象外
綠,１級 / 準１級
緀,対象外
緖,１級 / 準１級
緣,１級 / 準１級
繵,対象外
聃,対象外
聻,対象外
肤,対象外
胅,対象外
胊,対象外
胦,対象外
胵,対象外
胻,対象外
脍,対象外
脽,対象外
臁,対象外
臖,対象外
舼,対象外
艉,対象外
艗,対象外
芓,対象外
茌,対象外
荢,対象外
荣,対象外
菡,対象外
菥,対象外
萗,対象外
葟,対象外
蒗,対象外
蓎,対象外
蔛,対象外
蔾,対象外
薰,１級 / 準１級
藙,対象外
藡,対象外
蘤,対象外
蘹,対象外
虛,１級 / 準１級
蚇,対象外
蚉,対象外
蚝,対象外
蛦,対象外
蝑,対象外
蝼,対象外
蟥,対象外
蟦,対象外
蟬,準１級
蟵,対象外
衯,対象外
袼,対象外
褷,対象外
覀,対象外
諐,対象外
謍,対象外
譑,対象外
譩,対象外
譿,対象外
讝,対象外
賱,対象外
賴,１級 / 準１級
贎,対象外
踌,対象外
躘,対象外
躶,対象外
輫,対象外
轊,対象外
辴,対象外
郞,１級 / 準１級
郲,対象外
鄕,対象外
酆,対象外
釄,対象外
鈗,対象外
鉖,対象外
鋷,対象外
錄,１級 / 準１級
鍊,１級 / 準１級
鍫,対象外
鏱,対象外
鏵,対象外
閆,対象外
阴,対象外
霔,対象外
霶,対象外
霻,対象外
靇,対象外
靍,対象外
頄,対象外
颼,対象外
飇,対象外
飋,対象外
飰,対象外
飱,対象外
馞,対象外
馣,対象外
駼,対象外
騊,対象外
騚,対象外
騱,対象外
驒,準１級
驘,対象外
骷,対象外
魲,対象外
魶,対象外
鯮,対象外
鰝,対象外
鱥,対象外
鱭,対象外
鱺,対象外
鵒,対象外
鵳,対象外
鶙,対象外
鶽,対象外
鷀,対象外
鷣,対象外
鸍,対象外
麽,対象外
欄,１級 / 準１級
廊,１級 / 準１級
朗,１級 / 準１級
虜,１級 / 準１級
類,１級 / 準１級
隆,対象外
﨓,対象外
猪,１級 / 準１級
神,１級 / 準１級
祥,１級 / 準１級
福,１級 / 準１級
﨟,対象外
蘒,対象外
﨡,対象外
諸,１級 / 準１級
﨤,対象外
都,１級 / 準１級
侮,１級 / 準１級
僧,１級 / 準１級
勉,１級 / 準１級
勤,１級 / 準１級
卑,１級 / 準１級
嘆,１級 / 準１級
器,１級 / 準１級
墨,１級 / 準１級
層,１級 / 準１級
悔,１級 / 準１級
慨,対象外
憎,１級 / 準１級
懲,１級 / 準１級
敏,１級 / 準１級
既,対象外
暑,１級 / 準１級
梅,１級 / 準１級
海,１級 / 準１級
渚,１級 / 準１級
漢,１級 / 準１級
煮,１級 / 準１級
琢,１級 / 準１級
碑,１級 / 準１級
社,１級 / 準１級
祉,１級 / 準１級
祈,１級 / 準１級
祐,１級 / 準１級
祖,１級 / 準１級
祝,１級 / 準１級
禍,１級 / 準１級
禎,１級 / 準１級
穀,１級 / 準１級
突,１級 / 準１級
節,１級 / 準１級
練,１級 / 準１級
縉,対象外
繁,１級 / 準１級
署,１級 / 準１級
者,１級 / 準１級
臭,１級 / 準１級
艹,対象外
艹,対象外
著,１級 / 準１級
褐,対象外
視,１級 / 準１級
謁,１級 / 準１級
謹,１級 / 準１級
賓,１級 / 準１級
贈,１級 / 準１級
辶,対象外
逸,１級 / 準１級
難,１級 / 準１級
響,１級 / 準１級
戶,対象外
