身,７画
履,１５画
腔,１２画
應,１７画
鴻,１７画
猫,１１画
激,１６画
鮗,１６画
婚,１１画
礒,１８画
鯤,１９画
禅,１３画
罕,７画
月,４画
倭,１０画
衍,９画
榱,１４画
潤,１５画
老,６画
崑,１１画
彭,１２画
畋,９画
躬,１０画
敫,１３画
瀉,１８画
鬲,１０画
茘,９画
有,６画
型,９画
幹,１３画
剴,１２画
袱,１１画
簧,１８画
莪,１０画
飛,９画
固,８画
絨,１２画
淫,１１画
献,１３画
謾,１８画
爪,４画
朋,８画
耂,４画
婢,１１画
腕,１２画
躯,１１画
窖,１２画
閹,１６画
界,９画
屬,２１画
崔,１１画
橈,１６画
鴾,１７画
爬,８画
罘,９画
火,４画
衒,１１画
倶,１０画
考,６画
茜,９画
懊,１６画
碪,１４画
竟,１１画
妻,８画
蕎,１５画
波,８画
柧,１０画
東,８画
帖,８画
悛,１０画
滾,１４画
煕,１４画
痴,１３画
眈,９画
點,１７画
貳,１２画
輜,１５画
胚,９画
誂,１３画
浮,１０画
瑠,１４画
繊,１７画
義,１３画
綻,１４画
匸,２画
螢,１６画
初,７画
鐡,２０画
恂,９画
捌,１０画
傴,１３画
擧,１７画
顔,１８画
匹,４画
妾,８画
楠,１３画
泣,８画
鈩,１２画
馴,１３画
鰤,２１画
帙,８画
杲,８画
欝,２５画
眉,９画
柩,９画
鞫,１８画
判,７画
章,１１画
輝,１５画
胛,９画
縉,１６画
区,４画
悟,１０画
浴,１０画
痺,１３画
旙,１６画
虔,１０画
信,９画
蟾,１９画
陋,９画
瓰,９画
砒,９画
襭,２０画
鶩,２０画
芟,７画
托,６画
雎,１３画
弗,５画
殷,１０画
燎,１６画
厮,１４画
犠,１７画
徹,１５画
箋,１４画
蓼,１４画
龝,２１画
咫,９画
嶮,１６画
冲,６画
談,１５画
藷,１９画
穃,１５画
慾,１５画
謀,１６画
隗,１３画
弘,５画
俣,９画
處,１１画
研,９画
芥,７画
扛,６画
逼,１３画
瓱,９画
験,１８画
陌,９画
臨,１８画
雑,１４画
决,６画
旛,１８画
殺,１０画
蜷,１４画
弛,６画
乗,９画
仗,５画
篌,１５画
録,１６画
樂,１５画
髭,１６画
第,１１画
郁,９画
榲,１４画
覲,１８画
靠,１５画
檮,１８画
儉,１５画
搖,１３画
吟,７画
汪,７画
蒐,１３画
赫,１４画
譽,２０画
餬,１８画
佰,８画
控,１１画
述,８画
付,５画
唹,１１画
嬪,１７画
郊,９画
齏,２３画
乘,１０画
暹,１６画
褌,１４画
酬,１３画
汰,７画
笳,１１画
蛞,１２画
鴿,１７画
吠,７画
錵,１５画
蹣,１８画
仙,５画
榴,１４画
樅,１５画
驩,２７画
佳,８画
篏,１５画
靡,１９画
迴,１０画
搗,１３画
惶,１２画
拑,８画
晝,１１画
癡,１９画
成,６画
服,８画
珂,９画
紗,１０画
創,１２画
宇,６画
嘯,１６画
撤,１５画
遯,１５画
霖,１６画
彰,１４画
秩,１０画
專,１１画
濁,１６画
聴,１７画
梹,１１画
醺,２１画
攷,６画
躰,１２画
腟,１３画
鎰,１８画
舶,１１画
罟,１０画
奄,８画
寓,１２画
瀋,１８画
跿,１４画
銹,１５画
譁,１７画
倹,１０画
朏,９画
賦,１５画
絮,１２画
堤,１２画
預,１３画
拒,８画
設,１１画
溢,１３画
植,１２画
我,７画
守,６画
晞,１１画
惷,１３画
術,１１画
紘,１０画
鑽,２７画
薦,１６画
珈,９画
攸,７画
剽,１３画
壜,１９画
奇,８画
尉,１１画
橋,１６画
籥,２３画
躱,１３画
遲,１６画
罠,１０画
秬,１０画
歩,８画
疋,５画
桔,１０画
泥,８画
禊,１４画
黠,１８画
喨,１２画
看,９画
文,４画
勝,１２画
袴,１１画
綽,１４画
莫,１０画
麥,１１画
礙,１９画
淬,１１画
箍,１４画
萩,１２画
疎,１２画
瞬,１８画
耄,１０画
婦,１１画
渮,１１画
擬,１７画
胝,９画
兜,１１画
斈,７画
猯,１２画
歪,９画
纉,２１画
海,９画
桙,１０画
注,８画
県,９画
膰,１６画
鷺,２４画
痼,１３画
莱,１０画
輟,１５画
勞,１２画
禍,１３画
喩,１２画
糅,１５画
袵,１１画
斉,８画
嚠,１８画
姆,８画
国,８画
杳,８画
赭,１６画
煖,１３画
蒔,１３画
鮟,１７画
垓,９画
誄,１３画
鯨,１９画
飜,２１画
皴,１２画
芦,７画
幺,３画
医,７画
廝,１５画
崕,１１画
羮,１５画
灯,６画
畍,９画
茣,１０画
柬,９画
穆,１６画
窗,１２画
爭,８画
幻,４画
杵,８画
閻,１６画
姉,８画
慊,１３画
囿,９画
芫,７画
垠,９画
悠,１１画
顕,１８画
幼,５画
酲,１４画
蒙,１３画
灰,６画
匿,１０画
煙,１３画
鐫,２１画
走,７画
畏,９画
誅,１３画
懋,１７画
轣,２３画
潦,１５画
鬻,２２画
恃,９画
扞,６画
蠅,１９画
鈬,１２画
厰,１４画
推,１１画
瑣,１４画
拓,８画
帚,８画
滿,１４画
馼,１４画
請,１５画
境,１４画
瓲,９画
蓿,１４画
弟,７画
虚,１１画
簪,２０画
債,１３画
冴,７画
繋,１７画
隘,１３画
蛟,１２画
別,７画
犢,１９画
扠,６画
殻,１１画
恆,９画
帛,８画
拔,８画
搜,１２画
掩,１１画
弥,８画
潭,１５画
樊,１５画
虜,１３画
蹤,１８画
縊,１６画
鞭,１８画
瑤,１４画
况,７画
刧,７画
瓶,１１画
駁,１４画
諌,１５画
舷,１１画
蕕,１５画
霙,１６画
咬,９画
檳,１８画
碯,１４画
撥,１５画
仞,５画
豚,１１画
否,７画
汲,７画
捍,１０画
唾,１１画
癢,２０画
徼,１６画
砕,９画
逾,１３画
戒,７画
晟,１０画
楡,１３画
螫,１７画
観,１８画
鋏,１５画
憂,１５画
褐,１３画
讀,２２画
鶫,２０画
改,７画
藹,１９画
質,１５画
膳,１６画
謁,１５画
瀏,１８画
龠,１７画
街,１２画
迷,９画
自,６画
雕,１６画
尊,１２画
仟,５画
咯,９画
舸,１１画
騙,１９画
象,１２画
吩,７画
汳,７画
称,１０画
鰥,２１画
霜,１７画
蜻,１４画
臭,９画
篝,１６画
捏,１０画
无,４画
碵,１４画
砠,１０画
攻,７画
燐,１７画
髮,１５画
梺,１１画
淮,１１画
俤,９画
統,１２画
椎,１２画
寔,１２画
許,１１画
降,１０画
嶷,１７画
廟,１５画
珊,９画
乙,１画
併,８画
九,２画
夅,７画
奈,８画
鵁,１７画
乞,３画
喪,１２画
深,１１画
釀,２４画
椏,１２画
梼,１１画
陏,９画
鷽,２４画
俥,９画
壞,１９画
也,３画
燒,１６画
奉,８画
爰,９画
貴,１２画
安,６画
茨,９画
鮠,１７画
者,８画
儒,１６画
麦,７画
猴,１２画
影,１５画
桜,１０画
襯,２１画
堪,１２画
笵,１１画
繍,１７画
紙,１０画
暼,１６画
歯,１２画
弦,８画
頑,１３画
瞭,１７画
莵,１０画
宋,７画
態,１４画
溥,１３画
罧,１３画
區,１１画
煢,１３画
麩,１５画
耆,１０画
嬬,１７画
斌,１２画
禎,１３画
爲,１２画
薨,１６画
竡,１１画
躾,１６画
惹,１２画
擯,１７画
榻,１４画
錺,１５画
茫,９画
誇,１３画
貶,１１画
輦,１５画
續,２１画
袷,１１画
齒,１５画
桝,１１画
完,７画
弧,９画
級,９画
笶,１１画
糊,１５画
崖,１１画
皷,１４画
聶,１８画
杷,８画
圀,９画
婪,１１画
綾,１４画
幽,９画
柮,９画
嘱,１５画
窘,１２画
萪,１２画
餮,１８画
黥,２０画
兢,１４画
墅,１４画
箏,１４画
憇,１５画
浸,１０画
灸,７画
鯰,１９画
濂,１６画
豢,１３画
港,１２画
鱶,２６画
鎹,１８画
羯,１５画
捐,１０画
證,１９画
患,１１画
食,９画
鈷,１３画
冶,７画
痾,１３画
杼,８画
柯,９画
礦,２０画
剿,１３画
崗,１１画
瑩,１５画
婬,１１画
幾,１２画
潮,１５画
灼,７画
圃,１０画
職,１８画
浹,１０画
橘,１６画
墓,１３画
捕,１０画
皸,１４画
綿,１４画
萬,１２画
嘲,１５画
朔,１０画
胞,９画
蕗,１６画
屮,３画
扣,６画
垢,９画
始,８画
眛,１０画
戔,８画
咲,９画
郎,９画
蔀,１４画
踈,１４画
嚢,１８画
疏,１２画
腥,１３画
芬,７画
泪,８画
偃,１１画
屯,４画
赱,６画
措,１１画
畐,９画
扨,６画
利,７画
謂,１６画
恊,９画
虞,１３画
眞,１０画
姐,８画
朕,１０画
胡,９画
簫,１９画
泯,８画
郛,１０画
垣,９画
芭,７画
咳,９画
赳,１０画
山,３画
棄,１３画
酳,１４画
腦,１３画
駄,１４画
奎,９画
縋,１６画
鐵,２１画
屶,５画
畑,９画
蕘,１５画
遵,１５画
踉,１４画
或,８画
假,１１画
刪,７画
蔆,１４画
疑,１４画
扮,７画
鞳,１８画
代,５画
儔,１６画
傷,１３画
帝,９画
欟,２８画
佶,８画
絲,１２画
厳,１７画
檸,１８画
楢,１３画
隙,１３画
癧,２１画
籬,２５画
褒,１５画
至,６画
船,１１画
轤,２３画
尋,１２画
徽,１７画
穉,１７画
螯,１７画
搦,１３画
砥,１０画
願,１９画
犧,２０画
鶯,２１画
帥,９画
霞,１７画
募,１２画
佻,８画
致,１０画
蜿,１４画
瀑,１８画
瓷,１１画
絳,１２画
諍,１５画
鰭,２１画
以,５画
際,１４画
艀,１３画
蹲,１９画
儕,１６画
歳,１３画
面,９画
迸,１０画
蠍,１９画
啀,１１画
髯,１５画
覺,２０画
撩,１５画
遁,１３画
頒,１３画
賭,１６画
決,７画
溪,１３画
閼,１６画
旡,４画
鬼,１０画
拗,８画
靤,１４画
限,９画
殼,１２画
衙,１３画
軅,１９画
袿,１１画
喫,１２画
宍,７画
鵄,１７画
蒜,１３画
劃,１４画
冷,７画
藺,１９画
既,１０画
確,１５画
啄,１０画
騨,１９画
汽,７画
迹,１０画
陛,１０画
樋,１５画
拘,８画
遂,１２画
宏,７画
頓,１３画
魁,１４画
撫,１５画
燔,１６画
懌,１６画
游,１２画
箒,１４画
訳,１１画
松,８画
鮨,１７画
彳,３画
乢,４画
晢,１１画
漁,１４画
含,７画
災,７画
慌,１２画
鋒,１５画
膵,１５画
惺,１２画
福,１３画
修,１０画
榾,１４画
濃,１６画
爵,１７画
雖,１７画
斎,１１画
嬰,１７画
婿,１２画
彷,７画
乱,７画
桟,１０画
移,１１画
踊,１４画
放,８画
紛,１０画
薩,１７画
皹,１４画
板,８画
炉,８画
訴,１２画
听,７画
渺,１２画
糎,１５画
箔,１４画
齔,１７画
晤,１１画
纎,２１画
乳,８画
篠,１７画
役,７画
惻,１２画
懍,１６画
榿,１４画
寛,１３画
珍,９画
胤,９画
驪,２９画
屹,６画
掫,１１画
泰,１０画
耋,１２画
十,２画
朖,１１画
罨,１３画
蛤,１２画
廠,１５画
嚥,１９画
莧,１０画
竢,１２画
飢,１０画
黨,２０画
垤,９画
千,３画
織,１８画
餽,１９画
茯,９画
襲,２２画
入,２画
圄,１０画
痿,１３画
錻,１６画
譌,１９画
酵,１４画
椒,１２画
誉,１３画
輩,１５画
全,６画
岌,７画
駅,１４画
卅,４画
淳,１１画
笹,１１画
讃,２２画
麪,１５画
偈,１１画
瑪,１４画
朗,１０画
冽,８画
胥,９画
簷,１９画
擱,１７画
珎,９画
寝,１３画
掬,１１画
萱,１２画
飩,１３画
垪,９画
罩,１３画
疒,５画
兩,８画
而,６画
泱,８画
蛩,１２画
岐,７画
豪,１４画
猶,１２画
窟,１３画
芯,７画
真,１０画
悦,１０画
鈿,１３画
堯,１２画
莽,９画
郡,１０画
畔,１０画
崘,１１画
褓,１４画
羲,１６画
柱,９画
鑾,２７画
衛,１６画
煤,１３画
勠,１３画
暾,１６画
鯱,１９画
搨,１３画
花,７画
拙,８画
腫,１３画
捗,１０画
瓸,１１画
刮,８画
蝉,１５画
潯,１５画
鶲,２１画
鱸,２７画
涅,１０画
眠,１０画
鉄,１３画
樌,１５画
礪,１９画
諏,１５画
豫,１６画
嘴,１６画
犬,４画
柳,９画
留,１０画
窩,１４画
菁,１１画
广,３画
猷,１３画
遶,１６画
壟,１９画
悧,１０画
聹,２０画
郢,１０画
堰,１２画
招,８画
芳,７画
姑,８画
漂,１４画
恋,１０画
仭,５画
瞰,１７画
閾,１６画
鸚,２８画
稀,１２画
赴,９画
釁,２５画
令,５画
辛,７画
奏,９画
買,１２画
鏃,１９画
佼,８画
欠,４画
姓,８画
弩,８画
積,１６画
扱,６画
心,４画
戚,１１画
艇,１３画
増,１４画
嶺,１７画
縒,１６画
仮,６画
次,６画
瀕,１９画
緇,１４画
恍,９画
起,１０画
忄,３画
辜,１２画
漆,１４画
委,８画
貸,１２画
魂,１４画
使,８画
必,５画
弭,９画
扶,７画
蔑,１４画
楪,１３画
髱,１５画
靦,１６画
吭,７画
砦,１１画
政,９画
憊,１６画
咸,９画
鋤,１５画
檻,１９画
膸,１７画
號,１３画
斐,１２画
臺,１４画
档,１０画
訶,１２画
嶼,１６画
迺,１０画
霤,１８画
遅,１２画
吮,７画
癨,２１画
螳,１７画
靨,２３画
砧,１０画
故,９画
燕,１６画
蕚,１５画
楫,１３画
騫,２０画
儖,１７画
播,１５画
鋩,１４画
追,９画
憎,１４画
桧,１０画
茱,９画
傾,１３画
禝,１５画
鮪,１７画
對,１４画
庁,５画
賺,１７画
師,１０画
裁,１２画
喬,１２画
煥,１３画
紜,１０画
歴,１４画
謄,１７画
慍,１３画
消,１０画
厶,２画
胯,１０画
父,４画
汾,７画
廡,１５画
蒟,１３画
蠎,１７画
耐,９画
餾,１９画
俯,１０画
鍄,１６画
覽,２２画
乾,１１画
去,５画
晦,１１画
兪,９画
絵,１２画
渾,１２画
糒,１６画
飫,１３画
劇,１５画
爺,１３画
広,５画
繕,１８画
顛,１９画
米,６画
茲,９画
薪,１６画
席,１０画
障,１４画
麭,１６画
参,８画
豬,１６画
涌,１０画
沁,７画
素,１０画
導,１５画
蛬,１２画
禦,１６画
頗,１４画
耒,６画
僂,１３画
單,１２画
籵,８画
胱,１０画
庄,６画
慎,１３画
鮫,１７画
壤,２０画
遷,１５画
懐,１６画
歸,１８画
奐,９画
圈,１１画
媒,１２画
炊,８画
竣,１２画
溯,１３画
犯,５画
枅,８画
殿,１３画
啅,１１画
皺,１５画
雙,１８画
珞,１０画
鵆,１７画
日,４画
軆,２０画
椙,１２画
宕,８画
酷,１４画
弯,９画
掲,１１画
垰,９画
濆,１５画
陜,１０画
黯,２１画
旦,５画
犲,６画
彼,８画
菅,１１画
炎,８画
縛,１６画
罪,１３画
碼,１５画
擲,１８画
簸,１９画
愀,１２画
費,１２画
驫,３０画
契,９画
旧,５画
變,２３画
圉,１１画
枇,８画
宗,８画
媚,１２画
商,１１画
珠,１０画
椚,１２画
溲,１３画
童,１２画
棆,１２画
状,７画
炒,８画
弱,１０画
毀,１３画
到,８画
瞳,１７画
疔,７画
踏,１５画
卆,４画
望,１１画
甃,１４画
淵,１２画
瘁,１３画
嬲,１７画
駆,１４画
墜,１５画
誌,１４画
偉,１２画
羶,１９画
凄,１０画
艘,１６画
鏈,１９画
泳,８画
藻,１９画
姙,９画
岑,７画
升,４画
批,７画
鯲,１９画
窪,１４画
寞,１３画
刳,８画
戛,１１画
疚,８画
萵,１２画
鑿,２８画
槁,１４画
郤,１０画
猾,１３画
瞶,１７画
踐,１５画
午,４画
朝,１２画
礫,２０画
鳥,１１画
混,１１画
岔,７画
齟,２０画
偏,１１画
扼,７画
俳,１０画
崙,１１画
欣,８画
眤,１０画
輪,１５画
仰,６画
闃,１７画
勢,１３画
筅,１２画
臻,１６画
捜,１０画
瑯,１４画
嚮,１９画
砲,１０画
腮,１３画
鐶,２１画
忌,７画
穎,１６画
鉅,１３画
畚,１０画
襴,２２画
柴,１０画
芸,７画
業,１３画
潰,１５画
癩,２１画
拜,９画
欧,８画
侃,８画
俵,１０画
眥,１１画
譎,１９画
仲,６画
憐,１６画
玲,９画
忍,７画
魃,１５画
筆,１２画
腰,１３画
捧,１１画
瀘,１９画
芹,７画
畛,１０画
崚,１１画
闇,１７画
破,１０画
蹴,１９画
鞴,１９画
湃,１２画
搬,１３画
沂,７画
帯,１０画
虧,１７画
診,１２画
衝,１５画
謇,１７画
趁,１２画
曁,１６画
籾,９画
媛,１２画
緊,１５画
退,９画
霧,１９画
諒,１５画
樒,１５画
紡,１０画
恐,１０画
箕,１４画
沃,７画
漉,１４画
儘,１６画
嘶,１５画
鶴,２１画
蕣,１６画
僅,１３画
送,９画
燗,１６画
粁,９画
搭,１２画
湊,１２画
註,１２画
彿,８画
櫁,１８画
裂,１２画
稈,１２画
鰮,２１画
八,２画
橙,１６画
瘉,１４画
褝,１４画
吶,７画
咼,９画
遇,１２画
酸,１４画
爻,４画
公,４画
掴,１１画
饂,１９画
碾,１５画
庇,７画
嶽,１７画
涎,１０画
劈,１５画
參,１１画
蠏,１９画
濔,１７画
竦,１２画
鸛,２８画
薫,１６画
六,４画
軈,２４画
咽,９画
辞,１３画
吸,６画
爼,９画
類,１８画
小,３画
蝋,１４画
往,８画
報,１２画
悩,１０画
桴,１１画
釆,７画
撮,１５画
床,７画
程,１２画
兮,４画
少,４画
毅,１５画
遉,１３画
革,９画
懣,１８画
棉,１２画
裃,１１画
瘋,１４画
骨,１０画
機,１６画
掵,１１画
煦,１３画
旨,６画
晧,１１画
賻,１７画
蒡,１３画
亀,１１画
髴,１５画
疝,８画
萸,１２画
垳,９画
廢,１５画
制,８画
纏,２１画
陝,１０画
糖,１６画
絶,１２画
覿,２２画
枉,８画
艙,１６画
卉,５画
茴,９画
官,８画
早,６画
效,１０画
繖,１８画
國,１１画
找,７画
炙,８画
珥,１０画
疣,９画
啌,１１画
晨,１１画
亂,１３画
胴,１０画
喰,１２画
旬,６画
枋,８画
溶,１３画
宙,８画
鋪,１５画
刷,８画
埀,１０画
螺,１７画
半,５画
照,１３画
茵,９画
萼,１２画
陞,１０画
鮭,１７画
蒭,１３画
麸,１１画
炬,９画
珪,１０画
絹,１３画
購,１７画
洋,９画
篤,１６画
甄,１４画
雛,１８画
勣,１３画
嬶,１７画
拝,８画
鵈,１７画
察,１４画
部,１１画
衞,１６画
芻,１０画
猿,１３画
羚,１１画
逃,９画
悪,１１画
貼,１２画
曄,１４画
縞,１６画
皿,５画
愁,１３画
槃,１４画
蛭,１２画
隠,１４画
朞,１２画
藾,１９画
豸,７画
洌,９画
黴,２３画
盂,８画
崛,１１画
選,１５画
篥,１６画
勤,１２画
豹,１０画
甅,１４画
郭,１１画
譏,１９画
拠,８画
鵐,１８画
礬,２０画
超,１２画
認,１４画
瑰,１４画
斑,１２画
柵,９画
凅,１０画
罫,１３画
姚,９画
菊,１１画
駈,１５画
沈,７画
膺,１７画
鍋,１７画
飭,１３画
鉈,１３画
鐸,２１画
奔,８画
忖,６画
耕,１０画
戝,１１画
岡,８画
羸,１９画
嚴,２０画
場,１２画
椛,１１画
窮,１５画
粂,９画
犹,７画
砺,１０画
漏,１４画
蝌,１５画
嘸,１５画
淹,１１画
簽,１９画
志,７画
慓,１４画
襷,２２画
越,１２画
鯵,１９画
査,９画
沌,７画
飮,１３画
鶸,２１画
菌,１１画
偐,１１画
准,１０画
姜,９画
岨,８画
斗,４画
擴,１８画
置,１３画
鉉,１３画
鍍,１７画
奕,９画
誑,１４画
駐,１５画
捨,１１画
瑳,１４画
忘,７画
粃,１０画
騰,２０画
咾,９画
尓,５画
墟,１５画
來,８画
輯,１６画
又,２画
帰,１０画
欲,１１画
征,８画
爽,１１画
鏐,１９画
桶,１１画
算,１４画
靫,１２画
叉,３画
潴,１５画
鳧,１３画
俶,１０画
尖,６画
蠑,２０画
撰,１５画
腱,１３画
遊,１２画
憑,１６画
及,３画
儚,１５画
哀,９画
証,１２画
僉,１３画
癪,２１画
瞹,１８画
霪,１９画
侈,８画
搴,１４画
瀚,１９画
帳,１１画
尚,８画
徂,８画
輳,１６画
欷,１１画
桷,１１画
友,４画
踝,１５画
魄,１５画
鳩,１３画
韃,２２画
索,１０画
褞,１５画
承,８画
緋,１４画
件,６画
蔓,１４画
敍,１１画
磁,１４画
虫,６画
廣,１５画
疥,９画
胸,１０画
蛮,１２画
楮,１３画
蹶,１９画
謌,１７画
肙,７画
穏,１６画
觀,２４画
臼,６画
鋭,１５画
价,６画
稍,１２画
薬,１６画
溷,１３画
畜,１０画
虱,８画
陟,１０画
麹,１５画
紫,１２画
絽,１３画
張,１１画
蕨,１５画
毆,１５画
鸞,３０画
瘍,１４画
臾,９画
疫,９画
蔔,１４画
総,１４画
褥,１５画
技,７画
敏,１０画
胼,１０画
楯,１３画
廨,１６画
聽,２２画
歹,４画
吹,７画
旭,６画
涓,１０画
恒,９画
壥,２０画
枌,８画
櫂,１８画
耗,１０画
卍,６画
序,７画
竪,１４画
愃,１２画
醂,１５画
問,１１画
洒,９画
論,１５画
劉,１５画
眦,１１画
禧,１７画
死,６画
纐,２１画
辟,１３画
樓,１５画
茶,９画
頚,１４画
旱,７画
吻,７画
繙,１８画
亅,１画
豺,１０画
套,１０画
顧,２１画
拡,８画
棊,１２画
郵,１１画
班,１０画
筈,１２画
了,２画
卑,９画
涕,１０画
炭,９画
營,１７画
篦,１６画
甌,１６画
析,８画
予,４画
啓,１１画
洗,９画
裄,１１画
底,８画
歿,８画
耘,１０画
旺,８画
鮮,１７画
恕,１０画
竭,１４画
眩,１０画
茸,９画
吼,７画
鵑,１８画
奘,１０画
貽,１２画
寡,１４画
膽,１７画
讌,２３画
戞,１２画
糘,１６画
料,１０画
饅,２０画
髷,１６画
共,６画
采,８画
媼,１３画
逅,１０画
鰯,２１画
晩,１２画
営,１２画
淺,１１画
定,８画
例,８画
隣,１６画
巉,２０画
鏑,１９画
圍,１２画
雜,１８画
菎,１１画
落,１２画
釈,１１画
羹,１９画
蘂,１９画
螻,１７画
貿,１２画
斛,１１画
埃,１０画
鍔,１７画
掻,１１画
逆,９画
宛,８画
兵,７画
媽,１３画
寢,１４画
普,１２画
膾,１７画
糜,１７画
湍,１２画
侍,８画
戟,１２画
饉,２０画
悲,１２画
狂,７画
聆,１１画
曇,１６画
盃,９画
俸,１０画
強,１１画
齠,２０画
窯,１５画
衡,１６画
鐺,２１画
芽,８画
券,８画
堵,１２画
姥,９画
縟,１６画
崟,１１画
骭,１３画
凉,１０画
飯,１２画
僊,１４画
慕,１４画
狃,７画
悳,１２画
勦,１３画
遺,１５画
誓,１４画
盆,９画
偕,１１画
苅,７画
闊,１７画
車,７画
鈴,１３画
濕,１７画
姦,９画
崢,１１画
弸,１１画
骰,１４画
刹,８画
襾,６画
堺,１２画
曉,１６画
懦,１７画
飲,１２画
任,６画
墨,１４画
嬾,１９画
钁,２８画
検,１２画
双,４画
獄,１４画
磅,１５画
韆,２４画
岩,８画
期,１２画
柾,９画
漑,１５画
潸,１５画
沍,７画
紬,１１画
帶,１１画
腴,１３画
舁,９画
槇,１４画
徃,８画
詁,１２画
恙,１０画
罰,１４画
反,４画
噂,１５画
鉋,１３画
企,６画
忙,６画
煩,１３画
嚶,２０画
蝎,１５画
楳,１３画
捩,１０画
岫,８画
簾,１９画
鳫,１３画
瑶,１３画
駑,１５画
踞,１５画
収,４画
柿,９画
墫,１５画
霰,２０画
擶,１８画
径,８画
恚,１０画
沐,７画
椡,１２画
鶺,２１画
伉,６画
朦,１７画
紮,１１画
帷,１１画
舂,１１画
鰄,２０画
詆,１２画
蒲,１３画
畝,１０画
艚,１７画
箘,１４画
豼,１１画
愆,１３画
砿,１０画
忩,８画
品,９画
騷,２０画
爾,１４画
税,１２画
穐,１６画
運,１２画
蹼,１９画
殀,８画
譖,２１画
憔,１５画
撲,１５画
償,１７画
謎,１７画
粉,１０画
蕩,１５画
趙,１４画
哂,９画
畠,１０画
蠕,２０画
湎,１２画
緑,１４画
貂,１２画
毋,４画
搶,１３画
褪,１５画
硅,１１画
魅,１５画
癬,２２画
蒸,１３画
輸,１６画
箙,１４画
遍,１２画
母,５画
圏,１２画
狄,７画
聾,２２画
枕,８画
賽,１７画
靭,１２画
括,９画
珮,１０画
等,１２画
旻,８画
溺,１３画
西,６画
院,１０画
士,３画
宜,８画
尠,１３画
棋,１２画
其,８画
郷,１１画
葆,１２画
諚,１５画
讎,２３画
橡,１６画
釉,１２画
樔,１５画
洙,９画
桼,１１画
疱,１０画
狆,７画
眷,１１画
薮,１６画
麺,１６画
壬,４画
纒,２２画
装,１２画
刺,８画
掾,１２画
要,９画
耙,１０画
欸,１１画
救,１１画
林,８画
拭,９画
昂,８画
珱,１０画
宝,８画
壮,６画
筋,１２画
園,１３画
糞,１７画
靱,１２画
具,８画
狎,８画
都,１１画
覃,１２画
曖,１７画
桾,１１画
洛,９画
櫃,１８画
蛯,１２画
軋,８画
争,６画
岬,８画
虹,９画
卒,８画
炮,９画
頡,１５画
辣,１４画
劍,１５画
禪,１７画
漓,１４画
髻,１６画
示,５画
沒,７画
庖,８画
茹,９画
綉,１３画
埆,１０画
吽,７画
繚,１８画
鋲,１５画
抂,７画
軌,９画
勧,１３画
景,１２画
誕,１５画
亊,７画
岱,８画
燠,１７画
蔕,１４画
甍,１５画
瞻,１８画
礻,４画
巌,２０画
虻,９画
嗄,１３画
卓,８画
鮴,１７画
鵙,１８画
吾,７画
炯,９画
螽,１７画
沓,８画
蛸,１３画
埋,１０画
礼,５画
荀,９画
抃,７画
廩,１６画
店,８画
瀛,１９画
頤,１６画
事,８画
軍,９画
叔,８画
黶,２６画
俺,１０画
隧,１６画
盈,９画
鏖,１９画
苑,８画
斜,１１画
慘,１４画
涙,１０画
趣,１５画
啖,１１画
姨,９画
媾,１３画
噌,１５画
角,７画
偖,１１画
齡,２０画
顫,２２画
飴,１４画
零,１３画
蘆,１９画
崩,１１画
奚,１０画
鍖,１７画
取,８画
堽,１３画
羽,６画
膿,１７画
益,１０画
瘟,１５画
俾,１０画
端,１４画
濘,１７画
苒,８画
觚,１３画
墮,１５画
擺,１８画
戠,１３画
涛,１０画
姪,９画
翁,１０画
腸,１３画
潺,１５画
菓,１１画
窰,１５画
艝,１７画
醇,１５画
煬,１３画
裏,１３画
添,１１画
鳬,９画
働,１３画
鰰,２１画
逋,１１画
離,１８画
伊,６画
長,８画
弼,１２画
楴,１３画
駒,１５画
尢,３画
緒,１４画
遼,１５画
携,１３画
篩,１６画
蝓,１５画
侏,８画
骸,１６画
椢,１２画
詈,１２画
門,８画
寤,１４画
隽,１０画
尤,４画
菖,１１画
朧,２０画
鳰,１３画
潼,１５画
裔,１３画
腹,１３画
懲,１８画
艟,１８画
伍,６画
窶,１６画
醉,１５画
閂,９画
凋,１０画
殃,９画
獅,１３画
陣,１０画
応,７画
槊,１４画
穗,１７画
聿,６画
衢,２４画
壯,７画
橢,１６画
縡,１６画
孀,２０画
捫,１１画
毎,６画
典,８画
栂,９画
鑁,２１画
爿,４画
珸,１１画
硝,１２画
賀,１２画
瑾,１５画
庚,８画
狐,９画
常,１１画
踟,１５画
忝,８画
抄,７画
洞,９画
牀,８画
肄,１３画
除,１０画
嚼,２１画
声,７画
累,１１画
韈,２３画
闌,１７画
殄,９画
能,１０画
毒,８画
凌,１０画
据,１１画
蠖,１９画
輹,１６画
過,１２画
魍,１８画
獎,１５画
簿,１９画
栃,９画
兼,１０画
構,１４画
壱,７画
府,８画
牆,１７画
棍,１２画
眸,１１画
刻,８画
哄,９画
辧,１６画
釋,２０画
磆,１５画
昃,８画
枚,８画
悴,１１画
晰,１２画
署,１３画
麻,１１画
劑,１６画
粋,１０画
耜,１１画
憖,１６画
炳,９画
鉐,１３画
樗,１５画
蚊,１０画
欹,１２画
讐,２３画
躁,２０画
騾,２１画
蔗,１４画
撹,１５画
筌,１２画
薯,１７画
待,９画
瞼,１８画
儡,１７画
哇,９画
蛹,１３画
褫,１５画
剃,９画
昆,８画
眺,１１画
果,８画
翅,１０画
棒,１２画
糟,１７画
靴,１３画
磊,１５画
涜,１０画
蒹,１３画
晴,１２画
舅,１３画
粍,１０画
罵,１５画
巍,２１画
麼,１４画
鉗,１３画
露,２１画
炸,９画
耡,１３画
蟀,１７画
悵,１１画
癰,２３画
蚋,１０画
愈,１３画
受,８画
清,１１画
畢,１１画
疲,１０画
協,８画
噎,１５画
稔,１３画
湖,１２画
贄,１８画
社,７画
綏,１３画
遽,１７画
呀,７画
拮,９画
鏗,２０画
貅,１３画
荅,９画
謐,１７画
恟,９画
慙,１５画
二,２画
黷,２７画
叙,９画
鵜,１８画
疳,１０画
鄂,１２画
于,３画
畤,１１画
箚,１４画
渇,１１画
祀,８画
蕪,１５画
南,９画
呂,７画
桿,１１画
愉,１２画
拯,９画
曙,１７画
湘,１２画
云,４画
廬,１９画
齢,１７画
草,９画
噐,１５画
經,１３画
啗,１１画
葉,１２画
侑,８画
弾,１２画
斟,１３画
櫑,１９画
溽,１３画
細,１１画
縢,１６画
演,１４画
沖,７画
像,１４画
苓,８画
揀,１２画
緕,１４画
諛,１５画
鬆,１８画
菘,１１画
鋳,１５画
実,８画
禮,１８画
嗅,１３画
伎,６画
甎,１６画
難,１８画
捲,１１画
鳳,１４画
敕,１１画
瘠,１５画
倅,１０画
侖,８画
姫,１０画
燥,１７画
紲,１１画
啜,１１画
纓,２３画
覆,１８画
識,１９画
沙,７画
戡,１３画
臀,１７画
苔,８画
葎,１２画
鍛,１７画
頬,１５画
櫓,１９画
伏,６画
擽,１８画
滂,１３画
彁,１３画
客,９画
僑,１４画
姶,９画
菜,１１画
逍,１１画
隨,１６画
煮,１２画
勲,１５画
做,１１画
鹵,１１画
極,１２画
脂,１０画
奠,１２画
駕,１５画
城,９画
殆,９画
篭,１６画
肅,１３画
栄,９画
蝕,１５画
褶,１６画
鰲,２２画
圓,１３画
逎,１１画
鮹,１８画
脅,１０画
顯,２３画
鹸,１９画
濛,１６画
煽,１４画
楷,１３画
殉,１０画
停,１１画
駘,１５画
栓,１０画
險,１６画
狒,８画
硫,１２画
賁,１２画
耑,９画
嵋,１２画
恠,９画
標,１５画
陥,１０画
饋,２１画
毓,１４画
盍,１０画
詐,１２画
鑄,２２画
搾,１３画
骼,１６画
剄,９画
塀,１２画
繝,１８画
領,１４画
憙,１６画
粐,１０画
衣,６画
嫁,１３画
誘,１４画
椣,１２画
蘇,１９画
悶,１２画
罷,１５画
觜,１３画
鰆,２０画
寥,１４画
璃,１５画
狗,８画
竰,１４画
鉚,１３画
闍,１７画
嵌,１２画
蒻,１３画
墳,１５画
囀,２１画
澀,１７画
衤,５画
恢,９画
獏,１３画
盒,１１画
糠,１７画
陦,１０画
硬,１２画
粒,１１画
賂,１３画
木,４画
籀,１９画
詑,１２画
霸,２１画
則,９画
槌,１４画
樛,１５画
悸,１１画
髀,１８画
表,８画
稗,１３画
忠,８画
抉,７画
昇,８画
穡,１８画
辨,１６画
岳,８画
尨,７画
孃,２０画
帽,１２画
飼,１３画
踪,１５画
撻,１６画
贅,１８画
点,９画
売,７画
眼,１１画
凍,１０画
忤,７画
湛,１２画
把,７画
箜,１４画
庠,９画
拱,９画
蕭,１６画
腺,１３画
岶,８画
昊,８画
継,１３画
幀,１２画
蠡,２１画
稘,１３画
飽,１３画
尭,８画
着,１２画
為,９画
壷,１１画
現,１１画
哈,９画
鶻,２１画
橦,１６画
諜,１６画
筍,１２画
劒,１６画
埒,１０画
貉,１３画
趨,１７画
洟,９画
漕,１４画
里,７画
祁,８画
瀝,１９画
枝,８画
疵,１１画
蔘,１４画
敖,１１画
沚,７画
単,９画
薹,１７画
謔,１６画
翆,１０画
鄒,１３画
遏,１３画
梁,１１画
軒,１０画
鬘,２１画
瞽,１８画
燦,１７画
閃,１０画
重,９画
済,１１画
輻,１６画
荊,９画
宣,９画
冀,１６画
磋,１５画
球,１１画
哉,９画
沛,７画
祇,９画
埓,１０画
棔,１２画
麾,１５画
枠,８画
筏,１２画
耨,１６画
裕,１２画
滄,１３画
津,９画
貊,１３画
廰,２０画
橲,１６画
疸,１０画
鷁,２１画
閇,１１画
軛,１１画
博,１２画
嫂,１２画
勳,１６画
徇,９画
慚,１４画
揃,１２画
呆,７画
叛,９画
欺,１２画
優,１７画
侘,８画
斡,１４画
鋸,１６画
驀,２０画
雨,８画
晶,１２画
躄,２０画
讒,２４画
與,１３画
呈,７画
靹,１３画
愍,１３画
覇,１９画
雩,１１画
濟,１７画
蚌,１０画
很,９画
纔,２３画
智,１２画
艢,１９画
嫉,１３画
慝,１４画
揄,１２画
頭,１６画
叟,１０画
供,８画
呉,７画
擾,１８画
譚,１９画
戦,１３画
欽,１２画
齣,２０画
岷,８画
醋,１５画
奢,１２画
未,５画
嗇,１３画
窺,１６画
懴,１８画
塁,１２画
略,１１画
緘,１５画
互,４画
肆,１３画
蝗,１５画
倆,１０画
蛻,１３画
觝,１２画
啝,１１画
苗,８画
誚,１４画
圖,１４画
紳,１１画
褸,１６画
透,１０画
瘡,１５画
末,５画
岸,８画
涯,１１画
獗,１５画
姻,９画
五,４画
禰,１９画
著,１１画
殊,１０画
苙,８画
槍,１４画
駛,１５画
奥,１２画
畦,１１画
本,５画
健,１１画
塊,１３画
櫚,１９画
井,４画
黹,１２画
僕,１４画
澁,１５画
倉,１０画
解,１３画
肇,１４画
鹹,２０画
啣,１２画
紵,１１画
岻,８画
醍,１６画
縣,１６画
度,９画
抑,７画
摂,１３画
鳴,１４画
狙,８画
憚,１５画
繞,１８画
鏘,１９画
饌,２１画
鉛,１３画
競,２０画
伐,６画
鑑,２３画
椥,１２画
甑,１７画
嵎,１２画
続,１３画
疹,１０画
穢,１８画
粕,１１画
璋,１５画
硯,１２画
叱,５画
抒,７画
狛,８画
壹,１２画
座,１０画
就,１２画
楸,１３画
稙,１３画
菟,１２画
鯀,１８画
悼,１１画
鍜,１７画
曚,１７画
鳶,１４画
休,６画
摎,１４画
縦,１６画
隰,１７画
粗,１１画
鉞,１３画
翊,１１画
避,１６画
梃,１１画
快,７画
辭,１９画
遐,１３画
凖,１２画
捶,１１画
癲,２４画
片,４画
篳,１７画
琅,１１画
罸,１５画
腿,１４画
恣,１０画
盖,１１画
孅,２０画
闔,１８画
版,８画
實,１４画
愎,１２画
貌,１４画
睇,１２画
蘊,１９画
烈,１０画
賃,１３画
墸,１５画
鵝,１８画
衫,８画
栖,１０画
陪,１１画
忰,７画
熄,１４画
卜,２画
翌,１１画
慟,１４画
臂,１７画
囁,２１画
梅,１０画
卞,４画
理,１１画
遑,１３画
盗,１１画
鰈,２０画
霹,２１画
凛,１５画
彈,１５画
牋,１２画
籃,２１画
恤,９画
膀,１４画
顰,２４画
蟄,１７画
踰,１６画
魎,１８画
昌,８画
姿,９画
輾,１７画
比,４画
韋,１０画
液,１１画
蔚,１４画
驂,２１画
渉,１１画
棕,１２画
薺,１７画
哘,９画
洩,９画
明,８画
足,７画
燧,１７画
裘,１３画
幃,１２画
毘,９画
蒼,１３画
滅,１３画
瀞,１９画
軟,１１画
瞿,１８画
款,１２画
筐,１２画
蕷,１６画
麿,１８画
噛,１５画
橸,１６画
趺,１１画
威,９画
昏,８画
韓,１８画
廱,２１画
糢,１６画
樞,１５画
毛,４画
洪,９画
員,１０画
踴,１６画
涵,１１画
野,１１画
諞,１６画
敗,１１画
逐,１０画
謖,１７画
斤,４画
巒,２２画
勵,１６画
荏,９画
興,１６画
徊,９画
葛,１２画
枡,８画
雪,１１画
会,６画
亘,６画
箝,１４画
脆,１０画
斥,５画
残,１０画
磐,１５画
褻,１７画
削,９画
奧,１３画
依,８画
閉,１１画
贇,１９画
鬚,２２画
量,１２画
詒,１２画
逑,１１画
嫋,１３画
濠,１７画
揆,１２画
耳,６画
斧,８画
伜,６画
敘,１１画
亙,６画
雫,１１画
律,９画
荐,９画
枢,８画
髄,１９画
剋,９画
謗,１７画
縫,１６画
侠,８画
耶,９画
譛,１９画
攀,１９画
脇,１０画
醐,１６画
鋺,１６画
捷,１１画
栗,１０画
劔,１６画
嗔,１３画
札,５画
拳,１０画
苛,８画
漠,１３画
没,７画
撼,１６画
祈,８画
蛾,１３画
鏝,１９画
儲,１８画
埔,１０画
熈,１５画
告,７画
個,１０画
懶,１９画
冂,２画
躅,２０画
朮,５画
槎,１４画
線,１５画
恥,１０画
獣,１６画
叡,１６画
覈,１９画
黻,１７画
内,４画
偬,１１画
飾,１３画
粘,１１画
菠,１１画
湟,１２画
栞,１０画
紹,１１画
祉,８画
捺,１１画
呎,７画
頰,１６画
沢,７画
苜,８画
朱,６画
拵,９画
澂,１５画
円,４画
嗚,１３画
肉,６画
埖,１０画
鋼,１６画
恨,９画
漢,１３画
鷂,２１画
禳,２２画
罹,１６画
語,１４画
鰹,２３画
邀,１７画
團,１４画
蝙,１５画
忱,７画
衰,１０画
室,９画
甓,１８画
闕,１８画
畧,１１画
烋,１０画
賄,１３画
靺,１４画
璞,１６画
悽,１１画
岼,８画
駝,１５画
尸,３画
曜,１８画
囂,２１画
尹,４画
鵞,１８画
念,８画
宥,９画
僖,１４画
畩,１１画
羂,１８画
衲,９画
膂,１４画
誠,１３画
鉢,１３画
彊,１６画
讓,２４画
圜,１６画
烏,１０画
截,１４画
資,１３画
窿,１７画
篶,１７画
疼,１０画
硲,１２画
瘢,１５画
寧,１４画
蟆,１６画
占,５画
繦,１８画
庫,１０画
貍,１４画
饐,２１画
梍,１１画
鴃,１５画
鄙,１４画
楹,１３画
洫,９画
蚓,１０画
卦,８画
鍠,１７画
蕾,１６画
癶,５画
触,１３画
疽,１０画
臆,１７画
剌,９画
樟,１５画
櫛,１９画
硴,１２画
庭,１０画
摑,１４画
癸,９画
貎,１５画
隱,１７画
洲,９画
篷,１７画
渊,１１画
狠,９画
椦,１２画
蔟,１４画
嵐,１２画
抓,７画
憤,１５画
裙,１２画
綛,１３画
斫,９画
陬,１１画
伝,６画
鑒,２３画
琉,１１画
墹,１５画
稚,１３画
橿,１７画
哢,１０画
暁,１２画
狡,９画
蘋,１９画
塋,１３画
抔,７画
糧,１８画
竸,２２画
滉,１３画
黃,１２画
渋,１１画
鯆,１８画
韜,２０画
子,３画
斬,１１画
伯,７画
涸,１１画
踵,１６画
椨,１２画
穣,１８画
陰,１１画
嵒,１２画
孑,３画
凜,１５画
蔡,１４画
綜,１４画
啻,１２画
舉,１６画
転,１１画
蠢,２１画
幄,１２画
輿,１７画
意,１３画
毟,８画
蒿,１３画
魏,１８画
祐,９画
睚,１３画
宦,１０画
藁,１７画
儷,２１画
沫,８画
燬,１７画
逓,１０画
磑,１５画
趾,１１画
湧,１２画
獨,１６画
壺,１２画
辮,２０画
耻,１０画
些,８画
嫌,１３画
盛,１１画
躇,１９画
後,９画
枦,８画
埜,１１画
揉,１２画
鹽,２５画
噤,１６画
驃,２１画
擁,１６画
遒,１３画
濡,１７画
脈,１０画
宮,１０画
慢,１４画
軣,１１画
毫,１１画
啼,１２画
娃,９画
祓,１０画
価,８画
幅,１２画
愕,１２画
沮,８画
籌,２０画
跂,１１画
睛,１３画
耽,１０画
蓁,１３画
枩,８画
牌,１２画
謙,１７画
途,１０画
岾,８画
諠,１６画
冉,５画
棗,１２画
艤,１９画
苞,８画
閊,１１画
釐,１８画
呑,７画
奨,１３画
朴,６画
力,２画
巓,２２画
詔,１２画
勸,１９画
筑,１２画
歃,１３画
鄭,１５画
紺,１１画
冊,５画
番,１２画
習,１１画
校,１０画
齦,２１画
偲,１１画
功,５画
捻,１１画
恩,１０画
殍,１１画
雰,１２画
峅,８画
嗜,１３画
教,１１画
開,１２画
朶,６画
黼,１９画
瀟,１９画
呟,８画
加,５画
苟,８画
漣,１４画
頴,１６画
贈,１８画
册,５画
醒,１６画
棘,１２画
側,１１画
翔,１２画
評,１２画
栢,１０画
畫,１２画
鬟,２３画
劣,６画
恪,９画
朷,６画
筒,１２画
紿,１１画
戮,１５画
梏,１１画
瘤,１５画
尺,４画
肋,６画
易,８画
靼,１４画
餃,１５画
投,７画
槐,１４画
菩,１１画
疾,１０画
蜀,１３画
緜,１５画
纖,２３画
忸,７画
矇,１８画
叢,１８画
甕,１８画
繧,１８画
拶,９画
尻,５画
荒,９画
渓,１１画
肌,６画
懷,１９画
僚,１４画
錆,１６画
土,３画
梓,１１画
襁,１６画
髏,２１画
昔,８画
抖,７画
尼,５画
忻,７画
菫,１１画
痂,１０画
肓,７画
餅,１５画
誡,１４画
瘧,１４画
鞁,１４画
廳,２５画
拷,９画
蜂,１３画
葡,１２画
倍,１０画
寨,１４画
情,１１画
蝟,１５画
粛,１１画
蚕,１０画
邁,１６画
藉,１７画
楼,１３画
黄,１１画
觧,１３画
魑,２１画
曝,１９画
衵,９画
嵜,１２画
涼,１１画
烙,１０画
鉤,１３画
黌,２５画
椪,１２画
蘓,１９画
倏,１１画
惆,１１画
蔣,１４画
洳,９画
粟,１２画
綟,１３画
葢,１２画
隲,１７画
鵠,１８画
蚣,１０画
蝠,１５画
衷,９画
觴,１８画
楽,１３画
審,１５画
墺,１６画
奩,１４画
竃,１７画
轂,１７画
狢,９画
補,１２画
鰉,２０画
稜,１３画
鏡,１９画
熊,１４画
磔,１６画
哥,１０画
憧,１５画
闖,１８画
孔,４画
鴆,１５画
箟,１４画
檀,１７画
軫,１２画
沱,８画
薀,１６画
駟,１５画
塑,１３画
饑,２１画
枯,９画
孕,５画
暃,１２画
庵,１１画
顱,２５画
愚,１３画
牒,１３画
硼,１３画
狩,９画
臈,１６画
模,１４画
滋,１２画
膃,１４画
驅,２１画
囃,２１画
彌,１７画
裝,１３画
櫞,１９画
賈,１３画
字,６画
河,８画
澄,１５画
奪,１４画
竄,１８画
闘,１８画
管,１４画
熏,１４画
墻,１６画
憩,１６画
枳,９画
軸,１２画
稟,１３画
鷄,２１画
轄,１７画
哦,１０画
摘,１４画
鴇,１５画
湫,１２画
霽,２２画
亜,７画
卩,２画
舊,１７画
壻,１２画
徐,１０画
掀,１１画
縮,１７画
緝,１５画
殕,１２画
侫,８画
勹,２画
卮,５画
鰺,２２画
估,７画
娉,１０画
燭,１７画
毬,１１画
璢,１６画
盜,１２画
勺,３画
啾,１２画
幇,１２画
鍬,１７画
道,１２画
描,１１画
擂,１６画
助,７画
器,１５画
亞,８画
発,９画
卯,５画
濤,１７画
蠣,２０画
終,１１画
羃,１８画
勾,４画
逕,１１画
陲,１１画
伴,７画
覊,２５画
鯉,１８画
韭,９画
掃,１１画
貔,１７画
緞,１５画
娑,１０画
徑,１０画
湮,１２画
侭,８画
壼,１３画
印,６画
努,７画
舌,６画
殖,１２画
蓄,１３画
亟,８画
凝,１６画
毯,１２画
盞,１３画
槓,１４画
諡,１６画
歇,１３画
荘,９画
域,１１画
周,８画
金,８画
脉,９画
忽,８画
口,３画
断,１１画
錏,１６画
肖,７画
前,９画
嫐,１３画
敝,１２画
古,５画
跋,１２画
慣,１４画
巖,２３画
呪,８画
睡,１３画
齧,２１画
拾,９画
釖,１０画
偵,１１画
辯,２１画
鞄,１４画
句,５画
鹿,１１画
黽,１３画
肘,７画
荳,１０画
詛,１２画
脊,１０画
餉,１５画
様,１４画
醗,１６画
棚,１２画
忿,８画
籍,２０画
剏,９画
斯,１２画
歉,１４画
諢,１６画
埠,１１画
誣,１４画
叨,５画
謚,１７画
譜,１９画
琢,１１画
圦,５画
雲,１２画
蟇,１６画
矍,２０画
邂,１７画
鉦,１３画
昜,９画
苡,８画
再,６画
攅,１８画
宰,１０画
鑓,２２画
嗟,１３画
椰,１３画
洵,９画
讖,２４画
鄰,１６画
朸,６画
禸,５画
僞,１４画
圧,５画
漫,１４画
躊,２１画
栩,１０画
恫,９画
蚤,１０画
贊,１９画
儺,２１画
懸,２０画
翕,１２画
琥,１２画
冏,７画
瘰,１６画
襃,１７画
答,１２画
蝣,１５画
禹,９画
蹂,１６画
机,６画
鵡,１９画
在,６画
苣,８画
澆,１５画
纛,２４画
鉱,１３画
瀦,１９画
星,９画
害,１０画
洶,９画
椴,１３画
嗣,１３画
譟,２０画
尽,６画
暄,１３画
烝,１０画
庶,１１画
渕,１１画
韮,１２画
抗,７画
危,６画
艦,２１画
繩,１９画
粡,１２画
祕,１０画
耿,１０画
董,１２画
徒,１０画
糯,２０画
衽,９画
華,１０画
尾,７画
臉,１７画
鯊,１８画
楾,１３画
畭,１２画
頷,１６画
即,７画
蘖,２０画
顳,２７画
折,７画
寫,１５画
康,１１画
烟,１０画
韲,１９画
尿,７画
暇,１３画
渙,１２画
提,１２画
磚,１６画
璧,１８画
駢,１６画
擅,１６画
独,９画
鏤,１９画
閏,１２画
獪,１６画
甘,５画
怎,９画
鍮,１７画
曠,１９画
梔,１１画
惇,１１画
牘,１９画
竹,６画
賊,１３画
沸,８画
枴,９画
軻,１２画
滌,１４画
甚,９画
箪,１５画
鰻,２２画
們,１０画
毳,１２画
竺,８画
怏,８画
狭,９画
閑,１２画
插,１２画
隴,１９画
鴈,１５画
轅,１７画
髑,２３画
摧,１４画
熔,１４画
磧,１６画
彎,２２画
見,７画
觸,２０画
架,９画
勿,４画
塒,１３画
峇,９画
幌,１３画
錐,１６画
鰊,２０画
存,６画
碁,１３画
登,１２画
拿,１０画
舍,８画
穩,１９画
燮,１７画
鼇,２４画
嵩,１３画
藍,１８画
劫,７画
棟,１２画
樢,１５画
督,１３画
脚,１１画
裟,１３画
湯,１２画
亠,２画
羅,１９画
蔦,１４画
孚,７画
新,１３画
峙,９画
亡,３画
舎,８画
剔,１０画
關,１９画
塔,１２画
錘,１６画
巛,３画
憫,１５画
匁,４画
持,９画
櫟,１９画
蠧,２２画
劬,７画
竅,１８画
饒,２１画
發,１２画
亢,４画
幎,１３画
川,３画
孛,７画
碆,１３画
蟋,１７画
簀,１７画
達,１２画
呰,９画
縱,１７画
霾,２２画
圭,６画
噪,１６画
鄲,１５画
薄,１６画
繪,１９画
荵,１０画
攘,２０画
逖,１１画
映,９画
膈,１４画
宴,１０画
地,６画
綢,１４画
陳,１１画
埣,１１画
壽,１４画
魔,２１画
蓆,１３画
呱,９画
懺,２０画
違,１３画
驍,２２画
締,１５画
諤,１６画
貘,１７画
春,９画
稠,１３画
囈,２１画
哨,１０画
簇,１７画
圷,６画
儻,２２画
瀧,１９画
荷,１０画
宵,１０画
盟,１３画
逗,１１画
噫,１６画
墾,１６画
菰,１２画
蜃,１３画
舄,１２画
株,１０画
冐,８画
嫖,１４画
獰,１７画
衾,１０画
朽,６画
矗,２４画
祖,９画
戯,１５画
跌,１２画
釘,１０画
鬢,２４画
淀,１１画
敞,１２画
慥,１４画
禺,９画
愛,１３画
伶,７画
偶,１１画
絃,１１画
叩,５画
策,１２画
詞,１２画
榁,１３画
琲,１２画
痃,１０画
瘴,１６画
養,１５画
朿,６画
授,１１画
濫,１８画
鞅,１４画
侮,８画
槙,１４画
糲,２０画
娘,１０画
奬,１４画
冑,９画
只,５画
殘,１２画
祗,１０画
栫,１０画
釛,１０画
菱,１１画
寮,１５画
衿,９画
鵤,１８画
蜆,１３画
离,１１画
跏,１２画
伸,７画
讙,２４画
杁,６画
誤,１４画
嫗,１４画
淅,１１画
組,１１画
叫,６画
病,１０画
感,１３画
詠,１２画
偸,１１画
敢,１２画
筝,１２画
籏,２０画
粢,１２画
鷆,２１画
喀,１２画
竿,９画
廴,３画
艨,１９画
檄,１７画
蚩,１０画
葦,１３画
異,１１画
局,７画
穫,１８画
麁,１３画
延,８画
翠,１４画
鑚,２３画
僣,１４画
烱,１１画
鉾,１４画
雷,１３画
枷,９画
襄,１７画
聊,１１画
洸,９画
笂,９画
蹄,１６画
滑,１３画
屁,７画
椶,１３画
粤,１２画
喃,１２画
澎,１５画
畳,１２画
隶,８画
歌,１４画
廷,７画
嗤,１３画
辰,７画
葩,１２画
蚪,１０画
講,１７画
肚,７画
駭,１６画
油,８画
恬,９画
擇,１６画
漬,１４画
抛,７画
鍵,１７画
綣,１４画
氈,１７画
裡,１２画
甜,１１画
鰌,２０画
肛,７画
躋,２１画
塗,１３画
蝦,１５画
摩,１５画
臍,１８画
狷,１０画
箭,１５画
種,１４画
頸,１６画
沺,８画
恭,１０画
熕,１４画
贋,１９画
鯏,１８画
鰾,２２画
抜,７画
渚,１１画
肝,７画
駮,１６画
櫨,２０画
蘗,２０画
裨,１３画
漱,１４画
魘,２４画
嵬,１３画
黍,１２画
棠,１２画
梗,１１画
靂,２４画
邃,１８画
几,２画
倒,１０画
従,１０画
脛,１１画
却,７画
峠,９画
陵,１１画
燵,１７画
環,１７画
交,６画
凡,３画
曦,２０画
軼,１２画
斷,１８画
劭,７画
若,８画
遖,１３画
夂,３画
剖,１０画
孜,７画
暈,１３画
湲,１２画
睘,１３画
㓁,４画
鴉,１５画
庸,１１画
揖,１２画
処,５画
緡,１５画
変,９画
這,１１画
淆,１１画
貝,７画
症,１０画
亥,６画
卵,７画
散,１２画
梛,１１画
幔,１４画
脣,１１画
黎,１５画
闡,２０画
苦,８画
励,７画
嵯,１３画
得,１１画
簍,１７画
一,１画
倔,１０画
峡,９画
棡,１２画
醜,１７画
凧,５画
陶,１１画
髓,２３画
丁,２画
貞,９画
孝,７画
瀬,１９画
軽,１２画
驕,２２画
顴,２６画
亦,６画
惑,１２画
樣,１５画
琳,１２画
侯,９画
麈,１６画
薇,１６画
繭,１８画
膊,１４画
匂,４画
縲,１７画
怐,８画
杆,７画
掉,１１画
鏥,１９画
哩,１０画
間,１２画
栲,１０画
規,１１画
挂,９画
禽,１３画
蓉,１３画
蜈,１３画
盡,１４画
絅,１１画
包,５画
鬣,２５画
憬,１５画
杉,７画
荻,１０画
殞,１４画
誥,１４画
侵,９画
哭,１０画
琴,１２画
碇,１３画
磨,１６画
壁,１６画
怒,９画
閔,１２画
権,１５画
音,９画
覓,１１画
匆,５画
惓,１１画
栴,１０画
指,９画
掌,１２画
膏,１４画
蟐,１７画
藏,１８画
餌,１５画
酉,７画
釜,１０画
味,８画
睥,１３画
蔬,１５画
聒,１２画
息,１０画
僥,１４画
鞆,１４画
埴,１１画
伺,７画
辱,１０画
廸,８画
賍,１３画
跖,１２画
昧,９画
家,１０画
攜,２１画
鵬,１９画
酊,９画
諦,１６画
葫,１２画
呵,８画
白,５画
恰,９画
詢,１３画
鼈,２５画
餐,１６画
嫡,１４画
轆,１８画
針,１０画
聖,１３画
似,７画
建,９画
鯑,１８画
噬,１６画
農,１３画
歎,１５画
百,６画
睦,１３画
跚,１２画
昨,９画
澑,１５画
讚,２６画
璽,１９画
警,１９画
娚,１０画
戰,１６画
鷏,２１画
烹,１１画
甞,１３画
艪,２１画
齪,２２画
鍼,１７画
州,６画
矚,２６画
冒,９画
凩,６画
祚,１０画
瘻,１６画
翡,１４画
槝,１４画
纜,２８画
檍,１７画
濬,１７画
牙,４画
袁,１０画
畴,１２画
奮,１６画
熙,１５画
羆,１９画
善,１２画
鑛,２３画
娜,１０画
鰍,２０画
牛,４画
冓,１０画
凪,６画
蚫,１１画
贍,２０画
筥,１３画
椹,１３画
錙,１６画
巡,６画
祝,９画
烽,１１画
牝,６画
生,５画
慧,１５画
枸,９画
獲,１６画
丩,２画
揚,１２画
舐,１０画
痊,１１画
彑,３画
湶,１２画
卷,８画
択,７画
圸,６画
隷,１６画
鴎,１５画
召,５画
穰,２２画
塘,１３画
箱,１５画
当,６画
摯,１５画
粥,１２画
蹇,１７画
倖,１０画
菲,１１画
頻,１７画
躍,２１画
徘,１１画
圻,７画
襌,１７画
叭,５画
枹,９画
駱,１６画
舒,１２画
糴,２２画
櫪,２０画
彖,９画
嗷,１４画
卸,９画
披,８画
痍,１１画
湾,１２画
叮,５画
址,７画
獵,１８画
鱆,２２画
治,８画
言,７画
剛,１０画
狸,１０画
還,１６画
饕,２２画
概,１４画
燹,１８画
廁,１２画
七,２画
通,１０画
股,８画
囎,２２画
苧,８画
銀,１４画
滓,１３画
方,４画
怕,８画
鏨,１９画
韵,１３画
万,３画
孟,８画
活,９画
閖,１２画
訂,９画
視,１１画
棣,１２画
臑,１８画
狹,１０画
挈,１０画
曩,２１画
碌,１３画
於,８画
沼,８画
寰,１６画
丈,３画
峨,１０画
剝,１０画
逝,１０画
季,８画
肢,８画
怖,８画
漲,１４画
邇,１８画
廂,１２画
苫,８画
黏,１７画
銃,１４画
三,３画
洽,９画
閘,１３画
榊,１４画
燻,１８画
醢,１７画
訃,９画
宸,１０画
暉,１３画
操,１６画
竇,２０画
絆,１１画
雹,１３画
愡,１２画
綫,１４画
夊,３画
笄,１０画
李,７画
禾,５画
酋,９画
呶,８画
淇,１１画
侶,９画
氏,４画
労,７画
蜉,１３画
匈,６画
薈,１６画
負,９画
亨,７画
嵳,１３画
靄,２４画
稱,１４画
民,５画
禿,７画
陷,１１画
餒,１６画
容,１０画
杏,７画
暎,１２画
惘,１１画
跛,１２画
磬,１６画
呷,８画
壅,１６画
絋,１１画
偽,１１画
劵,８画
夏,１０画
匍,９画
氓,８画
笆,１０画
酌,１０画
享,８画
財,１０画
電,１３画
便,９画
愧,１３画
體,２３画
擒,１６画
材,７画
翦,１５画
懼,２１画
賎,１３画
蠱,２３画
蟒,１５画
艫,２２画
遘,１４画
居,８画
巣,１１画
戲,１７画
蔭,１４画
釟,１０画
荼,１０画
譫,２０画
伽,７画
敦,１２画
脩,１１画
皀,７画
緤,１５画
蝨,１５画
條,１１画
詣,１３画
幕,１３画
神,９画
減,１２画
蚯,１１画
錚,１６画
憮,１５画
琵,１２画
蹈,１７画
横,１５画
軾,１３画
屆,８画
轉,１８画
掎,１１画
辶,４画
攝,２１画
皃,７画
釡,１０画
噴,１５画
裲,１３画
佃,７画
糶,２５画
簑,１６画
莅,１０画
辷,５画
工,３画
翩,１５画
祟,１０画
麋,１７画
喇,１２画
籐,２１画
候,１０画
儼,２２画
僧,１３画
抬,８画
柁,９画
葬,１２画
監,１５画
哮,１０画
彗,１１画
筧,１３画
聘,１３画
鍾,１７画
齬,２２画
昭,９画
誦,１４画
冕,１１画
諧,１６画
殤,１５画
核,１０画
焉,１１画
抱,８画
歐,１５画
倚,１０画
柄,９画
闢,２１画
喉,１２画
盤,１５画
僭,１４画
哲,１０画
是,９画
筬,１２画
鬥,１０画
槞,１４画
縵,１７画
袂,９画
塙,１３画
換,１２画
菴,１１画
沽,８画
謝,１７画
鷓,２２画
施,９画
繰,１９画
鞋,１５画
鴒,１６画
蓊,１３画
上,３画
檎,１７画
濮,１７画
牟,６画
産,１１画
綬,１４画
慨,１３画
療,１７画
剞,１０画
坂,７画
下,３画
摶,１４画
嫣,１４画
缶,６画
舖,１５画
執,１１画
沾,８画
袈,１１画
牡,７画
鑞,２３画
睨,１３画
菷,１１画
斿,９画
膓,１５画
不,４画
塚,１２画
缸,９画
均,７画
槧,１５画
銅,１４画
縷,１７画
醤,１７画
握,１２画
甥,１２画
謠,１７画
鞍,１５画
淋,１１画
凭,８画
屈,８画
粧,１２画
棧,１２画
薊,１６画
徙,１１画
琶,１２画
陸,１１画
狼,１０画
隸,１７画
藐,１７画
京,８画
熟,１５画
可,５画
廻,９画
魚,１１画
駲,１６画
需,１４画
瓊,１８画
漸,１４画
頼,１６画
届,８画
村,７画
痒,１１画
派,９画
裳,１４画
傀,１２画
矛,５画
羇,２２画
贏,２０画
卻,９画
淌,１１画
穴,５画
凰,１１画
襍,１７画
曰,４画
榎,１４画
亭,９画
台,５画
嗹,１４画
狽,１０画
粨,１２画
椽,１３画
鰐,２０画
黐,２３画
從,１１画
廼,９画
鯒,１８画
杓,７画
獸,１９画
魯,１５画
琺,１２画
曲,６画
険,１１画
屋,９画
覗,１２画
瀰,２０画
左,５画
按,９画
敬,１２画
根,１０画
箴,１５画
蜊,１３画
女,３画
幗,１４画
脯,１１画
遙,１４画
當,１３画
嵶,１３画
竈,２１画
風,９画
娟,１０画
孤,９画
辺,５画
英,８画
梟,１１画
碍,１３画
奴,５画
寳,１９画
恵,１０画
逞,１１画
饗,２２画
巧,５画
稲,１４画
鵯,１９画
峩,１０画
廃,１２画
气,４画
惚,１１画
丂,２画
辻,６画
格,１０画
奸,６画
覘,１２画
挌,９画
気,６画
澗,１５画
娠,１０画
巨,５画
愨,１４画
苳,８画
脱,１１画
孥,８画
湿,１２画
靆,２４画
颪,１２画
恷,１０画
畷,１３画
遜,１４画
梠,１１画
数,１３画
込,５画
速,１０画
与,３画
鼎,１３画
蘚,２０画
誨,１４画
秀,７画
賑,１４画
滔,１３画
樫,１６画
距,１２画
呻,８画
肥,８画
暑,１２画
譬,２０画
丐,４画
怙,８画
韶,１４画
較,１３画
嫦,１４画
効,８画
抵,８画
憲,１６画
躑,２２画
夐,１４画
笈,１０画
蠶,２６画
掏,１１画
哺,１０画
莇,１０画
閙,１３画
祠,１０画
渝,１２画
鼓,１３画
配,１０画
丑,４画
磯,１７画
呼,８画
私,７画
盥,１６画
肩,８画
怛,８画
簒,１７画
跟,１３画
且,５画
賓,１５画
劼,８画
暖,１３画
滕,１５画
抹,８画
樮,１４画
擔,１６画
笊,１０画
牢,７画
麌,１８画
聚,１４画
試,１３画
繹,１９画
驗,２３画
但,７画
蚰,１１画
蟠,１８画
葭,１２画
蔵,１５画
編,１５画
檐,１７画
鐃,２０画
蝪,１５画
錠,１６画
冖,２画
焔,１１画
濯,１７画
凱,１２画
鎌,１８画
臓,１９画
餓,１５画
囑,２４画
牧,８画
睫,１３画
嗽,１４画
係,９画
冗,４画
匏,１１画
貢,１０画
計,９画
椿,１３画
壇,１６画
佇,７画
轌,１８画
歓,１５画
喊,１２画
噸,１６画
写,５画
聞,１４画
葮,１２画
蚶,１１画
鯔,１９画
鞏,１５画
詩,１３画
縹,１７画
翫,１５画
闥,２１画
鴕,１６画
究,７画
好,６画
痔,１１画
氛,８画
卿,１２画
宿,１１画
鱇,２２画
缺,１０画
袋,１１画
峪,１０画
漾,１４画
隹,８画
廾,３画
熨,１５画
彙,１３画
諫,１６画
釣,１１画
傅,１２画
妁,６画
澡,１６画
鵲,１９画
培,１１画
昴,９画
柆,９画
史,５画
経,１１画
曳,６画
甦,１２画
儿,２画
穹,８画
鬧,１５画
槨,１５画
借,１０画
氣,１０画
隻,１０画
廿,４画
揣,１２画
攣,２３画
痕,１１画
陽,１２画
鑠,２３画
兀,３画
峭,１０画
鴛,１６画
齲,２４画
右,５画
罅,１７画
如,６画
更,７画
寂,１１画
弁,５画
羈,２４画
昵,９画
柊,９画
厂,２画
懽,２０画
蓋,１３画
櫺,２１画
矜,９画
艮,６画
維,１４画
肪,８画
森,１２画
邉,１７画
霄,１５画
癆,１７画
的,８画
鷙,２２画
娥,１０画
学,８画
藕,１８画
蹉,１７画
箸,１５画
菻,１１画
辿,７画
良,７画
摸,１３画
満,１２画
瓏,２０画
頽,１６画
粫,１２画
裴,１４画
廈,１３画
谷,７画
悁,１０画
舗,１５画
肬,８画
銑,１４画
殪,１６画
艱,１７画
蓍,１３画
迂,７画
綮,１４画
孩,９画
皆,９画
謡,１６画
矢,５画
棯,１２画
谺,１２画
贐,２１画
霆,１５画
醪,１８画
菽,１１画
悃,１０画
懾,２１画
櫻,２１画
輅,１３画
促,９画
剣,１０画
沿,８画
慫,１５画
旁,１０画
流,１０画
蔽,１５画
挑,９画
竊,２２画
籔,２１画
覚,１２画
惜,１１画
戳,１８画
苴,８画
淑,１１画
坊,７画
杖,７画
渟,１２画
駸,１７画
笋,１０画
脳,１１画
襖,１８画
俄,９画
臘,１９画
愬,１４画
造,１０画
徠,１１画
載,１３画
況,８画
膕,１５画
魴,１５画
賚,１５画
遞,１４画
剤,１０画
滝,１３画
苹,８画
坎,７画
旃,１０画
獺,１９画
浄,９画
鰒,２０画
杙,７画
覡,１４画
物,８画
碎,１３画
薐,１６画
韻,１９画
允,４画
燼,１８画
絎,１２画
位,７画
排,１１画
栽,１０画
猊,１１画
匐,１１画
驚,２２画
寵,１９画
首,９画
轍,１９画
鐇,２０画
屍,９画
抻,８画
榑,１４画
元,４画
鼕,１８画
梢,１１画
瀲,２０画
畸,１３画
牲,９画
低,７画
躓,２２画
颯,１４画
樵,１６画
琿,１３画
掖,１１画
敲,１４画
馗,１１画
兄,５画
絏,１２画
碑,１４画
匕,２画
筮,１３画
押,８画
訊,１０画
釦,１１画
夕,３画
哽,１０画
厄,４画
莉,１０画
癇,１７画
命,８画
蘢,１９画
蟯,１８画
錢,１６画
閠,１３画
麑,１９画
高,１０画
幟,１５画
稷,１５画
外,５画
怜,８画
倡,１０画
劾,８画
塞,１３画
餔,１６画
厖,９画
譯,２０画
跡,１３画
亮,９画
盧,１６画
釧,１１画
蛄,１１画
訌,１０画
詫,１３画
暗,１３画
唄,１０画
夘,５画
咀,８画
髞,２３画
簓,１７画
倣,１０画
莊,１０画
関,１４画
思,９画
勁,９画
癈,１７画
焙,１２画
嶂,１４画
袍,１０画
巫,７画
摺,１４画
冠,９画
憶,１６画
丕,５画
溂,１２画
濱,１７画
娩,１０画
祢,９画
妃,６画
痘,１２画
緩,１５画
酎,１０画
嗾,１４画
舘,１６画
銓,１４画
戴,１７画
蝮,１５画
弃,７画
諭,１６画
歔,１６画
槫,１５画
鬨,１６画
楊,１３画
壊,１６画
妄,６画
鷦,２３画
世,５画
葯,１２画
隅,１２画
綯,１４画
差,１０画
焚,１２画
謦,１８画
噺,１６画
色,６画
袒,１０画
囓,２４画
撃,１５画
鞐,１５画
祥,１０画
冢,１０画
嶄,１４画
酒,１０画
擘,１７画
娯,１０画
翰,１６画
痙,１２画
縺,１７画
鑢,２３画
丗,５画
溌,１２画
弄,７画
基,１１画
説,１４画
糸,６画
睹,１４画
蜍,１３画
漿,１５画
屎,９画
邊,１９画
隼,１０画
叶,５画
氤,１０画
繻,２０画
檗,１７画
矣,７画
傍,１２画
廉,１３画
彜,１６画
蹊,１７画
秉,８画
裸,１３画
迄,７画
泄,８画
嫩,１４画
皇,９画
峯,１０画
糺,７画
苺,８画
杜,７画
号,５画
抽,８画
屏,９画
浅,９画
柎,９画
殫,１６画
雀,１１画
知,８画
水,４画
睾,１４画
司,５画
埼,１１画
寃,１１画
迅,６画
系,７画
杞,７画
秋,９画
攤,２２画
罌,２０画
皈,９画
苻,８画
蜑,１３画
泅,８画
阜,８画
潁,１５画
読,１４画
裹,１４画
僮,１４画
桀,１１画
貧,１１画
空,８画
節,１３画
慮,１５画
燿,１８画
牴,９画
逡,１１画
淒,１１画
薑,１６画
熬,１５画
坏,７画
渠,１２画
澣,１６画
黑,１２画
駻,１７画
揩,１２画
瑁,１３画
鎔,１８画
聟,１４画
鵺,１９画
麒,１９画
顆,１７画
昶,９画
剥,１０画
御,１２画
瓔,２１画
蓐,１３画
樶,１６画
襞,１９画
谿,１７画
棲,１２画
穽,９画
鴟,１６画
遠,１３画
桁,１０画
籖,２１画
貨,１１画
特,１０画
筰,１３画
震,１５画
坐,７画
萃,１１画
僵,１５画
喋,１２画
膚,１５画
慯,１４画
篁,１５画
淕,１１画
黒,１１画
昼,９画
獻,２０画
逢,１１画
薔,１６画
夙,６画
惟,１１画
挙,１０画
亰,９画
稻,１５画
粭,１２画
梦,１１画
緬,１５画
蕀,１５画
蘭,１９画
用,５画
怠,９画
幡,１５画
曵,７画
甫,７画
寶,２０画
藜,１８画
多,６画
掘,１１画
轎,１９画
鱈,２２画
亳,１０画
滞,１３画
臙,２０画
輊,１３画
鮃,１６画
閣,１４画
惠,１２画
悄,１０画
賛,１５画
挟,９画
梧,１１画
碓,１３画
緯,１６画
粮,１３画
怡,８画
覦,１６画
甬,７画
夛,６画
鼠,１３画
曷,９画
瀾,２０画
稼,１５画
化,４画
猖,１１画
釵,１１画
妊,７画
凵,２画
討,１０画
肭,８画
蝴,１５画
住,７画
凶,４画
充,６画
嫺,１５画
脹,１２画
靈,２４画
塡,１３画
孫,１０画
榔,１４画
諮,１６画
暘,１３画
北,５画
愴,１３画
畿,１５画
票,１１画
蟲,１８画
莎,１０画
鐐,２０画
勃,９画
詬,１３画
馘,１７画
凸,５画
結,１２画
立,５画
妍,７画
猗,１１画
匙,１１画
肯,８画
訐,１０画
驛,２３画
釶,１１画
佐,７画
縻,１７画
脾,１２画
躔,２２画
鯖,１９画
丘,５画
翳,１７画
兆,６画
凹,５画
竍,７画
孰,１１画
嫻,１５画
懿,２２画
鰓,２０画
祭,１１画
髟,１０画
憺,１６画
磴,１７画
羊,６画
氷,５画
咄,８画
唆,１０画
柏,９画
檜,１７画
糾,９画
笏,１０画
己,３画
蛆,１１画
厘,９画
壌,１６画
袖,１０画
已,３画
科,９画
羌,８画
販,１１画
冤,１０画
鬩,１８画
鶇,１９画
俊,９画
酔,１１画
永,５画
弉,１０画
咆,８画
巳,３画
撈,１５画
颱,１４画
某,９画
紀,９画
厚,９画
蜒,１３画
巴,４画
誰,１５画
據,１６画
笑,１０画
潅,１４画
憾,１６画
蛇,１１画
美,９画
唇,１０画
溏,１３画
袗,１０画
鑪,２４画
癌,１７画
峰,１０画
廊,１２画
響,２０画
醫,１８画
嘆,１３画
渡,１２画
盪,１７画
艶,１９画
蠹,２４画
繼,２０画
餘,１６画
濳,１９画
迎,７画
彝,１８画
悉,１１画
惡,１２画
棹,１２画
槭,１５画
錣,１６画
焜,１２画
皋,１０画
綰,１４画
丰,４画
雁,１２画
泉,９画
黔,１６画
堀,１１画
旄,１０画
書,１０画
賜,１５画
娵,１１画
萄,１１画
痛,１２画
豁,１７画
徨,１２画
鷭,２３画
整,１６画
近,７画
連,１０画
罍,２１画
廏,１４画
嘉,１４画
慰,１５画
悋,１０画
裼,１３画
島,１０画
簔,１７画
惣,１２画
渣,１２画
泊,８画
傑,１３画
爆,１９画
叺,５画
榕,１４画
銕,１４画
揮,１２画
矧,９画
跣,１３画
駿,１７画
舛,６画
蓑,１３画
坑,７画
隆,１１画
急,９画
吁,６画
牽,１１画
鐓,２０画
梨,１１画
顋,１８画
兇,６画
楓,１３画
穿,９画
粱,１３画
茂,８画
鴣,１６画
齶,２４画
歙,１６画
筱,１３画
膜,１４画
霈,１５画
戸,４画
價,１５画
喘,１２画
昿,９画
舜,１３画
値,１０画
睿,１４画
嚀,１７画
殯,１８画
襟,１８画
戻,７画
鯛,１９画
藝,１８画
坡,８画
矩,１０画
吃,６画
援,１２画
怦,８画
傘,１２画
榛,１４画
滬,１４画
跨,１３画
銖,１４画
鞘,１６画
躙,２３画
隈,１２画
先,６画
拂,８画
肱,８画
出,５画
蹌,１７画
愼,１３画
邏,２３画
蕁,１５画
俎,９画
屐,１０画
輌,１３画
夜,８画
詭,１３画
竏,８画
桂,１０画
熱,１５画
鎖,１８画
澤,１６画
阝,３画
函,８画
議,２０画
育,８画
寸,３画
嶇,１４画
浙,１０画
挧,９画
鼡,８画
阡,６画
寄,１１画
麓,１９画
担,８画
淘,１１画
鱒,２３画
臚,２０画
寺,６画
謨,１７画
俐,９画
夢,１３画
竒,９画
屑,１０画
桃,１０画
輒,１４画
愽,１３画
肴,８画
蹐,１７画
凾,９画
阨,７画
塢,１３画
蝶,１５画
磽,１７画
勅,９画
欄,２０画
剩,１２画
束,７画
掛,１１画
絖,１２画
亶,１３画
頁,９画
佑,７画
訓,１０画
酖,１１画
樸,１６画
匚,２画
碕,１３画
猛,１１画
葱,１２画
疂,１６画
笘,１１画
遡,１４画
匝,５画
祷,１１画
鬪,２０画
瓜,６画
勇,９画
孱,１２画
杠,７画
香,９画
頂,１１画
体,７画
製,１４画
塩,１３画
總,１７画
覧,１７画
驟,２４画
訖,１０画
匠,６画
掟,１１画
瓠,１２画
鰔,２０画
人,２画
猜,１１画
条,７画
笙,１１画
蝸,１５画
秒,９画
妓,７画
幢,１５画
氾,５画
莓,１０画
瑕,１３画
聡,１４画
田,５画
原,１０画
巵,７画
紂,９画
釼,１１画
繽,２０画
諱,１７画
由,５画
濶,１７画
蘯,２０画
囗,３画
汀,５画
默,１６画
蟶,１９画
緲,１５画
撒,１５画
艷,２４画
課,１５画
鮎,１６画
妖,７画
腆,１２画
潔,１５画
髢,１３画
囘,５画
範,１５画
蛉,１１画
甲,５画
嬉,１５画
秕,９画
源,１３画
蜘,１４画
約,９画
鷯,２３画
厠,１１画
巷,９画
絜,１２画
瑙,１３画
莖,１０画
稽,１５画
幣,１５画
汁,５画
聢,１４画
齷,２４画
申,５画
釿,１２画
囚,５画
鑰,２５画
無,１２画
檠,１６画
皎,１１画
贓,２２画
房,８画
綱,１４画
痞,１２画
錦,１６画
萇,１１画
浚,１０画
倥,１０画
冥,１０画
暝,１４画
柑,９画
邑,７画
弊,１５画
閤,１４画
嶋,１４画
僻,１５画
淙,１１画
羔,１０画
醯,１９画
唏,１０画
壑,１７画
蠻,２５画
悌,１０画
颶,１７画
槲,１５画
所,８画
轗,２０画
謫,１８画
焦,１２画
皐,１１画
萋,１１画
袙,１０画
那,７画
慱,１４画
擠,１７画
廐,１４画
敵,１５画
冦,１０画
染,９画
簗,１７画
譱,２０画
倦,１０画
網,１４画
痢,１２画
嶌,１４画
錨,１６画
暢,１４画
浜,１０画
閥,１４画
棺,１２画
籘,２２画
貪,１１画
餝,１６画
旅,１０画
娶,１１画
雄,１２画
牾,１１画
丙,５画
咋,８画
拆,８画
攪,２３画
厷,４画
騁,１７画
目,５画
什,４画
逧,１１画
彡,３画
瞋,１５画
復,１２画
舞,１５画
霊,１５画
盲,８画
泌,８画
豆,７画
丞,６画
仁,４画
和,８画
銘,１４画
跪,１３画
形,７画
揶,１２画
嚆,１６画
椀,１２画
渤,１２画
旆,１０画
框,１０画
娼,１１画
貫,１１画
鞜,１７画
拇,８画
犀,１２画
雅,１３画
餞,１７画
癒,１８画
豈,１０画
逮,１１画
直,８画
仂,４画
両,６画
対,７画
挨,１０画
蓖,１３画
堂,１１画
梭,１１画
灌,２０画
何,７画
鎗,１８画
范,８画
鴦,１６画
楔,１３画
喙,１２画
葵,１２画
遣,１３画
題,１８画
填,１３画
峺,１０画
光,６画
屓,１０画
寅,１１画
熹,１６画
夥,１４画
託,１０画
俑,９画
阪,７画
寿,７画
短,１２画
臟,２２画
靉,２５画
隊,１２画
備,１２画
罎,２２画
嘔,１４画
麕,１９画
滯,１４画
茄,８画
惧,１１画
佗,７画
堅,１２画
鯡,１９画
挫,１０画
展,１０画
殱,１９画
躡,２５画
幤,１５画
遥,１２画
克,７画
蓙,１３画
蹕,１８画
峻,１０画
稾,１５画
喚,１２画
鴨,１６画
梯,１１画
楕,１３画
阮,７画
俔,９画
葷,１２画
爍,１９画
剪,１１画
曹,１１画
突,８画
詮,１３画
勉,１０画
晁,１０画
返,７画
坤,８画
各,６画
粲,１３画
膝,１５画
孳,１２画
男,７画
求,７画
澪,１６画
戀,２３画
秘,１０画
練,１４画
筴,１３画
祺,１３画
鮑,１６画
賞,１５画
性,８画
杢,７画
肺,９画
歛,１７画
覩,１６画
合,６画
輓,１４画
窃,９画
績,１７画
甸,７画
坦,８画
擡,１７画
蘰,２０画
迚,８画
猝,１１画
掠,１１画
汎,６画
鬮,２６画
曼,１１画
副,１１画
襠,１８画
詰,１３画
勍,１０画
杣,７画
時,１０画
怨,９画
胃,９画
吉,６画
町,７画
膠,１５画
粳,１３画
翹,１８画
妙,７画
蕃,１５画
酘,１１画
鼬,１８画
檢,１７画
礁,１７画
諳,１６画
馥,１８画
然,１２画
碗,１３画
欅,２１画
匡,６画
巻,９画
懃,１７画
樹,１６画
鶉,１９画
贔,２１画
誹,１５画
黙,１５画
厥,１２画
柔,９画
髣,１４画
渥,１２画
壓,１７画
妛,７画
鈍,１２画
竓,９画
慳,１５画
蜚,１４画
瑚,１３画
刀,２画
蟷,１９画
匣,７画
愾,１３画
聨,１５画
蝿,１５画
瓢,１７画
血,６画
酢,１２画
蕈,１５画
刃,３画
巽,１２画
妝,７画
榜,１４画
焼,１２画
諷,１６画
扁,９画
絛,１３画
咎,８画
循,１２画
泓,８画
薗,１６画
責,１１画
玄,５画
悍,１０画
疆,１９画
銚,１４画
彦,９画
篆,１５画
萌,１１画
紅,９画
並,８画
頃,１１画
弋,３画
腋,１２画
莚,１０画
撓,１５画
嬋,１５画
笛,１１画
率,１１画
羝,１１画
咏,８画
弌,４画
法,８画
倨,１０画
楙,１３画
錫,１６画
扇,１０画
浣,１０画
敷,１５画
貭,１１画
旉,１１画
徭,１３画
丨,１画
簟,１８画
紆,９画
萍,１１画
悒,１０画
个,３画
暦,１４画
艸,６画
項,１２画
青,８画
彩,１１画
弍,５画
淞,１１画
藤,１８画
霍,１６画
唐,１０画
舟,６画
汐,６画
袞,１１画
曽,１１画
吊,６画
拈,８画
余,７画
四,５画
旋,１１画
椁,１２画
蛋,１１画
怩,８画
槹,１５画
繿,２１画
豊,１３画
舩,１０画
潘,１５画
犁,１１画
集,１２画
兌,７画
鐔,２０画
俗,９画
飃,２０画
滲,１４画
攫,２３画
週,１１画
吋,６画
汕,６画
冨,１１画
唔,１０画
裾,１３画
回,６画
佚,７画
喜,１２画
曾,１２画
鴪,１６画
蓚,１３画
拉,８画
霎,１６画
鷲,２３画
淡,１１画
譲,２０画
綴,１４画
怪,８画
同,６画
汗,６画
餠,１７画
旌,１１画
鼻,１４画
塰,１３画
鎚,１８画
騅,１８画
爐,２０画
密,１１画
封,９画
記,１０画
迢,９画
茅,８画
濺,１８画
祿,１３画
刄,３画
孵,１４画
揺,１２画
矮,１３画
胄,９画
仄,４画
熾,１６画
案,１０画
畀,８画
大,３画
跫,１３画
輔,１４画
剰,１１画
惨,１１画
皓,１２画
勒,１１画
愿,１４画
嘖,１４画
猟,１１画
懆,１６画
䍃,１０画
話,１３画
嚇,１７画
歟,１７画
天,４画
準,１３画
謬,１８画
遨,１５画
分,４画
嶐,１５画
仆,４画
峽,１０画
専,９画
訛,１１画
械,１１画
痣,１２画
粹,１４画
迥,９画
廓,１４画
胆,９画
襤,２０画
茆,８画
騎,１８画
太,４画
寇,１１画
鯢,１９画
鼾,１７画
切,４画
塲,１４画
癖,１８画
鎧,１８画
仇,４画
禀,１３画
桍,１０画
爛,２１画
搆,１３画
皖,１２画
碚,１３画
租,１０画
坩,８画
鱗,２４画
竕,９画
瞎,１５画
灑,２２画
馨,２０画
隋,１２画
邦,７画
婀,１１画
窄,１０画
澱,１６画
傚,１２画
儀,１５画
戈,４画
晃,１０画
紊,１０画
振,１０画
醴,２０画
坪,８画
順,１２画
葹,１２画
秡,１０画
站,１０画
蘿,２２画
擢,１７画
碣,１４画
戉,５画
瞑,１５画
罐,２３画
榠,１４画
麗,１９画
窈,１０画
邨,７画
隍,１２画
干,３画
閧,１４画
膣,１５画
絞,１２画
礇,１８画
腎,１３画
檣,１７画
杤,７画
筵,１３画
籟,２２画
扈,１１画
鶏,１９画
相,９画
堆,１１画
採,１１画
画,８画
属,１２画
壕,１７画
權,２１画
繁,１６画
鮒,１６画
阯,７画
鞠,１７画
来,７画
聯,１７画
蕉,１５画
蹙,１８画
盻,９画
絡,１２画
腐,１４画
稿,１５画
堊,１１画
扉,１２画
甼,７画
防,７画
筺,１３画
袢,１０画
轜,２１画
驢,２６画
因,６画
航,１０画
柘,９画
緻,１６画
莞,１０画
薙,１６画
中,４画
渦,１２画
誼,１５画
厦,１２画
翻,１８画
槻,１５画
額,１８画
匪,１０画
唖,１０画
鈎,１２画
倩,１０画
羞,１１画
樺,１４画
瑛,１２画
痩,１２画
纂,２０画
靖,１３画
髦,１４画
親,１６画
蜜,１４画
贖,２２画
団,６画
艹,３画
丱,５画
浤,１０画
螂,１６画
鐘,２０画
鰕,２０画
淤,１１画
酣,１２画
艾,５画
微,１３画
柚,９画
舫,１０画
霏,１６画
綵,１４画
數,１５画
蟹,１９画
袤,１１画
售,１１画
囮,７画
彪,１１画
温,１２画
串,７画
瓣,２０画
匯,１３画
厨,１２画
莟,１０画
羣,１３画
芋,６画
鈑,１２画
倪,１０画
臠,２５画
煉,１３画
瑜,１３画
静,１４画
薛,１６画
調,１５画
轟,２１画
雇,１２画
衂,９画
笞,１１画
夫,４画
咐,８画
催,１３画
泗,８画
疇,１９画
進,１１画
學,１６画
豌,１５画
玉,５画
拊,８画
慴,１４画
鱚,２３画
妣,７画
褂,１３画
邪,８画
夬,４画
龍,１６画
式,６画
嶝,１５画
巾,３画
廖,１４画
雉,１３画
萎,１１画
適,１４画
王,４画
咒,８画
衄,１０画
笠,１１画
夭,４画
市,５画
射,１０画
逵,１２画
簡,１８画
飄,２０画
泙,８画
妥,７画
弐,６画
傭,１３画
拌,８画
玖,７画
邯,８画
免,８画
俘,９画
路,１３画
晄,１０画
篇,１５画
蛍,１１画
挺,１０画
矯,１７画
冩,１４画
迦,９画
銛,１４画
刈,４画
殲,２１画
賠,１５画
背,９画
今,４画
潛,１７画
溘,１３画
茉,８画
葺,１２画
黛,１６画
喝,１１画
鮓,１６画
怫,８画
歡,２１画
灘,２２画
撕,１５画
兎,７画
楚,１３画
錬,１６画
刊,５画
粽,１４画
介,４画
族,１１画
滴,１４画
桎,１０画
謳,１８画
俚,９画
寉,１１画
暫,１５画
迩,８画
攬,２５画
胎,９画
跳,１３画
膤,１５画
挽,１０画
茎,８画
蛎,１１画
銜,１４画
晉,１０画
麝,２１画
蒂,１２画
諸,１５画
蓬,１４画
餡,１７画
仍,４画
癘,１７画
刋,５画
損,１３画
児,７画
冪,１５画
賢,１６画
紋,１０画
嘗,１４画
縁,１５画
猥,１２画
剱,１１画
慂,１４画
犂,１２画
惰,１２画
澳,１６画
佛,７画
戊,５画
貮,１１画
燃,１６画
鑵,２５画
儁,１５画
嬌,１５画
嚊,１７画
窒,１１画
悔,９画
鞣,１８画
鴫,１６画
瞞,１６画
聰,１７画
梱,１１画
襦,１９画
納,１０画
齊,１４画
鎬,１８画
猩,１２画
箆,１４画
作,７画
塵,１４画
躪,２６画
惱,１２画
戌,６画
嘘,１４画
慄,１３画
鯣,１９画
婁,１１画
動,１１画
屠,１２画
礎,１８画
輕,１４画
平,５画
探,１１画
藥,１８画
浦,１０画
髪,１４画
蜥,１４画
名,６画
困,７画
崇,１１画
訝,１１画
手,４画
汚,６画
秣,１０画
阻,８画
年,６画
閨,１４画
濾,１８画
階,１２画
鈔,１２画
厩,１４画
扌,３画
榧,１４画
后,６画
彫,１１画
囲,７画
屡,１２画
浩,１０画
禁,１３画
婆,１１画
才,３画
勗,１１画
輙,１５画
皙,１３画
汝,６画
网,６画
醵,２０画
阿,８画
掣,１２画
幵,６画
崋,１０画
訟,１１画
央,５画
布,５画
咢,９画
杪,８画
坿,８画
鬯,１０画
覬,１７画
該,１３画
鶚,２０画
丶,１画
盾,９画
竚,１０画
顎,１８画
唯,１１画
畄,８画
失,５画
馬,１０画
淦,１１画
丸,３画
帆,６画
渫,１２画
酥,１２画
替,１２画
懇,１７画
玩,８画
欒,２３画
融,１６画
鐙,２０画
堋,１１画
莠,１０画
碧,１４画
匱,１４画
杭,８画
咤,９画
垂,８画
丹,４画
倫,１０画
煌,１３画
鬱,２９画
夲,５画
畆,９画
省,９画
虍,６画
馭,１２画
群,１３画
靜,１６画
唱,１１画
帋,７画
斂,１７画
瑞,１３画
轡,２２画
詳,１３画
竜,１０画
淨,１１画
主,５画
貯,１２画
椄,１２画
樽,１６画
慵,１４画
痰,１３画
柝,９画
悖,１０画
般,１０画
翼,１７画
富,１２画
衆,１２画
石,５画
須,１２画
妨,７画
孺,１７画
雋,１３画
壗,１７画
旒,１３画
黜,１７画
檪,１７画
萓,１１画
弑,１２画
籠,２２画
泛,７画
刎,６画
滷,１４画
潜,１５画
芍,６画
拍,８画
蕊,１５画
矼,８画
繃,１７画
挾,１０画
鰛,２０画
被,１０画
擣,１７画
腑,１２画
柞,９画
妬,８画
穀,１４画
賣,１５画
餤,１７画
椅,１２画
舮,１０画
貰,１２画
悗,１０画
痲,１３画
諂,１５画
行,６画
雌,１４画
冫,２画
寐,１２画
騏,１８画
芒,６画
薜,１６画
砂,９画
慶,１５画
泝,８画
刑,６画
拏,９画
萠,１１画
吏,６画
溜,１３画
怯,８画
喞,１２画
藩,１８画
俛,９画
鷸,２３画
豎,１６画
疉,２２画
褄,１３画
笥,１１画
儂,１５画
迪,８画
龕,２２画
佝,７画
嶢,１５画
从,４画
燈,１６画
茖,９画
錮,１６画
嬖,１６画
楜,１３画
精,１４画
暮,１４画
絢,１２画
猪,１１画
霑,１６画
綸,１４画
鑷,２６画
齋,１７画
吐,６画
怱,９画
仏,４画
徳,１４画
践,１３画
戍,６画
鎭,１８画
傲,１３画
襪,１９画
諺,１６画
蟻,１９画
迫,８画
佞,７画
保,９画
喟,１２画
溝,１３画
符,１１画
支,４画
茗,９画
向,６画
豐,１８画
仔,５画
複,１４画
割,１２画
槽,１５画
最,１２画
犇,１２画
秤,１０画
築,１６画
驤,２７画
爨,２９画
礑,１８画
鮖,１６画
汞,７画
梳,１１画
随,１２画
勘,１１画
嚏,１７画
聲,１７画
遭,１４画
晋,１０画
撚,１５画
榮,１４画
赤,７画
止,４画
崎,１１画
逶,１２画
兒,８画
廚,１５画
膨,１６画
簣,１８画
蒄,１２画
會,１３画
謹,１７画
搏,１３画
江,６画
嘛,１４画
殳,４画
剳,１１画
正,５画
犒,１４画
銭,１４画
秦,１０画
鞦,１８画
赦,１１画
蓮,１３画
槿,１５画
癜,１８画
梵,１１画
瓦,５画
譴,２１画
鴬,１６画
澹,１６画
窓,１１画
鶤,２０画
乎,５画
垈,８画
紐,１０画
浪,１０画
馮,１２画
罒,５画
纃,２０画
腓,１２画
丼,５画
彬,１１画
婉,１１画
匳,１５画
瀁,１８画
瓧,７画
鐚,２０画
鰡,２１画
輛,１５画
邱,８画
瞠,１６画
皚,１５画
蛔,１２画
陀,８画
罔,８画
椈,１２画
玳,９画
乏,４画
灣,２５画
塹,１４画
想,１３画
訣,１１画
慇,１４画
淪,１１画
垉,８画
浬,１０画
純,１０画
乕,７画
窕,１１画
瓩,８画
醸,２０画
馳,１３画
丿,１画
堕,１２画
扎,４画
絣,１２画
蜩,１４画
酩,１３画
懈,１６画
柢,９画
畉,９画
尅,１０画
桐,１０画
眄,９画
黝,１７画
滸,１４画
胖,９画
舳,１１画
打,５画
図,７画
竝,１０画
禄,１２画
痳,１３画
箇,１４画
擦,１７画
欖,２６画
詼,１３画
鱠,２４画
畊,９画
堙,１２画
傳,１３画
柤,９画
眇,９画
桑,１０画
騒,１８画
払,５画
胙,９画
舵,１１画
給,１２画
酪,１３画
蜴,１４画
将,１０画
囹,８画
縄,１５画
頌,１３画
虎,８画
飆,２１画
橄,１６画
耀,２０画
袮,１０画
疊,２２画
妲,８画
杯,８画
閭,１５画
鈕,１２画
希,７画
壘,１８画
莢,１０画
迭,８画
顏,１８画
咥,９画
逸,１１画
層,１４画
芙,７画
煎,１３画
并,６画
蒋,１３画
綺,１４画
搓,１３画
厭,１４画
拐,８画
泡,８画
刔,６画
倬,１０画
虐,９画
妹,８画
諄,１５画
赧,１２画
帑,８画
接,１１画
縅,１５画
杰,８画
袰,１１画
咨,９画
鈞,１２画
頏,１３画
芝,６画
非,８画
迯,９画
轢,２２画
閲,１５画
幸,８画
壙,１８画
列,６画
橇,１６画
莨,１０画
逹,１２画
篋,１５画
冬,５画
楝,１３画
邵,８画
蹟,１８画
髫,１５画
暴,１５画
旗,１４画
臣,７画
錯,１６画
蕋,１５画
玻,９画
怺,８画
燉,１６画
嶬,１６画
檬,１７画
蛙,１２画
霓,１６画
碩,１４画
聳,１７画
繆,１７画
潟,１５画
喧,１２画
臥,９画
冰,６画
螟,１６画
犖,１４画
瑟,１３画
籤,２３画
廛,１５画
砌,９画
邸,８画
悚,１０画
鎮,１８画
龜,１６画
雍,１３画
穂,１５画
羨,１３画
珀,９画
臧,１５画
褊,１４画
恁,１０画
鞨,１８画
冱,６画
暸,１６画
薤,１６画
蹠,１８画
楞,１３画
斃,１８画
麟,２４画
蛛,１２画
晏,１０画
殴,８画
隔,１３画
夷,６画
覯,１７画
池,６画
乂,２画
陂,８画
藪,１８画
弓,３画
嚔,１８画
乃,２画
仕,５画
挿,１０画
億,１５画
務,１１画
惴,１２画
護,２０画
唳,１０画
遮,１４画
皮,５画
塾,１４画
徴,１４画
弔,４画
乖,８画
佩,８画
俟,９画
賤,１５画
戎,６画
久,３画
齎,２１画
夸,６画
貲,１３画
汢,６画
附,８画
館,１６画
鷹,２４画
皰,１０画
鑼,２７画
寒,１２画
晒,１０画
紕,１０画
驥,２６画
他,５画
將,１１画
慷,１４画
跼,１４画
引,４画
膩,１６画
之,３画
段,９画
梶,１１画
諾,１５画
銷,１５画
鱧,２４画
唸,１１画
汨,７画
隕,１３画
夾,７画
乍,５画
佯,８画
弖,４画
捉,１０画
糀,１３画
此,６画
兔,８画
宀,３画
攴,４画
測,１２画
椋,１２画
君,７画
它,５画
堝,１２画
訥,１１画
嬢,１６画
撞,１５画
桓,１０画
瞥,１７画
纈,２１画
武,８画
嘩,１３画
瓮,９画
笨,１１画
攵,４画
慈,１３画
蓴,１４画
兹,９画
萢,１１画
秧,１０画
宅,６画
党,１０画
糂,１５画
吝,７画
堡,１２画
收,６画
溟,１３画
豕,７画
乇,３画
渭,１２画
椌,１２画
訪,１１画
丄,２画
丅,２画
丌,３画
丒,４画
丟,６画
丣,６画
两,７画
丫,３画
丮,４画
丯,４画
丵,１０画
乀,１画
乁,１画
乄,２画
乑,６画
乚,１画
乜,２画
乣,４画
乩,６画
乴,８画
乵,８画
乹,９画
亍,３画
亝,８画
亯,９画
伷,７画
侌,８画
侎,８画
侽,９画
俠,９画
俼,１０画
偀,１０画
傎,１２画
傡,１２画
僱,１４画
儨,１７画
兏,７画
兤,２１画
兦,３画
冣,１０画
凮,８画
刱,８画
剦,１０画
勄,９画
勖,１１画
勪,１４画
匘,１１画
匛,５画
匧,９画
匲,１４画
卋,６画
卥,８画
卭,５画
卹,８画
厸,４画
叓,７画
叠,１３画
呧,８画
响,９画
啞,１１画
嚙,１８画
囊,２２画
囏,２３画
囟,６画
坵,８画
堦,１２画
塟,１２画
壄,１５画
壐,１７画
夤,１４画
奙,１０画
姮,９画
媿,１３画
孯,１２画
宆,６画
寗,１３画
屢,１４画
屭,２４画
帀,４画
幫,１７画
弎,６画
弽,１２画
徏,１０画
忇,５画
忉,５画
忋,６画
忐,７画
忑,７画
忒,７画
忓,６画
忔,６画
忞,８画
忡,７画
忢,８画
忨,７画
忪,７画
忬,７画
忭,７画
忮,７画
忯,７画
忲,７画
忳,７画
忶,７画
忺,７画
忼,７画
怇,８画
怊,８画
怍,８画
怓,８画
怔,８画
怗,８画
怘,８画
怚,８画
怟,８画
怤,９画
怭,８画
怳,８画
怵,８画
恀,９画
恇,９画
恈,９画
恉,９画
恌,９画
恑,９画
恔,９画
恖,１０画
恗,９画
恝,１０画
恡,９画
恧,１０画
恱,９画
恾,９画
恿,１１画
悂,１０画
悆,１１画
悈,１０画
悊,１１画
悎,１０画
悑,１０画
悕,１０画
悘,１１画
悝,１０画
悞,１０画
悢,１０画
悤,１１画
悥,１１画
您,１１画
悰,１１画
悱,１１画
悷,１１画
悻,１１画
悾,１１画
惂,１１画
惄,１２画
惈,１１画
惉,１２画
惊,１１画
惋,１１画
惎,１２画
惏,１１画
惔,１１画
惕,１１画
惙,１１画
惛,１１画
惝,１１画
惢,１２画
惥,１２画
惲,１２画
惵,１２画
惸,１２画
惼,１２画
惽,１２画
愂,１３画
愇,１３画
愊,１２画
愌,１２画
愐,１２画
愑,１２画
愒,１２画
愓,１２画
愔,１２画
愖,１２画
愗,１３画
愙,１３画
愜,１２画
愞,１２画
愢,１２画
愪,１３画
愫,１３画
愰,１３画
愵,１３画
愶,１３画
愷,１３画
愹,１３画
慁,１４画
慅,１３画
慆,１３画
慉,１３画
慞,１４画
慠,１４画
慬,１４画
慲,１４画
慸,１５画
慻,１４画
慼,１５画
慿,１５画
憀,１４画
憁,１４画
憃,１５画
憄,１５画
憋,１６画
憍,１５画
憒,１５画
憓,１５画
憗,１６画
憘,１５画
憜,１５画
憝,１６画
憟,１５画
憠,１６画
憥,１６画
憨,１６画
憪,１５画
憭,１５画
憸,１６画
憹,１６画
憼,１６画
懀,１６画
懁,１６画
懂,１５画
懎,１６画
懏,１６画
懕,１８画
懜,１７画
懝,１７画
懞,１６画
懟,１８画
懡,１７画
懢,１８画
懧,１７画
懩,１８画
懥,１８画
懬,１９画
懭,１８画
懯,１９画
戁,２３画
戃,２３画
戄,２３画
戇,２８画
戓,７画
戕,８画
戜,１１画
戢,１３画
戣,１３画
戩,１４画
戫,１４画
戹,５画
戽,８画
扂,９画
扃,９画
扄,１０画
扆,１０画
扐,５画
扑,５画
扒,５画
扔,５画
扖,５画
扚,６画
扜,６画
扤,６画
扭,７画
扯,７画
扳,７画
扺,７画
扽,７画
抍,７画
抎,７画
抏,７画
抐,７画
抦,８画
抨,８画
抳,８画
抶,８画
抷,８画
抺,８画
抾,８画
抿,８画
拄,８画
拎,８画
拕,８画
拖,８画
拚,８画
拪,６画
拲,１０画
拴,９画
拼,９画
拽,９画
挃,９画
挄,１０画
挋,１０画
挍,９画
挐,１０画
挓,９画
挖,９画
挘,９画
挩,１０画
挪,１０画
挭,１０画
挶,１０画
挹,１０画
挼,１０画
捁,１０画
捂,１０画
捃,１０画
捄,１０画
捆,１０画
捊,１０画
捋,１０画
捎,１０画
捒,１０画
捓,１１画
捔,１０画
捘,１０画
捛,１０画
捥,１１画
捦,１１画
捬,１１画
捭,１１画
捱,１１画
捴,１１画
捵,１１画
捸,１１画
捼,１１画
捽,１１画
捿,１１画
掂,１１画
掄,１１画
掇,１１画
掊,１１画
掐,１１画
掔,１３画
掕,１１画
掙,１１画
掚,１１画
掞,１１画
掤,１１画
掦,１１画
掭,１１画
掮,１１画
掯,１１画
掽,１２画
揁,１２画
揅,１３画
揈,１２画
揎,１２画
揑,１２画
揓,１２画
揔,１２画
揕,１２画
揜,１２画
揠,１２画
揥,１２画
揪,１２画
揬,１２画
揲,１２画
揳,１２画
揵,１２画
揸,１２画
揹,１２画
搉,１３画
搊,１３画
搐,１３画
搒,１３画
搔,１３画
搘,１３画
搞,１３画
搠,１３画
搢,１３画
搤,１３画
搥,１３画
搩,１４画
搪,１３画
搯,１３画
搰,１３画
搵,１３画
搽,１２画
搿,１４画
摋,１４画
摏,１４画
摒,１４画
摓,１４画
摔,１４画
摚,１４画
摛,１４画
摜,１４画
摝,１４画
摟,１４画
摠,１４画
摡,１５画
摣,１４画
摭,１４画
摳,１４画
摴,１４画
摻,１４画
摽,１４画
撅,１５画
撇,１５画
撏,１５画
撐,１６画
撑,１５画
撘,１５画
撙,１５画
撛,１６画
撝,１５画
撟,１５画
撡,１５画
撣,１５画
撦,１５画
撨,１５画
撬,１５画
撳,１５画
撽,１６画
撾,１６画
撿,１６画
擄,１６画
擉,１６画
擊,１７画
擋,１６画
擌,１６画
擎,１６画
擐,１６画
擑,１６画
擕,１６画
擗,１６画
擤,１７画
擥,１９画
擩,１７画
擪,１８画
擭,１６画
擰,１７画
擵,１８画
擷,１８画
擻,１８画
擿,１８画
攁,１８画
攄,１８画
攈,１９画
攉,１９画
攊,１９画
攏,１９画
攓,２０画
攔,２０画
攖,２０画
攙,２０画
攛,２１画
攞,２２画
攟,２２画
攢,２２画
攦,２２画
攩,２３画
攮,２５画
攱,９画
攺,７画
攼,７画
攽,８画
敃,９画
敇,１０画
敉,１０画
敐,１１画
敒,１１画
敔,１１画
敟,１２画
敠,１２画
敧,１２画
敺,１５画
敽,１６画
斁,１７画
斅,２０画
斊,１０画
斒,１３画
斕,２１画
斘,２３画
斝,１２画
斠,１４画
斣,１７画
斦,８画
斮,１２画
斲,１５画
斳,１５画
斴,１７画
旂,９画
旈,１１画
旎,１１画
旐,１２画
旔,１２画
旖,１４画
旟,２０画
旰,７画
旲,７画
旴,７画
旵,７画
旹,８画
旾,８画
旿,８画
昀,８画
昄,８画
昈,８画
昉,８画
昍,８画
昑,８画
昒,８画
昕,８画
昖,８画
昝,９画
昞,９画
昡,９画
昢,９画
昣,９画
昤,９画
昦,９画
昩,９画
昪,９画
昫,９画
昬,９画
昮,９画
昰,９画
昱,９画
昳,９画
昹,９画
昷,９画
晀,１０画
晅,１０画
晆,１０画
晊,１０画
晌,１０画
晑,１０画
晎,１０画
晗,１１画
晘,１１画
晙,１１画
晛,１１画
晜,１１画
晠,１１画
晡,１１画
曻,１１画
晪,１２画
晫,１２画
晬,１２画
晾,１２画
晳,１２画
晵,１２画
晿,１２画
晷,１２画
晸,１３画
晹,１２画
晻,１２画
暀,１２画
晼,１２画
暋,１３画
暌,１３画
暍,１３画
暐,１４画
暒,１３画
暙,１３画
暛,１４画
暜,１４画
暟,１４画
暠,１４画
暤,１４画
暭,１５画
暱,１５画
暲,１５画
暵,１５画
暻,１６画
暿,１６画
曀,１６画
曂,１６画
曃,１６画
曈,１６画
曌,１６画
曎,１６画
曏,１７画
曔,１６画
曛,１８画
曟,１９画
曨,２０画
曫,２３画
曬,２３画
曮,２４画
曺,１０画
朅,１４画
朇,２１画
朎,９画
朓,１０画
朙,１１画
朜,１２画
朠,１２画
朢,１１画
朳,６画
朾,６画
杅,７画
杇,７画
杈,７画
杌,７画
杔,７画
杕,７画
杝,７画
杦,７画
杬,８画
杮,８画
杴,８画
杶,８画
杻,８画
极,８画
构,８画
枎,８画
枏,８画
枑,８画
枓,８画
枖,８画
枘,８画
枙,８画
枛,８画
枰,９画
枱,９画
枲,９画
枵,９画
枻,９画
枼,９画
枽,１０画
柹,９画
柀,９画
柂,９画
柃,９画
柅,９画
柈,９画
柉,８画
柒,９画
柗,９画
柙,９画
柜,９画
柡,１０画
柦,９画
柰,９画
柲,９画
柶,９画
柷,９画
桒,１０画
栔,１０画
栙,１０画
栝,１０画
栟,１０画
栨,１０画
栧,１０画
栬,１０画
栭,１０画
栯,１０画
栰,１０画
栱,１０画
栳,１０画
栻,１０画
栿,１０画
桄,１０画
桅,１０画
桊,１０画
桌,１０画
桕,１０画
桗,１０画
桘,１０画
桛,１０画
桫,１１画
桮,１１画
桯,１１画
桰,１１画
桱,１１画
桲,１１画
桵,１１画
桹,１１画
桺,１１画
桻,１１画
梂,１１画
梄,１１画
梆,１１画
梈,１１画
梖,１１画
梘,１１画
梚,１１画
梜,１１画
梡,１１画
梣,１１画
梥,１１画
梩,１１画
梪,１１画
梮,１１画
梲,１１画
梻,１１画
棅,１２画
棈,１２画
棌,１２画
棏,１２画
棐,１２画
棑,１２画
棓,１２画
棖,１２画
棙,１２画
棜,１２画
棝,１２画
棥,１２画
棨,１２画
棪,１２画
棫,１２画
棬,１２画
棭,１２画
棰,１２画
棱,１２画
棵,１２画
棶,１２画
棻,１１画
棼,１２画
棽,１２画
椆,１２画
椉,１２画
椊,１２画
椐,１２画
椑,１２画
椓,１２画
椖,１２画
椗,１２画
椱,１３画
椳,１３画
椵,１３画
椸,１３画
椻,１３画
楂,１３画
楅,１３画
楉,１２画
楎,１３画
楗,１３画
楛,１２画
楣,１３画
楤,１３画
楥,１３画
楦,１３画
楨,１３画
楩,１３画
楬,１３画
楰,１３画
楱,１３画
楲,１３画
楺,１３画
楻,１３画
楿,１３画
榀,１３画
榍,１４画
榒,１４画
榖,１４画
榘,１４画
榡,１４画
榥,１４画
榦,１４画
榨,１４画
榫,１４画
榭,１４画
榯,１４画
榷,１４画
榸,１４画
榺,１４画
榼,１４画
槅,１４画
槈,１４画
槑,１４画
槖,１４画
槗,１４画
槢,１５画
槥,１５画
槮,１５画
槯,１５画
槱,１５画
槳,１５画
槵,１５画
槾,１５画
樀,１５画
樁,１５画
樃,１１画
樏,１５画
樑,１５画
樕,１５画
樚,１５画
樝,１５画
樠,１５画
樤,１５画
樨,１６画
樰,１５画
樲,１６画
樴,１６画
樻,１６画
樾,１６画
樿,１６画
橅,１６画
橆,１６画
橉,１６画
橊,１６画
橎,１６画
橐,１６画
橑,１６画
橒,１６画
橕,１６画
橖,１６画
橛,１６画
橤,１６画
橧,１６画
橪,１６画
橱,１６画
橳,１６画
橾,１７画
檁,１７画
檃,１７画
檆,１７画
檇,１７画
檉,１７画
檋,１７画
檑,１７画
檛,１７画
檝,１７画
檞,１７画
檟,１７画
檥,１７画
檫,１８画
檯,１８画
檰,１８画
檱,１８画
檴,１７画
檽,１８画
檾,１８画
檿,１８画
櫆,１８画
櫉,１８画
櫌,１９画
櫜,１９画
櫝,１９画
櫤,１９画
櫱,２０画
櫽,２１画
歖,１６画
歝,１７画
泴,９画
潑,１５画
澍,１５画
瀆,１８画
灔,２２画
灎,２６画
灵,７画
灶,７画
焰,１２画
爴,１５画
牎,１３画
牕,１５画
犴,６画
猂,１０画
玆,１０画
玎,６画
玐,６画
玓,７画
玕,７画
玗,７画
玘,７画
玜,８画
玞,８画
玟,８画
玠,８画
玢,８画
玥,８画
玦,８画
玪,８画
玫,８画
玭,８画
玵,９画
玷,９画
玼,１０画
玽,９画
玿,９画
珅,９画
珆,９画
珉,９画
珋,９画
珌,９画
珏,９画
珒,１０画
珓,１０画
珖,１０画
珙,１０画
珝,１０画
珡,１０画
珣,１０画
珦,１０画
珧,１０画
珩,１０画
珴,１１画
珵,１１画
珷,１２画
珹,１１画
珺,１１画
珻,１１画
珽,１１画
珿,１１画
琀,１１画
琁,１１画
琄,１１画
琇,１１画
琊,１２画
琑,１１画
琚,１２画
琛,１２画
琤,１２画
琦,１２画
琨,１２画
琩,１２画
琪,１２画
琫,１２画
琬,１２画
琭,１２画
琮,１２画
琯,１２画
琰,１２画
琱,１２画
琹,１２画
瑀,１３画
瑃,１３画
瑄,１３画
瑆,１３画
瑇,１３画
瑋,１４画
瑍,１３画
瑑,１３画
瑒,１３画
瑗,１３画
瑝,１３画
瑢,１４画
瑦,１４画
瑧,１４画
瑨,１４画
瑫,１４画
瑭,１４画
瑮,１４画
瑱,１４画
瑲,１４画
璀,１５画
璁,１５画
璅,１５画
璆,１５画
璇,１５画
璉,１５画
璏,１６画
璐,１７画
璑,１６画
璒,１６画
璘,１７画
璙,１６画
璚,１６画
璜,１６画
璟,１６画
璠,１６画
璡,１６画
璣,１６画
璦,１７画
璨,１７画
璩,１７画
璪,１７画
璫,１７画
璮,１７画
璯,１７画
璱,１７画
璲,１７画
璵,１８画
璹,１８画
璻,１８画
璿,１８画
瓈,１９画
瓉,１９画
瓌,２０画
瓐,２０画
瓓,２０画
瓘,２１画
瓚,２３画
瓛,２４画
瓞,８画
瓟,１１画
瓤,２３画
瓨,８画
瓪,９画
瓫,９画
瓯,９画
瓴,１０画
瓺,１２画
瓻,１２画
瓼,１２画
瓿,１３画
甆,１４画
甒,１７画
甖,１９画
甗,２１画
甠,９画
甡,１０画
甤,１２画
甧,１４画
甩,５画
甪,６画
甯,１２画
甶,６画
甹,７画
甽,８画
甾,８画
甿,８画
畃,８画
畇,９画
畈,９画
畎,９画
畒,９画
畗,１０画
畞,１０画
畟,１０画
畯,１２画
畱,１２画
畹,１３画
畺,１３画
畼,１４画
畽,１４画
畾,１５画
疁,１６画
疅,１８画
疐,１４画
疓,７画
疕,７画
疙,８画
疜,８画
疢,９画
疤,９画
疴,９画
疺,９画
疿,１０画
痀,９画
痁,１０画
痄,１０画
痆,１０画
痌,１１画
痎,１１画
痏,１１画
痗,１２画
痜,１２画
痟,１２画
痠,１２画
痡,１２画
痤,１２画
痧,１２画
痬,１３画
痮,１３画
痯,１３画
痱,１３画
痹,１３画
瘀,１３画
瘂,１３画
瘃,１３画
瘄,１３画
瘇,１４画
瘈,１４画
瘊,１４画
瘌,１４画
瘏,１４画
瘒,１４画
瘓,１４画
瘕,１４画
瘖,１４画
瘙,１５画
瘛,１５画
瘜,１５画
瘝,１５画
瘞,１５画
瘣,１５画
瘥,１５画
瘦,１５画
瘩,１５画
瘭,１６画
瘲,１６画
瘳,１６画
瘵,１６画
瘸,１６画
瘹,１６画
瘺,１６画
瘼,１５画
癊,１６画
癀,１７画
癁,１７画
癃,１７画
癄,１７画
癅,１７画
癉,１７画
癋,１７画
癕,１８画
癙,１８画
癟,１９画
癤,２０画
癥,２０画
癭,２２画
癮,２２画
癯,２３画
癱,２４画
癴,２８画
皁,７画
皅,９画
皌,１０画
皕,１２画
皛,１５画
皜,１５画
皝,１５画
皟,１６画
皠,１６画
皢,１７画
皣,１５画
皤,１７画
皥,１７画
皦,１８画
皧,１８画
皨,１８画
皪,２０画
皭,２３画
皽,１８画
盁,７画
盅,９画
盉,１０画
盋,１０画
盌,１０画
盎,１０画
盔,１１画
盙,１２画
盠,１４画
盦,１６画
盨,１７画
盬,１９画
盰,８画
盱,８画
盶,９画
盹,９画
盼,９画
眀,９画
眆,９画
眊,９画
眎,１０画
眒,１０画
眔,１０画
眕,１０画
眗,１０画
眙,１０画
眚,１０画
眜,１０画
眢,１０画
眨,９画
眭,１１画
眮,１１画
眯,１１画
眴,１１画
眵,１１画
眶,１１画
眹,１１画
眽,１１画
眾,１１画
睂,１２画
睅,１２画
睆,１２画
睊,１２画
睍,１２画
睎,１２画
睏,１２画
睒,１３画
睖,１３画
睗,１３画
睜,１３画
睞,１３画
睟,１３画
睠,１３画
睢,１３画
睤,１３画
睧,１３画
睪,１３画
睬,１３画
睰,１４画
睲,１４画
睳,１４画
睴,１４画
睺,１４画
睽,１４画
瞀,１４画
瞄,１４画
瞌,１５画
瞍,１５画
瞔,１６画
瞕,１６画
瞖,１６画
瞚,１６画
瞟,１６画
瞢,１５画
瞧,１７画
瞪,１７画
瞮,１７画
瞯,１７画
瞱,１５画
瞵,１８画
瞾,１８画
矃,１９画
矉,１９画
矑,２１画
矒,２１画
矕,２４画
矙,２５画
矞,１２画
矟,１２画
矠,１３画
矤,８画
矪,１１画
矬,１２画
矰,１７画
矱,１８画
矴,７画
矸,８画
矻,８画
砅,９画
砆,９画
砉,９画
砍,９画
砎,９画
砑,１０画
砝,１０画
砡,１０画
砢,１０画
砣,１０画
砭,９画
砮,１０画
砰,１０画
砵,１０画
砷,１０画
硃,１１画
硄,１１画
硇,１１画
硈,１１画
硌,１１画
硎,１１画
硒,１１画
硜,１２画
硞,１２画
硠,１２画
硡,１２画
硣,１２画
硤,１２画
硨,１２画
硪,１２画
确,１２画
硺,１３画
硾,１３画
碊,１３画
碏,１３画
碔,１３画
碘,１３画
碡,１３画
碝,１４画
碞,１４画
碟,１４画
碤,１３画
碨,１４画
碬,１４画
碭,１４画
碰,１４画
碱,１４画
碲,１４画
碳,１４画
碻,１５画
碽,１５画
碿,１５画
磇,１５画
磈,１５画
磉,１５画
磌,１５画
磎,１５画
磒,１５画
磓,１５画
磕,１５画
磖,１６画
磤,１５画
磛,１６画
磟,１６画
磠,１６画
磡,１６画
磦,１６画
磪,１６画
磲,１７画
磳,１７画
礀,１７画
磶,１７画
磷,１８画
磺,１７画
磻,１７画
磿,１７画
礆,１８画
礌,１８画
礐,１８画
礚,１８画
礜,１９画
礞,１８画
礟,１９画
礠,１８画
礥,２１画
礧,２０画
礩,２０画
礭,２１画
礱,２１画
礴,２１画
礵,２２画
礽,７画
礿,８画
祄,９画
祅,９画
祆,９画
祊,９画
祋,９画
祏,１０画
祑,１０画
祔,１０画
祘,１０画
祛,１０画
祜,１０画
祧,１１画
祩,１１画
祫,１１画
祲,１２画
祹,１３画
祻,１３画
祼,１３画
祾,１３画
禋,１４画
禌,１４画
禑,１４画
禓,１４画
禔,１４画
禕,１５画
禖,１４画
禘,１４画
禛,１５画
禜,１５画
禡,１５画
禨,１７画
禩,１６画
禫,１７画
禯,１８画
禱,１９画
禴,２２画
秂,７画
秄,８画
秇,８画
秈,８画
秏,９画
秔,９画
秖,９画
秚,１０画
秝,１０画
秞,１０画
秠,１０画
秢,１０画
秥,１０画
秪,１０画
秫,１０画
秭,１０画
秱,１１画
秸,１１画
秼,１１画
稂,１２画
稃,１２画
稇,１２画
稉,１２画
稊,１２画
稌,１２画
稑,１３画
稕,１３画
稛,１３画
稞,１３画
稡,１３画
稧,１４画
稫,１４画
稭,１４画
稯,１４画
稰,１４画
稴,１５画
稵,１４画
稸,１５画
稹,１５画
稺,１５画
穄,１６画
穅,１６画
穇,１６画
穈,１６画
穌,１６画
穕,１７画
穖,１７画
穙,１７画
穜,１７画
穝,１７画
穟,１８画
穠,１８画
穥,１９画
穧,１９画
穪,１９画
穭,２０画
穵,６画
穸,８画
穾,９画
窀,９画
窂,９画
窅,１０画
窆,９画
窊,１１画
窋,１０画
窐,１１画
窑,１１画
窔,１１画
窞,１３画
窠,１３画
窣,１３画
窬,１４画
窳,１７画
窵,１６画
窹,１６画
窻,１６画
窼,１６画
竆,１９画
竉,２１画
竌,７画
竎,８画
竑,８画
竛,１０画
竨,１３画
竩,１３画
竫,１３画
竬,１４画
竱,１６画
竴,１７画
竻,８画
竽,９画
竾,９画
笇,１０画
笔,１０画
笟,１２画
笣,１１画
笧,１１画
笪,１１画
笫,１１画
笭,１１画
笮,１１画
笯,１１画
笰,１１画
笱,１１画
笴,１１画
笽,１１画
笿,１２画
筀,１２画
筁,１２画
筇,１２画
筎,１２画
筕,１２画
筠,１３画
筤,１３画
筦,１３画
筩,１３画
筪,１３画
筭,１３画
筯,１３画
筲,１３画
筳,１３画
筷,１３画
箄,１４画
箉,１４画
箎,１４画
箐,１４画
箑,１４画
箖,１４画
箛,１５画
箞,１４画
箠,１４画
箥,１４画
箬,１４画
箯,１５画
箰,１５画
箲,１５画
箵,１５画
箶,１５画
箺,１５画
箻,１５画
箼,１５画
箽,１５画
篂,１５画
篅,１５画
篈,１５画
篊,１５画
篔,１６画
篖,１６画
篗,１６画
篙,１６画
篚,１６画
篛,１６画
篨,１６画
篪,１６画
篲,１７画
篴,１７画
篵,１７画
篸,１７画
篹,１７画
篺,１７画
篼,１７画
篾,１７画
簁,１７画
簂,１７画
簃,１７画
簄,１７画
簆,１７画
簉,１７画
簋,１７画
簌,１７画
簎,１７画
簏,１７画
簙,１８画
簛,１８画
簠,１８画
簥,１８画
簦,１８画
簨,１８画
簬,１９画
簱,１８画
簳,１９画
簴,１９画
簶,１９画
簹,１９画
簺,１９画
籆,１９画
籊,２０画
籑,２１画
籒,２１画
籓,２１画
籙,２２画
籚,２２画
籛,２２画
籜,２２画
籝,２２画
籞,２２画
籡,２２画
籣,２３画
籧,２３画
籩,２５画
籭,２５画
籮,２５画
籰,２６画
籲,３２画
籹,９画
籼,９画
籽,９画
粆,１０画
粇,１０画
粏,１０画
粔,１１画
粞,１２画
粠,１２画
粰,１３画
粶,１４画
粷,１４画
粺,１４画
粻,１４画
粼,１５画
粿,１４画
糄,１５画
糇,１５画
糈,１５画
糉,１５画
糍,１５画
糏,１６画
糓,１６画
糔,１６画
糕,１６画
糗,１６画
糙,１７画
糚,１７画
糝,１７画
糦,１８画
糩,１９画
糫,１９画
糵,２２画
紃,９画
紇,９画
紈,９画
紉,９画
紏,１０画
紑,１０画
紒,１０画
紓,１０画
紖,１０画
紝,１０画
紞,１０画
紣,１０画
紦,１０画
紪,１２画
紭,１１画
紱,１１画
紼,１１画
紽,１１画
紾,１１画
絀,１１画
絁,１１画
絇,１１画
絈,１１画
絍,１２画
絑,１２画
絓,１２画
絗,１２画
絙,１２画
絚,１２画
絝,１２画
絥,１２画
絧,１２画
絪,１２画
絰,１２画
絸,１３画
絺,１３画
絻,１３画
絿,１３画
綁,１３画
綂,１３画
綃,１３画
綅,１３画
綆,１３画
綈,１３画
綋,１３画
綌,１３画
綍,１３画
綑,１３画
綖,１３画
綗,１３画
綝,１４画
綞,１４画
綦,１４画
綧,１４画
綪,１４画
綳,１７画
綶,１４画
綷,１４画
綹,１４画
緂,１４画
緃,１４画
緄,１４画
緅,１４画
緆,１４画
緌,１４画
緍,１４画
緎,１４画
緗,１５画
緙,１５画
縀,１５画
緢,１５画
緥,１５画
緦,１５画
緪,１５画
緫,１５画
緭,１５画
緱,１５画
緵,１５画
緶,１５画
緹,１５画
緺,１５画
縈,１６画
縐,１６画
縑,１６画
縕,１６画
縗,１６画
縜,１６画
縝,１６画
縠,１６画
縧,１７画
縨,１６画
縬,１７画
縭,１７画
縯,１７画
縳,１７画
縶,１７画
縿,１７画
繄,１７画
繅,１７画
繇,１７画
繎,１８画
繐,１８画
繒,１８画
繘,１８画
繟,１８画
繡,１９画
繢,１８画
繥,１８画
繫,１９画
繮,１９画
繯,１９画
繳,１９画
繸,１９画
繾,２０画
纁,２０画
纆,２１画
纇,２１画
纊,２１画
纍,２１画
纑,２２画
纕,２３画
纘,２５画
纚,２５画
纝,２７画
纞,２９画
缻,１１画
缽,１１画
缾,１２画
缿,１２画
罃,１６画
罄,１７画
罇,１８画
罏,２２画
罓,４画
罛,１１画
罜,１０画
罝,１０画
罡,１０画
罣,１１画
罤,１２画
罥,１２画
罦,１２画
罭,１３画
罱,１４画
罽,１７画
罾,１７画
罿,１７画
羀,１８画
羋,８画
羍,９画
羏,９画
羐,９画
羑,９画
羖,１０画
羗,１０画
羜,１１画
羡,１２画
羢,１２画
羦,１３画
羪,１３画
羭,１５画
羴,１８画
羼,２１画
羿,９画
翀,１０画
翃,１０画
翈,１１画
翎,１１画
翏,１１画
翛,１３画
翟,１４画
翣,１４画
翥,１５画
翨,１５画
翬,１５画
翮,１６画
翯,１６画
翲,１７画
翺,１８画
翽,１９画
翾,１９画
翿,２０画
耇,９画
耈,１１画
耊,１０画
耍,９画
耎,９画
耏,９画
耓,８画
耔,９画
耖,１０画
耝,１１画
耞,１１画
耟,１１画
耠,１２画
耤,１４画
耦,１５画
耬,１７画
耮,１８画
耰,２１画
耴,７画
耵,８画
耷,９画
耹,１０画
耺,１０画
耼,１０画
耾,１０画
聀,１０画
聄,１１画
聠,１２画
聤,１５画
聦,１５画
聭,１６画
聱,１７画
聵,１８画
肁,１０画
肈,１４画
肎,６画
肜,７画
肞,７画
肦,８画
肧,８画
肫,８画
肸,８画
肹,８画
胈,９画
胍,１０画
胏,９画
胒,９画
胔,１２画
胕,９画
胗,９画
胘,９画
胠,９画
胭,１０画
胮,１１画
胰,１０画
胲,１０画
胳,１０画
胶,１０画
胹,１０画
胺,１０画
胾,１２画
脃,１０画
脋,１０画
脖,１１画
脘,１１画
脜,１１画
脞,１１画
脠,１１画
脤,１１画
脧,１１画
脬,１１画
脰,１１画
脵,１１画
脺,１２画
脼,１２画
腅,１２画
腇,１２画
腊,１２画
腌,１２画
腒,１２画
腗,１２画
腠,１３画
腡,１３画
腧,１３画
腨,１３画
腩,１３画
腭,１３画
腯,１３画
腷,１３画
膁,１４画
膐,１６画
膄,１４画
膅,１４画
膆,１４画
膋,１４画
膎,１４画
膖,１５画
膘,１５画
膛,１５画
膞,１５画
膢,１５画
膮,１６画
膲,１６画
膴,１６画
膻,１７画
臋,１９画
臃,１７画
臅,１７画
臊,１７画
臎,１８画
臏,１８画
臕,１９画
臗,１８画
臛,２０画
臝,２１画
臞,２２画
臡,２５画
臤,９画
臫,７画
臬,１０画
臰,１２画
臱,１５画
臲,１６画
臵,１２画
臶,１２画
臸,１２画
臹,１３画
臽,８画
臿,９画
舀,１０画
舃,１２画
舏,８画
舓,１４画
舔,１４画
舙,１８画
舚,１９画
舝,１４画
舡,９画
舢,９画
舨,１０画
舲,１１画
舴,１１画
舺,１１画
艃,１３画
艄,１３画
艅,１３画
艆,１３画
艋,１４画
艎,１５画
艏,１５画
艑,１５画
艖,１６画
艜,１７画
艠,１８画
艣,１９画
艧,１９画
艭,２４画
艴,１１画
艻,５画
艽,５画
艿,５画
芀,５画
芁,５画
芃,６画
芄,６画
芇,６画
芉,６画
芊,６画
芎,６画
芑,６画
芖,６画
芘,７画
芚,７画
芛,７画
芠,７画
芡,７画
芣,７画
芤,７画
芧,７画
芨,７画
芩,７画
芪,７画
芮,７画
芰,７画
芲,７画
芴,７画
芷,７画
芺,７画
芼,７画
芾,７画
芿,７画
苆,７画
苐,８画
苕,８画
苚,８画
苠,８画
苢,８画
苤,８画
苨,８画
苪,８画
苭,８画
苯,８画
苶,８画
苷,８画
苽,９画
苾,８画
茀,８画
茁,８画
茇,８画
茈,９画
茊,８画
茋,８画
荔,９画
茛,９画
茝,１１画
茞,１０画
茟,９画
茡,９画
茢,９画
茬,９画
茭,９画
茮,９画
茰,９画
茳,９画
茷,９画
茺,９画
茼,９画
茽,９画
荂,９画
荃,９画
荄,９画
荇,９画
荍,９画
荎,９画
荑,９画
荕,９画
荖,９画
荗,９画
荰,１０画
荸,１０画
荽,１０画
荿,１０画
莀,１０画
莂,１０画
莄,１０画
莆,１０画
莍,１０画
莒,１０画
莔,１０画
莕,１０画
莘,１０画
莙,１０画
莛,１０画
莜,１０画
莝,１０画
莦,１０画
莩,１０画
莬,１０画
莾,１１画
莿,１１画
菀,１１画
菇,１１画
菉,１１画
菏,１１画
菑,１１画
菔,１１画
菝,１１画
荓,１１画
菨,１１画
菪,１１画
菶,１１画
菸,１１画
菹,１１画
菼,１１画
萁,１１画
萆,１１画
萊,１１画
萏,１１画
萑,１１画
萕,１１画
萙,１１画
莭,１２画
萯,１２画
萹,１２画
葅,１２画
葇,１２画
葈,１２画
葊,１２画
葍,１２画
葏,１２画
葑,１２画
葒,１２画
葖,１２画
葘,１２画
葙,１２画
葚,１２画
葜,１２画
葠,１２画
葤,１２画
葥,１２画
葧,１２画
葪,１２画
葰,１２画
葳,１２画
葴,１２画
葶,１２画
葸,１２画
葼,１２画
葽,１２画
蒁,１２画
蒅,１２画
蒒,１３画
蒓,１３画
蒕,１３画
蒞,１３画
蒦,１３画
蒨,１３画
蒩,１３画
蒪,１３画
蒯,１３画
蒱,１３画
蒴,１３画
蒺,１３画
蒽,１３画
蒾,１３画
蓀,１３画
蓂,１３画
蓇,１３画
蓈,１３画
蓌,１３画
蓏,１５画
蓓,１３画
蓜,１３画
蓧,１４画
蓪,１４画
蓯,１４画
蓰,１４画
蓱,１４画
蓲,１４画
蓷,１４画
蔲,１４画
蓺,１４画
蓻,１４画
蓽,１４画
蔂,１４画
蔃,１４画
蔇,１５画
蔌,１４画
蔎,１４画
蔐,１０画
蔜,１４画
蔞,１４画
蔢,１４画
蔤,１４画
蔥,１４画
蔧,１４画
蔪,１４画
蔫,１４画
蔯,１４画
蔳,１４画
蔴,１４画
蔶,１４画
蔿,１５画
蕆,１５画
蕏,１５画
蕐,９画
蕑,１５画
蕒,１５画
蕓,１５画
蕖,１５画
蕙,１５画
蕜,１５画
蕝,１５画
蕞,１５画
蕟,１５画
蕠,１５画
蕡,１５画
蕢,１５画
蕤,１５画
蕫,１５画
蕯,１５画
蕹,１６画
蕺,１６画
蕻,１６画
蕽,１６画
蕿,１６画
薁,１６画
薅,１６画
薆,１６画
薉,１６画
薋,１６画
薌,１６画
薏,１６画
薓,１６画
薘,１６画
薝,１６画
薟,１６画
薠,１６画
薢,１６画
薥,１６画
薧,１６画
薴,１７画
薷,１７画
薸,１７画
薼,１７画
薽,１７画
薾,１７画
薿,１７画
藇,１７画
藊,１７画
藋,１７画
藎,１７画
薭,１６画
藘,１８画
藚,１８画
藟,１８画
藠,１８画
藦,１８画
藨,１８画
藭,１８画
藳,１８画
藶,１９画
藼,１９画
藿,１９画
蘀,１９画
蘄,１９画
蘅,１９画
蘍,１９画
蘎,１９画
蘐,１９画
蘑,１９画
蘒,１９画
蘘,２０画
蘙,２０画
蘛,２０画
蘞,２０画
蘡,２０画
蘧,２０画
蘩,２０画
蘶,２１画
蘸,２２画
蘺,２２画
蘼,２２画
蘽,１８画
虀,２３画
虂,２４画
虆,２４画
虒,１０画
虓,１０画
虖,１１画
虗,１１画
虘,１１画
虙,１１画
虝,１２画
虠,１４画
虡,１４画
虢,１５画
虣,１６画
虤,１６画
虩,１８画
虬,７画
虯,８画
虵,９画
虶,９画
虷,９画
虺,９画
蚍,１０画
蚑,１０画
蚖,１０画
蚘,１０画
蚚,１０画
蚜,１１画
蚡,１０画
蚦,１０画
蚧,１０画
蚨,１０画
蚭,１１画
蚱,１１画
蚳,１１画
蚴,１１画
蚵,１１画
蚷,１１画
蚸,１１画
蚹,１１画
蚿,１１画
蛀,１１画
蛁,１１画
蛅,１１画
蛑,１２画
蛒,１２画
蛕,１２画
蛗,１２画
蛚,１２画
蛜,１２画
蛠,１２画
蛣,１２画
蛥,１２画
蛧,１２画
蚈,１２画
蛺,１３画
蛼,１３画
蛽,１３画
蜄,１３画
蜅,１３画
蜇,１３画
蜋,１３画
蜎,１３画
蜏,１３画
蜐,１３画
蜓,１３画
蜔,１３画
蜙,１４画
蜞,１４画
蜟,１４画
蜡,１４画
蜣,１４画
蜨,１４画
蜮,１４画
蜯,１４画
蜱,１４画
蜲,１４画
蜹,１３画
蜺,１４画
蜼,１４画
蜽,１４画
蜾,１４画
蝀,１４画
蝃,１４画
蝅,１４画
蝍,１５画
蝘,１５画
蝝,１５画
蝡,１５画
蝤,１５画
蝥,１５画
蝯,１５画
蝱,１５画
蝲,１５画
蝻,１５画
螃,１６画
螄,１６画
螅,１６画
螆,１６画
螇,１６画
螈,１６画
螉,１６画
螋,１６画
螌,１６画
螐,１６画
螓,１６画
螕,１６画
螗,１６画
螘,１６画
螙,１６画
螞,１６画
螠,１６画
螣,１６画
螧,１６画
螬,１７画
螭,１７画
螮,１７画
螱,１７画
螵,１７画
螾,１７画
螿,１７画
蟁,１７画
蟈,１７画
蟉,１７画
蟊,１７画
蟎,１７画
蟕,１９画
蟖,１８画
蟙,１８画
蟚,１８画
蟜,１８画
蟟,１８画
蟢,１８画
蟣,１８画
蟤,１８画
蟪,１８画
蟫,１８画
蟭,１８画
蟱,１８画
蟳,１８画
蟸,１９画
蟺,１９画
蟿,１９画
蠁,１９画
蠃,１９画
蠆,１９画
蠉,１９画
蠊,１９画
蠋,１９画
蠐,２０画
蠙,２０画
蠒,２０画
蠓,１９画
蠔,２０画
蠘,２０画
蠚,２０画
蠛,２０画
蠜,２１画
蠞,２１画
蠟,２１画
蠨,２２画
蠭,２３画
蠮,２３画
蠰,２３画
蠲,２３画
蠵,２４画
蠺,２４画
蠼,２６画
衁,９画
衃,１０画
衅,１１画
衈,１２画
衉,１２画
衊,２０画
衋,１３画
衎,９画
衑,１１画
衕,１２画
衘,１２画
衚,１５画
衜,１５画
衟,１６画
衠,１６画
衩,８画
衱,９画
衹,９画
衻,９画
袀,９画
袘,１０画
袚,１０画
袛,１０画
袜,１０画
袟,１０画
袠,１１画
袨,１０画
袪,１０画
袺,１１画
袽,１１画
袾,１１画
裀,１０画
裊,１３画
裋,１２画
裌,１２画
裍,１２画
裎,１２画
裑,１２画
裒,１３画
裓,１２画
裛,１３画
裞,１２画
裧,１３画
裯,１３画
裰,１３画
裱,１３画
裵,１４画
裷,１３画
褁,１２画
褆,１４画
褍,１４画
褎,１５画
褏,１５画
褕,１４画
褖,１４画
褘,１５画
褙,１４画
褚,１４画
褜,１５画
褠,１５画
褦,１５画
褧,１６画
褨,１５画
褰,１６画
褱,１６画
褲,１５画
褵,１６画
褹,１６画
褺,１７画
褾,１６画
襀,１６画
襂,１６画
襅,１６画
襆,１７画
襉,１７画
襏,１７画
襒,１７画
襗,１８画
襚,１８画
襛,１８画
襜,１８画
襡,１８画
襢,１８画
襣,１９画
襫,２０画
襮,２０画
襰,２１画
襳,２２画
襵,２３画
襺,２３画
襻,２４画
襼,２４画
襽,２５画
覉,画
覍,１０画
覐,１１画
覔,１１画
覕,１２画
覛,１３画
覜,１３画
覟,１４画
覠,１４画
覥,１５画
覰,１８画
覴,１９画
覵,１９画
覶,１９画
覷,１９画
覼,２１画
觔,９画
觕,１１画
觖,１１画
觗,１１画
觘,１１画
觥,１３画
觩,１４画
觫,１４画
觭,１５画
觱,１６画
觳,１７画
觶,１９画
觹,２０画
觽,２３画
觿,２５画
訄,９画
訅,９画
訇,９画
訏,１０画
訑,１０画
訒,１０画
訔,１０画
訕,１０画
訞,１１画
訠,１１画
訢,１１画
訤,１１画
訦,１１画
訫,１１画
訬,１１画
訯,１１画
訵,１２画
訷,１２画
訽,１３画
訾,１３画
詀,１２画
詃,１２画
詅,１２画
詇,１２画
詉,１２画
詍,１２画
詎,１２画
詓,１２画
詖,１２画
詗,１２画
詘,１２画
詜,１２画
詝,１２画
詡,１３画
詥,１３画
詧,１３画
詵,１３画
詶,１３画
詷,１３画
詹,１３画
詺,１３画
詻,１３画
詾,１３画
詿,１３画
誀,１３画
誃,１３画
誆,１３画
誋,１４画
誏,１４画
誐,１４画
誒,１４画
誖,１４画
誗,１４画
誙,１４画
誟,１４画
誧,１４画
誩,１４画
誮,１５画
誯,１５画
誳,１５画
誶,１５画
誷,１５画
誻,１５画
誾,１５画
諃,１５画
諆,１５画
諈,１５画
諉,１５画
諊,１５画
諑,１５画
諓,１５画
諔,１５画
諕,１５画
諗,１５画
諝,１６画
諟,１６画
諰,１６画
諴,１６画
諵,１６画
諶,１６画
諼,１６画
諿,１６画
謅,１７画
謆,１７画
謋,１７画
謑,１７画
謜,１７画
謞,１７画
謟,１７画
謊,１７画
謭,１８画
謰,１８画
謷,１８画
譂,１９画
譃,１９画
譄,１９画
譅,２１画
譆,１９画
譈,１９画
譒,１９画
譓,１９画
譔,１９画
譙,１９画
譍,２０画
譞,２０画
譣,２０画
譭,２０画
譶,２１画
譸,２１画
譹,２１画
譼,２２画
譾,２２画
讁,２２画
讄,２２画
讅,２２画
讋,２３画
讍,２３画
讏,２２画
讔,２４画
讕,２４画
讜,２７画
讞,２７画
讟,２７画
谸,１０画
谹,１１画
谽,１４画
谾,１５画
豅,２３画
豇,１０画
豉,１１画
豋,１３画
豏,１７画
豑,２０画
豓,２７画
豔,２８画
豗,１０画
豘,１１画
豛,１１画
豝,１１画
豙,１１画
豣,１３画
豤,１３画
豦,１３画
豨,１４画
豩,１４画
豭,１６画
豳,１７画
豵,１８画
豶,１９画
豻,１０画
豾,１２画
貆,１３画
貇,１３画
貋,１４画
貐,１６画
貒,１６画
貓,１６画
貙,１８画
貛,２４画
貤,１０画
貹,１２画
貺,１２画
賅,１３画
賆,１３画
賉,１３画
賋,１３画
賏,１４画
賖,１４画
賕,１４画
賙,１５画
賝,１５画
賡,１５画
賨,１５画
賬,１５画
賯,１６画
賰,１６画
賲,１６画
賵,１６画
賷,１７画
賸,１７画
賾,１９画
賿,１８画
贁,１８画
贃,１８画
贉,１９画
贒,２２画
贗,２２画
贛,２４画
赥,１１画
赩,１３画
赬,１６画
赮,１６画
赿,１１画
趂,１２画
趄,１２画
趈,１２画
趍,１３画
趐,１３画
趑,１３画
趕,１４画
趞,１５画
趟,１５画
趠,１５画
趦,１６画
趫,１９画
趬,１９画
趯,２１画
趲,２６画
趵,１０画
趷,１０画
趹,１１画
趻,１１画
跀,１１画
跅,１２画
跆,１２画
跇,１２画
跈,１２画
跊,１２画
跎,１２画
跑,１２画
跔,１２画
跕,１２画
跗,１２画
跙,１２画
跤,１３画
跥,１３画
跧,１３画
跬,１３画
跰,１３画
趼,１３画
跲,１３画
跴,１３画
跽,１４画
踁,１４画
踄,１４画
踅,１４画
踆,１４画
踋,１４画
踑,１５画
踔,１５画
踖,１５画
踠,１５画
踡,１５画
踢,１５画
踣,１５画
踦,１５画
踧,１５画
踱,１６画
踳,１６画
踶,１６画
踷,１６画
踸,１６画
踹,１６画
踽,１６画
蹀,１６画
蹁,１６画
蹋,１７画
蹍,１７画
蹎,１７画
蹏,１７画
蹔,１８画
蹛,１８画
蹜,１８画
蹝,１８画
蹞,１８画
蹡,１８画
蹢,１８画
蹩,１９画
蹬,１９画
蹭,１９画
蹯,１９画
蹰,１９画
蹱,１９画
蹹,１９画
蹺,１９画
蹻,１９画
躂,２０画
躃,２０画
躉,２０画
躐,２２画
躒,２２画
躕,２２画
躚,２２画
躛,２３画
躝,２４画
躞,２４画
躢,２５画
躧,２６画
躩,２７画
躭,１１画
躮,１１画
躳,１４画
躵,１４画
躺,１５画
躻,１５画
軀,１８画
軁,１８画
軃,１９画
軄,１９画
軇,２１画
軏,１０画
軑,１０画
軔,１０画
軜,１１画
軨,１２画
軮,１２画
軱,１２画
軷,１２画
軹,１２画
軺,１２画
軭,１３画
輀,１３画
輂,１３画
輇,１３画
輈,１３画
輏,１４画
輐,１４画
輖,１５画
輗,１５画
輘,１５画
輞,１５画
輠,１５画
輡,１５画
輣,１５画
輥,１５画
輧,１５画
輨,１５画
輬,１５画
輭,１６画
輮,１６画
輴,１６画
輵,１６画
輶,１６画
輷,１６画
輺,１６画
轀,１７画
轁,１７画
轃,１７画
轇,１８画
轏,１８画
轑,１９画
轒,１９画
轓,１９画
轔,１９画
轕,１９画
轘,２０画
轝,２１画
轞,２２画
轥,２６画
辝,１２画
辠,１３画
辡,１４画
辤,１５画
辥,１６画
辦,１６画
辵,７画
辸,６画
达,７画
迀,７画
迁,７画
迆,７画
迊,８画
迋,８画
迍,８画
运,８画
迒,８画
迓,９画
迕,８画
迠,９画
迣,９画
迤,９画
迨,９画
迮,９画
迱,９画
迵,１０画
迶,１０画
迻,１０画
迾,１０画
适,１０画
逄,１１画
逈,１０画
逌,１１画
逘,１１画
逛,１１画
逨,１２画
逩,１２画
逯,１２画
逪,１２画
逬,１２画
逭,１２画
逳,１２画
逴,１２画
逷,１２画
逿,１３画
遃,１３画
遄,１３画
遌,１３画
遛,１４画
遝,１４画
遢,１４画
遦,１５画
遧,１５画
遬,１５画
遰,１５画
遴,１７画
遹,１６画
邅,１７画
邋,１９画
邌,１９画
邎,２２画
邐,２３画
邕,１０画
邗,６画
邘,６画
邙,６画
邛,６画
邠,７画
邡,７画
邢,７画
邥,７画
邰,８画
邲,８画
邳,８画
邴,８画
邶,８画
邽,９画
郌,１３画
邾,９画
郃,９画
郄,９画
郅,９画
郇,９画
郈,９画
郕,１０画
郗,１０画
郘,１０画
郙,１０画
郜,１０画
郝,１０画
郟,１０画
郥,１０画
郒,１４画
郶,１５画
郫,１１画
郯,１１画
郰,１１画
郴,１１画
郾,１２画
郿,１２画
鄀,１２画
鄄,１２画
鄅,１２画
鄆,１２画
鄈,１２画
鄍,１３画
鄐,１３画
鄔,１３画
鄖,１３画
鄗,１３画
鄘,１４画
鄚,１４画
鄜,１４画
鄞,１４画
鄠,１４画
鄥,１４画
鄢,１４画
鄣,１４画
鄧,１５画
鄩,１５画
鄮,１５画
鄯,１５画
鄱,１５画
鄴,１６画
鄶,１６画
鄷,１６画
鄹,１７画
鄺,１８画
鄼,１８画
酃,２０画
酇,２２画
酈,２２画
酏,１０画
酓,１１画
酗,１１画
酙,１１画
酚,１１画
酛,１１画
酡,１２画
酤,１２画
酧,１３画
酭,１３画
酴,１４画
酹,１４画
酺,１４画
酻,１４画
醁,１５画
醃,１５画
醅,１５画
醆,１５画
醊,１５画
醎,１６画
醑,１６画
醓,１６画
醔,１６画
醕,１６画
醘,１７画
醞,１７画
醡,１７画
醦,１８画
醨,１８画
醬,１８画
醭,１９画
醮,１９画
醰,１９画
醱,１９画
醲,２０画
醳,２０画
醶,２０画
醻,２１画
醼,２３画
醽,２４画
醿,２４画
釂,２５画
釃,２６画
釅,２７画
釓,９画
釔,９画
釗,１０画
釙,１０画
釚,１０画
釞,１０画
釤,１１画
釥,１１画
釩,１１画
釪,１１画
釬,１１画
釭,１１画
釮,１１画
釯,１１画
釰,１１画
釱,１１画
釷,１１画
釹,１１画
釻,１１画
釽,１２画
鈀,１２画
鈁,１２画
鈄,１２画
鈅,１２画
鈆,１２画
鈇,１２画
鈊,１２画
鈌,１２画
鈐,１２画
鈒,１２画
鈓,１２画
鈖,１２画
鈘,１２画
鈜,１２画
鈝,１２画
鈣,１２画
鈤,１２画
鈥,１２画
鈦,１２画
鈨,１２画
鈮,１３画
鈯,１３画
鈰,１３画
鈳,１３画
鈵,１３画
鈶,１３画
鈸,１３画
鈹,１３画
鈺,１３画
鈼,１３画
鈾,１３画
鉀,１３画
鉂,１３画
鉃,１３画
鉆,１３画
鉇,１３画
鉊,１３画
鉍,１３画
鉎,１３画
鉏,１３画
鉑,１３画
鉘,１３画
鉙,１３画
鉜,１３画
鉝,１３画
鉠,１３画
鉡,１３画
鉥,１３画
鉧,１３画
鉨,１３画
鉩,１３画
鉮,１３画
鉯,１３画
鉰,１３画
鉵,１４画
鉶,１４画
鉷,１４画
鉸,１４画
鉹,１４画
鉻,１４画
鉼,１４画
鉽,１４画
鉿,１４画
銈,１４画
銉,１４画
銊,１４画
銍,１４画
銎,１４画
銒,１４画
銗,１４画
銙,１４画
銟,１４画
銠,１４画
銤,１４画
銥,１４画
銧,１４画
銨,１４画
銫,１４画
銯,１４画
銲,１５画
銶,１５画
銸,１５画
銺,１５画
銻,１５画
銼,１５画
銽,１５画
銿,１５画
鋀,１５画
鋁,１５画
鋂,１５画
鋃,１５画
鋅,１５画
鋆,１５画
鋇,１５画
鋈,１５画
鋋,１５画
鋌,１５画
鋍,１５画
鋎,１５画
鋐,１５画
鋓,１５画
鋕,１５画
鋗,１５画
鋘,１５画
鋙,１５画
鋜,１５画
鋝,１５画
鋟,１５画
鋠,１５画
鋡,１５画
鋣,１５画
鋥,１５画
鋧,１５画
鋨,１５画
鋬,１５画
鋮,１５画
鋰,１５画
鋹,１６画
鋻,１７画
鋿,１６画
錀,１６画
錂,１６画
錈,１６画
錍,１６画
錑,１６画
錔,１６画
錕,１６画
錜,１６画
錝,１６画
錞,１６画
錟,１６画
錡,１６画
錤,１６画
錥,１６画
錧,１６画
錩,１６画
錪,１６画
錳,１６画
錴,１６画
錶,１６画
錷,１６画
鍇,１７画
鍈,１６画
鍉,１７画
鍐,１７画
鍑,１７画
鍒,１７画
鍕,１７画
鍗,１７画
鍘,１７画
鍚,１７画
鍞,１７画
鍥,１７画
鍧,１７画
鍩,１６画
鍪,１７画
鍭,１７画
鍯,１７画
鍰,１７画
鍱,１７画
鍳,１８画
鍴,１７画
鍶,１７画
鍺,１７画
鍽,１７画
鍿,１７画
鎀,１８画
鎁,１７画
鎂,１７画
鎈,１８画
鎊,１８画
鎋,１８画
鎍,１８画
鎏,１８画
鎒,１８画
鎕,１８画
鎘,１８画
鎛,１８画
鎞,１８画
鎡,１７画
鎣,１８画
鎤,１８画
鎦,１８画
鎨,１８画
鎫,１８画
鎴,１８画
鎵,１８画
鎶,１８画
鎺,１８画
鎩,１９画
鏁,１９画
鏄,１９画
鏅,１９画
鏆,１９画
鏇,１９画
鏉,１９画
鏊,１９画
鏋,１９画
鏌,１８画
鏍,１９画
鏓,１９画
鏙,１９画
鏜,１９画
鏞,１９画
鏟,１９画
鏢,１９画
鏦,１９画
鏧,１９画
鏹,１９画
鏷,２０画
鏸,２０画
鏺,２０画
鏻,２１画
鏽,２１画
鐁,２０画
鐂,２０画
鐄,２０画
鐈,２０画
鐉,２０画
鐍,２０画
鐎,２０画
鐏,２０画
鐕,２２画
鐖,２０画
鐗,２０画
鐟,２０画
鐮,２１画
鐯,２１画
鐱,２１画
鐲,２１画
鐳,２１画
鐴,２１画
鐻,２１画
鐿,２１画
鐽,２１画
鑃,２２画
鑅,２２画
鑈,２２画
鑊,２１画
鑌,２２画
鑕,２３画
鑙,２３画
鑜,２３画
鑟,２３画
鑡,２３画
鑣,２３画
鑨,２４画
鑫,２４画
鑭,２５画
鑮,２４画
鑯,２５画
鑱,２５画
鑲,２５画
钄,２８画
钃,２９画
镸,７画
镹,１０画
閄,１０画
閈,１１画
閌,１２画
閍,１２画
閎,１２画
閝,１３画
閞,１３画
閟,１３画
閡,１４画
閦,１４画
閩,１４画
閫,１５画
閬,１５画
閴,１５画
閶,１６画
閺,１６画
閽,１６画
閿,１６画
闆,１７画
闈,１８画
闉,１７画
闋,１７画
闐,１８画
闑,１８画
闒,１８画
闓,１８画
闙,１９画
闚,１９画
闝,１９画
闞,２０画
闟,２０画
闠,２０画
闤,２１画
闦,２１画
阞,５画
阢,６画
阤,６画
阥,７画
阦,７画
阬,７画
阱,７画
阳,７画
阷,８画
阸,８画
阹,８画
阺,８画
阼,８画
阽,８画
陁,８画
陒,９画
陔,９画
陖,１０画
陗,１０画
陘,１０画
陡,１０画
陮,１１画
陴,１１画
陻,１２画
陼,１２画
陾,１２画
陿,１２画
隂,１２画
隃,１２画
隄,１２画
隉,１２画
隑,１３画
隖,１３画
隚,１４画
隝,１４画
隟,１４画
隤,１５画
隥,１５画
隦,１６画
隩,１６画
隮,１７画
隯,１７画
隳,１８画
隺,１１画
雊,１３画
雒,１４画
嶲,１６画
雘,１７画
雚,１７画
雝,１８画
雞,１８画
雟,１８画
雯,１２画
雱,１２画
雺,１３画
霂,１５画
霃,１５画
霅,１５画
霉,１５画
霚,１７画
霛,１７画
霝,１７画
霡,１８画
霢,１８画
霣,１８画
霨,１９画
霱,２０画
霳,２０画
靁,１５画
靃,２４画
靊,２６画
靎,２７画
靕,１３画
靗,１４画
靘,１４画
靚,１５画
靛,１６画
靣,８画
靧,２１画
靪,１１画
靮,１２画
靳,１３画
靶,１３画
靷,１３画
靸,１３画
靻,１４画
靽,１４画
靿,１４画
鞀,１４画
鞉,１５画
鞕,１６画
鞖,１６画
鞗,１６画
鞙,１６画
鞚,１７画
鞞,１７画
鞟,１７画
鞢,１８画
鞬,１８画
鞮,１８画
鞱,１９画
鞲,１８画
鞵,１９画
鞶,１９画
鞸,２０画
鞹,２０画
鞺,２０画
鞼,２１画
鞾,１９画
鞿,２１画
韁,２２画
韄,２２画
韅,２３画
韇,２４画
韉,２５画
韊,２９画
韌,１３画
韍,１５画
韎,１５画
韐,１６画
韑,１６画
韔,１８画
韗,１９画
韘,１９画
韙,１９画
韝,１９画
韞,２０画
韠,２１画
韛,２０画
韡,２０画
韤,２４画
韯,１５画
韱,１７画
韴,１３画
韷,１４画
韸,１６画
韺,１８画
頇,１２画
頊,１３画
頙,１４画
頍,１３画
頎,１３画
頔,１４画
頖,１４画
頜,１５画
頞,１５画
頠,１５画
頣,１６画
頦,１５画
頫,１５画
頮,１６画
頯,１６画
頲,１６画
頳,１６画
頵,１６画
頥,１７画
頾,１８画
顄,１７画
顇,１７画
顊,１７画
顑,１８画
顒,１８画
顓,１８画
顖,１９画
顗,１９画
顙,１９画
顚,１９画
顢,２０画
顣,２０画
顥,２１画
顦,２１画
顪,２２画
顬,２３画
颫,１３画
颭,１４画
颮,１４画
颰,１４画
颴,１６画
颷,１７画
颸,１８画
颺,１８画
颻,１９画
颿,１９画
飂,２０画
飅,２１画
飈,２１画
飌,２７画
飡,１１画
飣,１１画
飥,１２画
飦,１２画
飧,１２画
飪,１３画
飳,１４画
飶,１４画
餂,１５画
餇,１５画
餈,１５画
餑,１６画
餕,１６画
餖,１６画
餗,１６画
餚,１７画
餛,１７画
餜,１７画
餟,１７画
餢,１７画
餦,１７画
餧,１７画
餫,１８画
餱,１８画
餲,１８画
餳,１８画
餴,１７画
餵,１８画
餹,１９画
餺,１９画
餻,１９画
餼,１９画
饀,１９画
饁,１９画
饆,２０画
饇,２０画
饈,２０画
饍,２１画
饎,２１画
饔,２２画
饘,２２画
饙,２１画
饛,２２画
饜,２３画
饞,２６画
饟,２６画
饠,２８画
馛,１４画
馝,１４画
馟,１６画
馦,１９画
馰,１３画
馱,１３画
馲,１３画
馵,１３画
馹,１４画
馺,１４画
馽,１４画
馿,１４画
駃,１４画
駉,１５画
駓,１５画
駔,１５画
駙,１５画
駚,１５画
駜,１５画
駞,１５画
駧,１６画
駪,１６画
駫,１６画
駬,１６画
駰,１６画
駴,１７画
駵,１７画
駹,１７画
駽,１７画
駾,１７画
騂,１７画
騃,１７画
騄,１８画
騋,１８画
騌,１８画
騐,１８画
騑,１８画
騖,１９画
騞,１９画
騠,１９画
騢,１９画
騣,１９画
騤,１９画
騧,１９画
騭,２０画
騮,２０画
騳,２０画
騶,２０画
驇,２１画
驁,２１画
驄,２１画
驊,２０画
驋,２２画
驌,２３画
驎,２２画
驑,２２画
驔,２２画
驖,２３画
驝,２４画
骪,１３画
骬,１３画
骮,１３画
骯,１４画
骲,１５画
骴,１６画
骶,１５画
骹,１６画
骻,１６画
骾,１７画
骿,１８画
髁,１８画
髃,１９画
髆,２０画
髈,２０画
髎,２１画
髐,２２画
髒,２３画
髕,２４画
髖,２４画
髗,２６画
髛,１５画
髜,１８画
髠,１２画
髤,１４画
髥,１４画
髧,１４画
髩,１４画
髬,１５画
髲,１５画
髳,１５画
髵,１６画
髹,１６画
髺,１６画
髽,１７画
髿,１７画
鬁,１７画
鬂,１７画
鬃,１８画
鬄,１８画
鬅,１８画
鬈,１８画
鬉,１９画
鬋,１９画
鬌,１９画
鬍,１９画
鬎,１９画
鬐,２０画
鬒,２０画
鬖,２１画
鬙,２２画
鬛,２２画
鬜,２２画
鬠,２３画
鬦,１４画
鬫,１２画
鬭,２５画
鬳,１６画
鬴,１７画
鬵,１８画
鬷,１９画
鬹,２１画
鬺,２１画
鬽,１３画
魈,１７画
魋,１８画
魌,１８画
魕,２２画
魖,２２画
魗,２４画
魛,１３画
魞,１３画
魡,１４画
魣,１５画
魥,１５画
魦,１５画
魨,１５画
魪,１５画
魫,１５画
魬,１５画
魭,１５画
魮,１５画
魳,１５画
魵,１５画
魷,１５画
魸,１５画
魹,１５画
魿,１６画
鮀,１６画
鮄,１６画
鮅,１６画
鮆,１７画
鮇,１６画
鮉,１６画
鮊,１６画
鮋,１６画
鮍,１６画
鮏,１６画
鮐,１６画
鮔,１６画
鮚,１７画
鮝,１７画
鮞,１７画
鮦,１７画
鮧,１７画
鮩,１７画
鮬,１７画
鮰,１７画
鮱,１７画
鮲,１７画
鮷,１８画
鮸,１８画
鮻,１８画
鮼,１８画
鮾,１８画
鮿,１８画
鯁,１８画
鯇,１８画
鯈,１８画
鯎,１８画
鯐,１８画
鯗,１９画
鯘,１９画
鯝,１９画
鯟,１９画
鯥,１９画
鯧,１９画
鯪,１９画
鯫,１９画
鯯,１９画
鯳,１９画
鯷,２０画
鯸,２０画
鯹,２０画
鯺,２０画
鯽,２０画
鯿,２０画
鰀,２０画
鰂,２０画
鰋,２０画
鰏,２０画
鰑,２０画
鰖,２０画
鰘,２０画
鰙,１９画
鰚,２０画
鰜,２１画
鰞,２１画
鰢,２１画
鰣,２１画
鰦,２０画
鰧,２１画
鰨,２１画
鰩,２１画
鰪,２１画
鰱,２２画
鰵,２２画
鰶,２２画
鰷,２２画
鰽,２２画
鱁,２２画
鱃,２２画
鱄,２２画
鱅,２２画
鱉,２３画
鱊,２３画
鱎,２３画
鱏,２３画
鱐,２４画
鱓,２３画
鱔,２３画
鱖,２３画
鱘,２３画
鱛,２３画
鱝,２３画
鱞,２４画
鱟,２４画
鱣,２４画
鱩,２４画
鱪,２４画
鱜,２４画
鱫,２４画
鱨,２５画
鱮,２４画
鱰,２５画
鱲,２６画
鱵,２６画
鱷,２７画
鱻,３３画
鳦,１２画
鳲,１４画
鳷,１５画
鳹,１５画
鴋,１５画
鴂,１５画
鴑,１６画
鴗,１６画
鴘,１６画
鴜,１７画
鴝,１６画
鴞,１６画
鴯,１７画
鴰,１７画
鴲,１７画
鴳,１７画
鴴,１７画
鴺,１７画
鴼,１７画
鵅,１７画
鴽,１７画
鵂,１７画
鵃,１７画
鵇,１７画
鵊,１８画
鵓,１８画
鵔,１８画
鵟,１８画
鵣,１８画
鵢,１８画
鵥,１８画
鵩,１９画
鵪,１９画
鵫,１９画
鵰,１９画
鵷,１９画
鵻,１９画
鵼,１９画
鵾,１９画
鶃,１９画
鶄,１９画
鶆,１９画
鶊,１９画
鶍,１９画
鶎,１９画
鶒,２０画
鶓,１９画
鶕,２０画
鶖,２０画
鶗,２０画
鶘,２０画
鶡,２０画
鶪,２０画
鶬,２１画
鶮,２１画
鶱,２１画
鶵,２１画
鶹,２１画
鶼,２１画
鶿,２０画
鷃,２１画
鷇,２１画
鷉,２１画
鷊,２１画
鷔,２２画
鷕,２２画
鷖,２２画
鷗,２２画
鷚,２２画
鷞,２２画
鷟,２２画
鷠,２２画
鷥,２３画
鷧,２３画
鷩,２３画
鷫,２４画
鷮,２３画
鷰,２３画
鷳,２３画
鷴,２３画
鷾,２４画
鸊,２４画
鸂,２４画
鸇,２４画
鸎,２５画
鸐,２５画
鸑,２５画
鸒,２５画
鸕,２７画
鸖,２７画
鸙,２８画
鸜,２９画
鸝,３０画
鹺,２１画
鹻,２１画
鹼,２４画
麀,１３画
麂,１３画
麃,１５画
麄,１５画
麅,１６画
麇,１６画
麎,１８画
麏,１８画
麖,１９画
麘,２０画
麛,２０画
麞,２２画
麤,３３画
麨,１５画
麬,１６画
麮,１６画
麯,１７画
麰,１７画
麳,１９画
麴,１９画
麵,２０画
黆,１６画
黈,１７画
黋,１８画
黕,１６画
黟,１８画
黤,２０画
黧,２０画
黬,２１画
黭,２１画
黮,２１画
黰,２２画
黱,２２画
黵,２５画
黸,２８画
黿,１７画
鼂,１８画
鼃,１９画
鼉,２５画
鼏,１５画
鼐,１５画
鼑,１５画
鼒,１６画
鼔,１３画
鼖,１８画
鼗,１９画
鼙,２１画
鼚,２１画
鼛,２１画
鼟,２５画
鼢,１７画
鼦,１８画
鼪,１８画
鼫,１８画
鼯,２０画
鼱,２１画
鼲,２２画
鼴,２２画
鼷,２３画
鼹,２３画
鼺,２８画
鼼,１６画
鼽,１６画
鼿,１７画
齁,１９画
齃,２３画
齄,２３画
齅,２４画
齆,２４画
齇,２５画
齓,１６画
齕,１８画
齖,２０画
齗,１９画
齘,１９画
齚,２０画
齞,２０画
齭,２３画
齰,２３画
齱,２３画
齳,２４画
齵,２４画
齺,２５画
齽,２８画
龏,１９画
龐,１９画
龑,２０画
龒,２１画
龔,２２画
龖,３２画
龗,３３画
龞,２８画
龣,２５画
龥,２６画
㐂,６画
㐆,６画
㐮,１３画
㒵,７画
㕝,７画
㘅,１７画
㚑,６画
㝡,１１画
㝬,１４画
㣺,４画
㤗,９画
㤚,９画
㥯,１４画
㩮,２１画
㩳,２１画
㫖,７画
㫪,１０画
㬎,１４画
㬚,１６画
㬜,１６画
㬢,１７画
㭭,１１画
㭷,１１画
㮇,１２画
㮈,１２画
㮍,１３画
㮤,１４画
㮶,１４画
㯃,１５画
㯍,１５画
㯰,１７画
㰏,２０画
㴑,１２画
㽗,７画
㽲,７画
㽵,８画
㽷,９画
㾮,１４画
㿉,１７画
㿗,２１画
䀹,１２画
䁘,１５画
䂓,１２画
䄅,１１画
䅈,１１画
䅏,１２画
䅣,１４画
䆴,１６画
䇦,１１画
䇮,１２画
䇳,１２画
䈇,１４画
䈎,１５画
䉤,１９画
䋆,１０画
䋖,１２画
䋝,１２画
䌂,１５画
䌫,２３画
䏮,１０画
䏰,１１画
䐈,１２画
䐗,１３画
䐜,１４画
䐢,１４画
䑛,１１画
䑶,１４画
䒳,９画
䒾,９画
䓔,１０画
䔈,１３画
䔍,１３画
䔥,１４画
䕃,１４画
䖝,７画
䖸,１３画
䗥,１７画
䗪,１７画
䘏,９画
䙁,１３画
䙥,１８画
䚡,１６画
䚯,９画
䜌,１９画
䟽,１０画
䠖,１６画
䡄,９画
䡎,１１画
䢵,７画
䦰,１９画
䧧,１６画
䧺,１３画
䨄,１９画
䨩,１８画
䪼,１４画
䬻,１４画
䯂,３４画
䯊,１５画
䯒,１６画
䯨,１３画
䰗,２１画
䰠,１５画
䳄,１７画
䳑,１７画
䴇,２４画
䵷,２０画
丏,４画
俱,１０画
僡,１４画
养,１０画
劄,１４画
卧,９画
卽,９画
吞,７画
噓,１５画
增,１５画
壃,１６画
夽,７画
姸,９画
寬,１４画
屛,１１画
巢,１１画
幷,８画
廹,８画
徵,１５画
德,１５画
怢,８画
惮,１２画
愺,１２画
懵,１８画
戾,８画
扡,６画
扻,７画
抅,７画
抙,７画
挲,１１画
挻,１０画
捙,１０画
揫,１３画
揭,１２画
揷,１２画
摹,１４画
攲,１２画
敄,９画
斄,１９画
斵,１７画
斸,２５画
旼,８画
昺,９画
晈,１０画
晚,１１画
晣,１１画
晥,１１画
晭,１２画
曆,１６画
朁,１４画
朒,１０画
杍,７画
枒,９画
柛,９画
柼,９画
栁,９画
栐,９画
栘,１０画
桉,１０画
梐,１１画
梙,１１画
梫,１１画
梴,１１画
棃,１２画
棤,１２画
棷,１２画
椃,１２画
椇,１２画
楆,１３画
榰,１４画
槀,１４画
槏,１４画
槣,１５画
槩,１６画
槪,１６画
槴,１５画
槶,１５画
樳,１６画
橫,１６画
橺,１６画
檔,１７画
檡,１７画
步,７画
歷,１６画
每,７画
毗,９画
沪,７画
涉,１０画
淚,１１画
渴,１２画
湌,１２画
溫,１３画
漥,１４画
瀨,１９画
灩,３１画
狀,８画
猳,１２画
玊,５画
玔,７画
玨,８画
琓,１１画
瑓,１３画
璈,１５画
璗,１７画
璥,１６画
璺,１８画
瓖,２１画
甁,１３画
畬,１２画
畲,１２画
疌,８画
疰,１０画
疷,１０画
痓,１１画
痝,１２画
瘘,１４画
瘨,１５画
皞,１５画
皡,１６画
皯,８画
皶,１４画
睼,１４画
瞤,１７画
瞩,１７画
砙,１０画
砬,１０画
硏,１１画
硑,１１画
磹,１７画
磾,１７画
礛,２０画
礮,２１画
礰,２１画
秌,９画
种,９画
窾,１７画
竧,１２画
笒,１０画
笻,１１画
筹,１３画
筿,１３画
篰,１７画
簞,１８画
籅,１９画
籗,２２画
籯,２６画
綠,１４画
緀,１４画
緖,１５画
緣,１５画
繵,１９画
聃,１１画
聻,２０画
肤,８画
胅,９画
胊,９画
胦,９画
胵,１０画
胻,１０画
脍,１０画
脽,１２画
臁,１７画
臖,１９画
舼,１２画
艉,１３画
艗,１６画
芓,６画
茌,８画
荢,９画
荣,９画
菡,１１画
菥,１１画
萗,１２画
葟,１２画
蒗,１３画
蓎,１３画
蔛,１４画
蔾,１５画
薰,１７画
藙,１８画
藡,１８画
蘤,２０画
蘹,２２画
虛,１２画
蚇,１０画
蚉,１０画
蚝,１０画
蛦,１２画
蝑,１５画
蝼,１５画
蟥,１８画
蟦,１８画
蟬,１８画
蟵,１８画
衯,９画
袼,１１画
褷,１６画
覀,６画
諐,１５画
謍,１７画
譑,１９画
譩,２０画
譿,２２画
讝,２７画
賱,１６画
賴,１６画
贎,１９画
踌,１４画
躘,２３画
躶,１５画
輫,１５画
轊,１８画
辴,１９画
郞,１０画
郲,１１画
鄕,１３画
酆,２１画
釄,２６画
鈗,１２画
鉖,１３画
鋷,１６画
錄,１６画
鍊,１７画
鍫,１７画
鏱,１９画
鏵,１８画
閆,１１画
阴,７画
霔,１６画
霶,２１画
霻,２１画
靇,２４画
靍,２９画
頄,１１画
颼,１９画
飇,２１画
飋,２１画
飰,１２画
飱,１３画
馞,１６画
馣,１７画
駼,１７画
騊,１８画
騚,１９画
騱,２０画
驒,２２画
驘,２３画
骷,１５画
魲,１５画
魶,１５画
鯮,１９画
鰝,２１画
鱥,２４画
鱭,２５画
鱺,３０画
鵒,１８画
鵳,１９画
鶙,２０画
鶽,２１画
鷀,２０画
鷣,２３画
鸍,２５画
麽,１４画
欄,２１画
廊,１３画
朗,１１画
虜,１２画
類,１９画
隆,１２画
﨓,１２画
猪,１２画
神,１０画
祥,１１画
福,１４画
﨟,１６画
蘒,２４画
﨡,１１画
諸,１６画
﨤,８画
都,１２画
侮,９画
僧,１４画
勉,９画
勤,１３画
卑,８画
嘆,１４画
器,１６画
墨,１５画
層,１５画
悔,１０画
慨,１５画
憎,１５画
懲,１９画
敏,１１画
既,１２画
暑,１３画
梅,１１画
海,１０画
渚,１２画
漢,１４画
煮,１３画
琢,１２画
碑,１３画
社,８画
祉,９画
祈,９画
祐,１０画
祖,１０画
祝,１０画
禍,１４画
禎,１４画
穀,１５画
突,９画
節,１５画
練,１５画
縉,１６画
繁,１７画
署,１４画
者,９画
臭,１０画
艹,４画
艹,４画
著,１２画
褐,１４画
視,１２画
謁,１６画
謹,１８画
賓,１４画
贈,１９画
辶,３画
逸,１２画
難,１９画
響,２２画
戶,４画
