身,"教育漢字
常用漢字"
履,常用漢字
腔,人名用漢字
應,人名用漢字
鴻,人名用漢字
猫,常用漢字
激,"教育漢字
常用漢字"
鮗,国字
婚,常用漢字
禅,常用漢字
月,"教育漢字
常用漢字"
倭,人名用漢字
潤,常用漢字
老,"教育漢字
常用漢字"
有,"教育漢字
常用漢字"
型,"教育漢字
常用漢字"
幹,"教育漢字
常用漢字"
飛,"教育漢字
常用漢字"
固,"教育漢字
常用漢字"
淫,常用漢字
献,常用漢字
爪,常用漢字
朋,人名用漢字
腕,常用漢字
界,"教育漢字
常用漢字"
火,"教育漢字
常用漢字"
考,"教育漢字
常用漢字"
茜,人名用漢字
妻,"教育漢字
常用漢字"
蕎,人名用漢字
波,"教育漢字
常用漢字"
東,"教育漢字
常用漢字"
帖,人名用漢字
痴,常用漢字
浮,常用漢字
瑠,常用漢字
繊,常用漢字
義,"教育漢字
常用漢字"
綻,常用漢字
初,"教育漢字
常用漢字"
顔,"教育漢字
常用漢字"
匹,常用漢字
楠,人名用漢字
泣,"教育漢字
常用漢字"
馴,人名用漢字
眉,常用漢字
判,"教育漢字
常用漢字"
章,"教育漢字
常用漢字"
輝,常用漢字
区,"教育漢字
常用漢字"
悟,常用漢字
浴,"教育漢字
常用漢字"
信,"教育漢字
常用漢字"
瓰,国字
托,人名用漢字
燎,人名用漢字
犠,常用漢字
徹,常用漢字
箋,常用漢字
談,"教育漢字
常用漢字"
謀,常用漢字
弘,人名用漢字
俣,"人名用漢字
国字"
研,"教育漢字
常用漢字"
芥,人名用漢字
瓱,国字
験,"教育漢字
常用漢字"
臨,"教育漢字
常用漢字"
雑,"教育漢字
常用漢字"
殺,"教育漢字
常用漢字"
弛,人名用漢字
乗,"教育漢字
常用漢字"
録,"教育漢字
常用漢字"
樂,人名用漢字
第,"教育漢字
常用漢字"
郁,人名用漢字
儉,人名用漢字
搖,人名用漢字
吟,常用漢字
蒐,人名用漢字
控,常用漢字
述,"教育漢字
常用漢字"
付,"教育漢字
常用漢字"
郊,常用漢字
乘,人名用漢字
酬,常用漢字
汰,常用漢字
錵,国字※
仙,常用漢字
佳,常用漢字
晝,人名用漢字
成,"教育漢字
常用漢字"
服,"教育漢字
常用漢字"
珂,人名用漢字
紗,人名用漢字
創,"教育漢字
常用漢字"
宇,"教育漢字
常用漢字"
撤,常用漢字
彰,常用漢字
秩,常用漢字
專,人名用漢字
濁,常用漢字
聴,常用漢字
舶,常用漢字
奄,人名用漢字
寓,人名用漢字
倹,常用漢字
賦,常用漢字
堤,常用漢字
預,"教育漢字
常用漢字"
拒,常用漢字
設,"教育漢字
常用漢字"
溢,人名用漢字
植,"教育漢字
常用漢字"
我,"教育漢字
常用漢字"
守,"教育漢字
常用漢字"
術,"教育漢字
常用漢字"
紘,人名用漢字
薦,常用漢字
珈,人名用漢字
奇,常用漢字
尉,常用漢字
橋,"教育漢字
常用漢字"
歩,"教育漢字
常用漢字"
疋,人名用漢字
桔,人名用漢字
泥,常用漢字
看,"教育漢字
常用漢字"
文,"教育漢字
常用漢字"
勝,"教育漢字
常用漢字"
袴,人名用漢字
莫,人名用漢字
萩,人名用漢字
疎,常用漢字
瞬,常用漢字
婦,"教育漢字
常用漢字"
擬,常用漢字
兜,人名用漢字
海,"教育漢字
常用漢字"
注,"教育漢字
常用漢字"
県,"教育漢字
常用漢字"
鷺,人名用漢字
禍,常用漢字
喩,常用漢字
斉,常用漢字
国,"教育漢字
常用漢字"
蒔,人名用漢字
鮟,国字※
鯨,常用漢字
飜,人名用漢字
芦,人名用漢字
医,"教育漢字
常用漢字"
灯,"教育漢字
常用漢字"
爭,人名用漢字
幻,常用漢字
杵,人名用漢字
姉,"教育漢字
常用漢字"
悠,常用漢字
顕,常用漢字
幼,"教育漢字
常用漢字"
蒙,人名用漢字
灰,"教育漢字
常用漢字"
匿,常用漢字
煙,常用漢字
走,"教育漢字
常用漢字"
畏,常用漢字
推,"教育漢字
常用漢字"
拓,常用漢字
請,常用漢字
境,"教育漢字
常用漢字"
瓲,国字※
弟,"教育漢字
常用漢字"
虚,常用漢字
債,常用漢字
冴,人名用漢字
別,"教育漢字
常用漢字"
殻,常用漢字
恆,人名用漢字
拔,人名用漢字
搜,人名用漢字
弥,常用漢字
虜,常用漢字
鞭,人名用漢字
瓶,常用漢字
舷,常用漢字
豚,常用漢字
否,"教育漢字
常用漢字"
汲,人名用漢字
唾,常用漢字
砕,常用漢字
戒,常用漢字
晟,人名用漢字
観,"教育漢字
常用漢字"
憂,常用漢字
褐,常用漢字
鶫,国字
改,"教育漢字
常用漢字"
質,"教育漢字
常用漢字"
膳,常用漢字
謁,常用漢字
街,"教育漢字
常用漢字"
迷,"教育漢字
常用漢字"
自,"教育漢字
常用漢字"
尊,"教育漢字
常用漢字"
象,"教育漢字
常用漢字"
称,常用漢字
霜,常用漢字
臭,常用漢字
攻,常用漢字
髮,人名用漢字
梺,国字
俤,国字
統,"教育漢字
常用漢字"
椎,常用漢字
許,"教育漢字
常用漢字"
降,"教育漢字
常用漢字"
廟,人名用漢字
珊,人名用漢字
乙,常用漢字
併,常用漢字
九,"教育漢字
常用漢字"
奈,常用漢字
乞,常用漢字
喪,常用漢字
深,"教育漢字
常用漢字"
釀,人名用漢字
俥,国字
壞,人名用漢字
也,人名用漢字
燒,人名用漢字
奉,常用漢字
貴,"教育漢字
常用漢字"
安,"教育漢字
常用漢字"
茨,常用漢字
者,"教育漢字
常用漢字"
儒,常用漢字
麦,"教育漢字
常用漢字"
影,常用漢字
桜,"教育漢字
常用漢字"
堪,常用漢字
紙,"教育漢字
常用漢字"
歯,"教育漢字
常用漢字"
弦,常用漢字
頑,常用漢字
瞭,常用漢字
宋,人名用漢字
態,"教育漢字
常用漢字"
禎,人名用漢字
爲,人名用漢字
竡,国字
躾,国字
惹,人名用漢字
錺,国字
誇,常用漢字
桝,国字
完,"教育漢字
常用漢字"
弧,常用漢字
級,"教育漢字
常用漢字"
糊,人名用漢字
崖,常用漢字
杷,人名用漢字
綾,人名用漢字
幽,常用漢字
嘱,常用漢字
浸,常用漢字
灸,人名用漢字
鯰,国字
港,"教育漢字
常用漢字"
鎹,国字
患,常用漢字
食,"教育漢字
常用漢字"
冶,常用漢字
幾,常用漢字
潮,"教育漢字
常用漢字"
灼,人名用漢字
圃,人名用漢字
職,"教育漢字
常用漢字"
橘,人名用漢字
墓,"教育漢字
常用漢字"
捕,常用漢字
綿,"教育漢字
常用漢字"
萬,人名用漢字
嘲,常用漢字
朔,人名用漢字
胞,常用漢字
蕗,人名用漢字
始,"教育漢字
常用漢字"
咲,常用漢字
郎,常用漢字
疏,人名用漢字
屯,常用漢字
措,常用漢字
扨,国字
利,"教育漢字
常用漢字"
謂,人名用漢字
虞,常用漢字
眞,人名用漢字
朕,常用漢字
胡,人名用漢字
垣,常用漢字
芭,人名用漢字
赳,人名用漢字
山,"教育漢字
常用漢字"
棄,常用漢字
駄,常用漢字
奎,人名用漢字
屶,国字
畑,"教育漢字
常用漢字
国字"
遵,常用漢字
或,人名用漢字
疑,"教育漢字
常用漢字"
代,"教育漢字
常用漢字"
傷,"教育漢字
常用漢字"
帝,常用漢字
欟,国字※
厳,"教育漢字
常用漢字"
楢,人名用漢字
隙,常用漢字
褒,常用漢字
至,"教育漢字
常用漢字"
船,"教育漢字
常用漢字"
尋,常用漢字
徽,人名用漢字
砥,人名用漢字
願,"教育漢字
常用漢字"
帥,常用漢字
霞,人名用漢字
募,常用漢字
致,常用漢字
以,"教育漢字
常用漢字"
際,"教育漢字
常用漢字"
歳,常用漢字
面,"教育漢字
常用漢字"
遁,人名用漢字
頒,常用漢字
賭,常用漢字
決,"教育漢字
常用漢字"
鬼,常用漢字
限,"教育漢字
常用漢字"
軅,国字※
喫,常用漢字
冷,"教育漢字
常用漢字"
既,常用漢字
確,"教育漢字
常用漢字"
啄,人名用漢字
汽,"教育漢字
常用漢字"
陛,"教育漢字
常用漢字"
樋,人名用漢字
拘,常用漢字
遂,常用漢字
宏,人名用漢字
頓,常用漢字
魁,人名用漢字
撫,人名用漢字
訳,"教育漢字
常用漢字"
松,"教育漢字
常用漢字"
漁,"教育漢字
常用漢字"
含,常用漢字
災,"教育漢字
常用漢字"
慌,常用漢字
鋒,人名用漢字
膵,国字※
惺,人名用漢字
福,"教育漢字
常用漢字"
修,"教育漢字
常用漢字"
濃,常用漢字
爵,常用漢字
斎,常用漢字
婿,常用漢字
乱,"教育漢字
常用漢字"
桟,常用漢字
移,"教育漢字
常用漢字"
踊,常用漢字
放,"教育漢字
常用漢字"
紛,常用漢字
薩,人名用漢字
板,"教育漢字
常用漢字"
炉,常用漢字
訴,常用漢字
糎,国字
箔,人名用漢字
乳,"教育漢字
常用漢字"
篠,人名用漢字
役,"教育漢字
常用漢字"
寛,常用漢字
珍,常用漢字
胤,人名用漢字
泰,常用漢字
十,"教育漢字
常用漢字"
飢,常用漢字
千,"教育漢字
常用漢字"
織,"教育漢字
常用漢字"
襲,常用漢字
入,"教育漢字
常用漢字"
錻,国字
酵,常用漢字
誉,常用漢字
輩,常用漢字
全,"教育漢字
常用漢字"
駅,"教育漢字
常用漢字"
淳,人名用漢字
笹,"人名用漢字
国字"
讃,人名用漢字
朗,"教育漢字
常用漢字"
寝,常用漢字
掬,人名用漢字
萱,人名用漢字
而,人名用漢字
岐,常用漢字
豪,常用漢字
猶,常用漢字
窟,常用漢字
芯,常用漢字
真,"教育漢字
常用漢字"
悦,常用漢字
堯,人名用漢字
郡,"教育漢字
常用漢字"
畔,常用漢字
柱,"教育漢字
常用漢字"
衛,"教育漢字
常用漢字"
煤,人名用漢字
鯱,国字
花,"教育漢字
常用漢字"
拙,常用漢字
腫,常用漢字
捗,常用漢字
瓸,国字
眠,常用漢字
鉄,"教育漢字
常用漢字"
諏,人名用漢字
犬,"教育漢字
常用漢字"
柳,常用漢字
留,"教育漢字
常用漢字"
堰,人名用漢字
招,"教育漢字
常用漢字"
芳,常用漢字
漂,常用漢字
恋,常用漢字
稀,人名用漢字
赴,常用漢字
令,"教育漢字
常用漢字"
辛,常用漢字
奏,"教育漢字
常用漢字"
買,"教育漢字
常用漢字"
欠,"教育漢字
常用漢字"
姓,常用漢字
積,"教育漢字
常用漢字"
扱,常用漢字
心,"教育漢字
常用漢字"
戚,常用漢字
艇,常用漢字
増,"教育漢字
常用漢字"
嶺,人名用漢字
仮,"教育漢字
常用漢字"
次,"教育漢字
常用漢字"
瀕,人名用漢字
起,"教育漢字
常用漢字"
漆,常用漢字
委,"教育漢字
常用漢字"
貸,"教育漢字
常用漢字"
魂,常用漢字
使,"教育漢字
常用漢字"
必,"教育漢字
常用漢字"
扶,常用漢字
蔑,常用漢字
砦,人名用漢字
政,"教育漢字
常用漢字"
斐,人名用漢字
遅,常用漢字
砧,人名用漢字
故,"教育漢字
常用漢字"
燕,人名用漢字
播,人名用漢字
追,"教育漢字
常用漢字"
憎,常用漢字
桧,人名用漢字
傾,常用漢字
庁,"教育漢字
常用漢字"
師,"教育漢字
常用漢字"
裁,"教育漢字
常用漢字"
喬,人名用漢字
歴,"教育漢字
常用漢字"
謄,常用漢字
消,"教育漢字
常用漢字"
父,"教育漢字
常用漢字"
耐,常用漢字
覽,人名用漢字
乾,常用漢字
去,"教育漢字
常用漢字"
晦,人名用漢字
絵,"教育漢字
常用漢字"
渾,人名用漢字
劇,"教育漢字
常用漢字"
広,"教育漢字
常用漢字"
繕,常用漢字
米,"教育漢字
常用漢字"
薪,常用漢字
席,"教育漢字
常用漢字"
障,"教育漢字
常用漢字"
参,"教育漢字
常用漢字"
素,"教育漢字
常用漢字"
導,"教育漢字
常用漢字"
頗,人名用漢字
單,人名用漢字
籵,国字
庄,人名用漢字
慎,常用漢字
遷,常用漢字
懐,常用漢字
圈,人名用漢字
媒,常用漢字
炊,常用漢字
竣,人名用漢字
犯,"教育漢字
常用漢字"
殿,常用漢字
鵆,国字
日,"教育漢字
常用漢字"
椙,国字
宕,人名用漢字
酷,常用漢字
掲,常用漢字
垰,国字
旦,常用漢字
彼,常用漢字
菅,人名用漢字
炎,常用漢字
縛,常用漢字
罪,"教育漢字
常用漢字"
費,"教育漢字
常用漢字"
契,常用漢字
旧,"教育漢字
常用漢字"
枇,人名用漢字
宗,"教育漢字
常用漢字"
商,"教育漢字
常用漢字"
珠,常用漢字
椚,国字
童,"教育漢字
常用漢字"
状,"教育漢字
常用漢字"
弱,"教育漢字
常用漢字"
毀,常用漢字
到,常用漢字
瞳,常用漢字
踏,常用漢字
望,"教育漢字
常用漢字"
淵,人名用漢字
駆,常用漢字
墜,常用漢字
誌,"教育漢字
常用漢字"
偉,常用漢字
凄,常用漢字
泳,"教育漢字
常用漢字"
藻,常用漢字
升,常用漢字
批,"教育漢字
常用漢字"
鯲,国字
窪,人名用漢字
午,"教育漢字
常用漢字"
朝,"教育漢字
常用漢字"
鳥,"教育漢字
常用漢字"
混,"教育漢字
常用漢字"
偏,常用漢字
俳,"教育漢字
常用漢字"
欣,人名用漢字
輪,"教育漢字
常用漢字"
仰,常用漢字
勢,"教育漢字
常用漢字"
捜,常用漢字
砲,常用漢字
忌,常用漢字
柴,人名用漢字
芸,"教育漢字
常用漢字"
業,"教育漢字
常用漢字"
潰,常用漢字
拜,人名用漢字
欧,常用漢字
侃,人名用漢字
俵,"教育漢字
常用漢字"
仲,"教育漢字
常用漢字"
憐,人名用漢字
玲,人名用漢字
忍,常用漢字
筆,"教育漢字
常用漢字"
腰,常用漢字
捧,人名用漢字
芹,人名用漢字
崚,人名用漢字
闇,常用漢字
破,"教育漢字
常用漢字"
蹴,常用漢字
搬,常用漢字
帯,"教育漢字
常用漢字"
診,常用漢字
衝,常用漢字
籾,"人名用漢字
国字"
媛,常用漢字
緊,常用漢字
退,"教育漢字
常用漢字"
霧,常用漢字
諒,人名用漢字
紡,常用漢字
恐,常用漢字
箕,人名用漢字
沃,常用漢字
鶴,常用漢字
僅,常用漢字
送,"教育漢字
常用漢字"
粁,国字
搭,常用漢字
湊,人名用漢字
註,人名用漢字
裂,常用漢字
八,"教育漢字
常用漢字"
橙,人名用漢字
遇,常用漢字
酸,"教育漢字
常用漢字"
公,"教育漢字
常用漢字"
饂,国字
庇,人名用漢字
薫,常用漢字
六,"教育漢字
常用漢字"
軈,国字
咽,常用漢字
辞,"教育漢字
常用漢字"
吸,"教育漢字
常用漢字"
類,"教育漢字
常用漢字"
小,"教育漢字
常用漢字"
往,"教育漢字
常用漢字"
報,"教育漢字
常用漢字"
悩,常用漢字
撮,常用漢字
床,常用漢字
程,"教育漢字
常用漢字"
少,"教育漢字
常用漢字"
毅,人名用漢字
革,"教育漢字
常用漢字"
裃,国字
骨,"教育漢字
常用漢字"
機,"教育漢字
常用漢字"
掵,国字
旨,常用漢字
亀,常用漢字
垳,国字
制,"教育漢字
常用漢字"
纏,人名用漢字
糖,"教育漢字
常用漢字"
絶,"教育漢字
常用漢字"
官,"教育漢字
常用漢字"
早,"教育漢字
常用漢字"
國,人名用漢字
晨,人名用漢字
胴,常用漢字
喰,"人名用漢字
国字※"
旬,常用漢字
溶,常用漢字
宙,"教育漢字
常用漢字"
刷,"教育漢字
常用漢字"
螺,人名用漢字
半,"教育漢字
常用漢字"
照,"教育漢字
常用漢字"
絹,"教育漢字
常用漢字"
購,常用漢字
洋,"教育漢字
常用漢字"
篤,常用漢字
雛,人名用漢字
嬶,国字※
拝,"教育漢字
常用漢字"
鵈,国字※
察,"教育漢字
常用漢字"
部,"教育漢字
常用漢字"
衞,人名用漢字
猿,常用漢字
羚,人名用漢字
逃,常用漢字
悪,"教育漢字
常用漢字"
貼,常用漢字
縞,人名用漢字
皿,"教育漢字
常用漢字"
愁,常用漢字
隠,常用漢字
選,"教育漢字
常用漢字"
勤,"教育漢字
常用漢字"
豹,人名用漢字
甅,国字
郭,常用漢字
拠,常用漢字
超,常用漢字
認,"教育漢字
常用漢字"
斑,常用漢字
柵,常用漢字
菊,常用漢字
駈,人名用漢字
沈,常用漢字
鍋,常用漢字
奔,常用漢字
耕,"教育漢字
常用漢字"
岡,常用漢字
嚴,人名用漢字
場,"教育漢字
常用漢字"
椛,"人名用漢字
国字"
窮,常用漢字
粂,国字
漏,常用漢字
志,"教育漢字
常用漢字"
襷,国字
越,常用漢字
査,"教育漢字
常用漢字"
沌,人名用漢字
菌,常用漢字
准,常用漢字
斗,常用漢字
置,"教育漢字
常用漢字"
駐,常用漢字
捨,"教育漢字
常用漢字"
瑳,人名用漢字
忘,"教育漢字
常用漢字"
騰,常用漢字
來,人名用漢字
輯,人名用漢字
又,常用漢字
帰,"教育漢字
常用漢字"
欲,"教育漢字
常用漢字"
征,常用漢字
爽,常用漢字
桶,人名用漢字
算,"教育漢字
常用漢字"
叉,人名用漢字
尖,人名用漢字
撰,人名用漢字
遊,"教育漢字
常用漢字"
及,常用漢字
哀,常用漢字
証,"教育漢字
常用漢字"
癪,国字
帳,"教育漢字
常用漢字"
尚,常用漢字
友,"教育漢字
常用漢字"
鳩,人名用漢字
索,常用漢字
承,"教育漢字
常用漢字"
緋,人名用漢字
件,"教育漢字
常用漢字"
蔓,人名用漢字
敍,人名用漢字
磁,"教育漢字
常用漢字"
虫,"教育漢字
常用漢字"
廣,人名用漢字
胸,"教育漢字
常用漢字"
蛮,常用漢字
穏,常用漢字
臼,常用漢字
鋭,常用漢字
薬,"教育漢字
常用漢字"
畜,常用漢字
紫,常用漢字
張,"教育漢字
常用漢字"
蕨,人名用漢字
瘍,常用漢字
疫,常用漢字
総,"教育漢字
常用漢字"
技,"教育漢字
常用漢字"
敏,常用漢字
楯,人名用漢字
聽,人名用漢字
吹,常用漢字
旭,人名用漢字
恒,常用漢字
櫂,人名用漢字
耗,常用漢字
序,"教育漢字
常用漢字"
竪,人名用漢字
問,"教育漢字
常用漢字"
論,"教育漢字
常用漢字"
劉,人名用漢字
死,"教育漢字
常用漢字"
纐,国字
茶,"教育漢字
常用漢字"
吻,人名用漢字
套,人名用漢字
顧,常用漢字
拡,"教育漢字
常用漢字"
郵,"教育漢字
常用漢字"
班,"教育漢字
常用漢字"
筈,人名用漢字
了,常用漢字
卑,常用漢字
炭,"教育漢字
常用漢字"
析,常用漢字
予,"教育漢字
常用漢字"
啓,常用漢字
洗,"教育漢字
常用漢字"
裄,国字
底,"教育漢字
常用漢字"
旺,常用漢字
鮮,常用漢字
恕,人名用漢字
茸,人名用漢字
寡,常用漢字
糘,国字※
料,"教育漢字
常用漢字"
共,"教育漢字
常用漢字"
采,常用漢字
鰯,"人名用漢字
国字"
晩,"教育漢字
常用漢字"
営,"教育漢字
常用漢字"
定,"教育漢字
常用漢字"
例,"教育漢字
常用漢字"
隣,常用漢字
雜,人名用漢字
落,"教育漢字
常用漢字"
釈,常用漢字
貿,"教育漢字
常用漢字"
逆,"教育漢字
常用漢字"
宛,常用漢字
兵,"教育漢字
常用漢字"
寢,人名用漢字
普,常用漢字
侍,常用漢字
戟,人名用漢字
悲,"教育漢字
常用漢字"
狂,常用漢字
曇,常用漢字
盃,人名用漢字
俸,常用漢字
強,"教育漢字
常用漢字"
窯,常用漢字
衡,常用漢字
芽,"教育漢字
常用漢字"
券,"教育漢字
常用漢字"
堵,人名用漢字
姥,人名用漢字
凉,人名用漢字
飯,"教育漢字
常用漢字"
慕,常用漢字
遺,"教育漢字
常用漢字"
誓,常用漢字
盆,常用漢字
車,"教育漢字
常用漢字"
鈴,常用漢字
濕,人名用漢字
刹,常用漢字
堺,人名用漢字
曉,人名用漢字
飲,"教育漢字
常用漢字"
任,"教育漢字
常用漢字"
墨,常用漢字
検,"教育漢字
常用漢字"
双,常用漢字
獄,常用漢字
岩,"教育漢字
常用漢字"
期,"教育漢字
常用漢字"
柾,"人名用漢字
国字"
紬,人名用漢字
帶,人名用漢字
槇,人名用漢字
罰,常用漢字
反,"教育漢字
常用漢字"
噂,人名用漢字
企,常用漢字
忙,常用漢字
煩,常用漢字
簾,人名用漢字
瑶,人名用漢字
収,"教育漢字
常用漢字"
柿,常用漢字
径,"教育漢字
常用漢字"
椡,国字
蒲,人名用漢字
畝,常用漢字
品,"教育漢字
常用漢字"
騷,人名用漢字
爾,人名用漢字
税,"教育漢字
常用漢字"
運,"教育漢字
常用漢字"
撲,常用漢字
償,常用漢字
謎,常用漢字
粉,"教育漢字
常用漢字"
畠,"人名用漢字
国字"
緑,"教育漢字
常用漢字"
魅,常用漢字
蒸,"教育漢字
常用漢字"
輸,"教育漢字
常用漢字"
遍,常用漢字
母,"教育漢字
常用漢字"
圏,常用漢字
枕,常用漢字
括,常用漢字
等,"教育漢字
常用漢字"
溺,常用漢字
西,"教育漢字
常用漢字"
院,"教育漢字
常用漢字"
士,"教育漢字
常用漢字"
宜,常用漢字
棋,常用漢字
其,人名用漢字
郷,"教育漢字
常用漢字"
諚,国字
釉,人名用漢字
麺,常用漢字
壬,人名用漢字
装,"教育漢字
常用漢字"
刺,常用漢字
要,"教育漢字
常用漢字"
救,"教育漢字
常用漢字"
林,"教育漢字
常用漢字"
拭,常用漢字
昂,人名用漢字
宝,"教育漢字
常用漢字"
壮,常用漢字
筋,"教育漢字
常用漢字"
園,"教育漢字
常用漢字"
具,"教育漢字
常用漢字"
都,"教育漢字
常用漢字"
曖,常用漢字
洛,人名用漢字
蛯,国字
争,"教育漢字
常用漢字"
岬,常用漢字
虹,常用漢字
卒,"教育漢字
常用漢字"
辣,常用漢字
劍,人名用漢字
禪,人名用漢字
示,"教育漢字
常用漢字"
鋲,国字
軌,常用漢字
勧,常用漢字
景,"教育漢字
常用漢字"
誕,"教育漢字
常用漢字"
巌,人名用漢字
卓,常用漢字
鮴,国字
吾,人名用漢字
沓,人名用漢字
埋,常用漢字
礼,"教育漢字
常用漢字"
店,"教育漢字
常用漢字"
事,"教育漢字
常用漢字"
軍,"教育漢字
常用漢字"
叔,常用漢字
俺,常用漢字
苑,人名用漢字
斜,常用漢字
涙,常用漢字
趣,常用漢字
噌,人名用漢字
角,"教育漢字
常用漢字"
零,常用漢字
崩,常用漢字
取,"教育漢字
常用漢字"
羽,"教育漢字
常用漢字"
益,"教育漢字
常用漢字"
端,常用漢字
姪,人名用漢字
翁,常用漢字
腸,"教育漢字
常用漢字"
菓,常用漢字
艝,国字
醇,人名用漢字
裏,"教育漢字
常用漢字"
添,常用漢字
働,"教育漢字
常用漢字
国字"
鰰,国字
離,常用漢字
伊,人名用漢字
長,"教育漢字
常用漢字"
駒,常用漢字
緒,常用漢字
遼,人名用漢字
携,常用漢字
骸,常用漢字
門,"教育漢字
常用漢字"
尤,人名用漢字
菖,人名用漢字
鳰,国字
腹,"教育漢字
常用漢字"
懲,常用漢字
伍,人名用漢字
醉,人名用漢字
獅,人名用漢字
陣,常用漢字
応,"教育漢字
常用漢字"
穗,人名用漢字
壯,人名用漢字
毎,"教育漢字
常用漢字"
典,"教育漢字
常用漢字"
栂,国字※
硝,常用漢字
賀,"教育漢字
常用漢字"
庚,人名用漢字
常,"教育漢字
常用漢字"
抄,常用漢字
洞,常用漢字
除,"教育漢字
常用漢字"
声,"教育漢字
常用漢字"
累,常用漢字
能,"教育漢字
常用漢字"
毒,"教育漢字
常用漢字"
凌,人名用漢字
据,常用漢字
過,"教育漢字
常用漢字"
簿,常用漢字
栃,"常用漢字
国字"
兼,常用漢字
構,"教育漢字
常用漢字"
壱,常用漢字
府,"教育漢字
常用漢字"
眸,人名用漢字
刻,"教育漢字
常用漢字"
枚,"教育漢字
常用漢字"
署,"教育漢字
常用漢字"
麻,常用漢字
粋,常用漢字
蚊,常用漢字
待,"教育漢字
常用漢字"
昆,常用漢字
眺,常用漢字
果,"教育漢字
常用漢字"
棒,"教育漢字
常用漢字"
靴,常用漢字
晴,"教育漢字
常用漢字"
粍,国字
罵,常用漢字
露,常用漢字
受,"教育漢字
常用漢字"
清,"教育漢字
常用漢字"
畢,人名用漢字
疲,常用漢字
協,"教育漢字
常用漢字"
稔,人名用漢字
湖,"教育漢字
常用漢字"
社,"教育漢字
常用漢字"
二,"教育漢字
常用漢字"
叙,常用漢字
鵜,人名用漢字
渇,常用漢字
蕪,人名用漢字
南,"教育漢字
常用漢字"
呂,常用漢字
愉,常用漢字
曙,人名用漢字
湘,人名用漢字
云,人名用漢字
齢,常用漢字
草,"教育漢字
常用漢字"
葉,"教育漢字
常用漢字"
侑,人名用漢字
弾,常用漢字
細,"教育漢字
常用漢字"
演,"教育漢字
常用漢字"
沖,常用漢字
像,"教育漢字
常用漢字"
鋳,常用漢字
実,"教育漢字
常用漢字"
禮,人名用漢字
嗅,常用漢字
伎,常用漢字
難,"教育漢字
常用漢字"
捲,人名用漢字
鳳,人名用漢字
姫,常用漢字
燥,常用漢字
覆,常用漢字
識,"教育漢字
常用漢字"
沙,常用漢字
苔,人名用漢字
鍛,常用漢字
頬,※補足欄参照
櫓,人名用漢字
伏,常用漢字
客,"教育漢字
常用漢字"
菜,"教育漢字
常用漢字"
煮,常用漢字
勲,常用漢字
極,"教育漢字
常用漢字"
脂,常用漢字
駕,人名用漢字
城,"教育漢字
常用漢字"
殆,人名用漢字
栄,"教育漢字
常用漢字"
圓,人名用漢字
脅,常用漢字
顯,人名用漢字
楷,常用漢字
殉,常用漢字
停,"教育漢字
常用漢字"
栓,常用漢字
險,人名用漢字
硫,常用漢字
標,"教育漢字
常用漢字"
陥,常用漢字
詐,常用漢字
鑄,人名用漢字
搾,"常用漢字
国字※"
塀,"常用漢字
国字"
領,"教育漢字
常用漢字"
衣,"教育漢字
常用漢字"
嫁,常用漢字
誘,常用漢字
椣,国字
蘇,人名用漢字
罷,常用漢字
璃,常用漢字
竰,国字
墳,常用漢字
恢,人名用漢字
硬,常用漢字
粒,常用漢字
賂,常用漢字
木,"教育漢字
常用漢字"
則,"教育漢字
常用漢字"
槌,人名用漢字
表,"教育漢字
常用漢字"
忠,"教育漢字
常用漢字"
昇,常用漢字
岳,常用漢字
孃,人名用漢字
帽,常用漢字
飼,"教育漢字
常用漢字"
踪,常用漢字
点,"教育漢字
常用漢字"
売,"教育漢字
常用漢字"
眼,"教育漢字
常用漢字"
凍,常用漢字
湛,人名用漢字
把,常用漢字
腺,"常用漢字
国字"
昊,人名用漢字
継,常用漢字
飽,常用漢字
尭,人名用漢字
着,"教育漢字
常用漢字"
為,常用漢字
現,"教育漢字
常用漢字"
漕,人名用漢字
里,"教育漢字
常用漢字"
祁,人名用漢字
枝,"教育漢字
常用漢字"
単,"教育漢字
常用漢字"
梁,人名用漢字
軒,常用漢字
燦,人名用漢字
閃,人名用漢字
重,"教育漢字
常用漢字"
済,"教育漢字
常用漢字"
宣,"教育漢字
常用漢字"
球,"教育漢字
常用漢字"
哉,人名用漢字
祇,人名用漢字
枠,"常用漢字
国字"
裕,常用漢字
津,常用漢字
橲,国字
博,"教育漢字
常用漢字"
勳,人名用漢字
揃,人名用漢字
欺,常用漢字
優,"教育漢字
常用漢字"
斡,人名用漢字
鋸,人名用漢字
雨,"教育漢字
常用漢字"
晶,常用漢字
與,人名用漢字
呈,常用漢字
覇,常用漢字
智,人名用漢字
嫉,常用漢字
頭,"教育漢字
常用漢字"
供,"教育漢字
常用漢字"
呉,常用漢字
戦,"教育漢字
常用漢字"
欽,人名用漢字
未,"教育漢字
常用漢字"
窺,人名用漢字
塁,常用漢字
略,"教育漢字
常用漢字"
互,常用漢字
苗,常用漢字
紳,常用漢字
透,常用漢字
末,"教育漢字
常用漢字"
岸,"教育漢字
常用漢字"
涯,常用漢字
姻,常用漢字
五,"教育漢字
常用漢字"
禰,人名用漢字
著,"教育漢字
常用漢字"
殊,常用漢字
槍,人名用漢字
奥,常用漢字
本,"教育漢字
常用漢字"
健,"教育漢字
常用漢字"
塊,常用漢字
井,常用漢字
僕,常用漢字
澁,人名用漢字
倉,"教育漢字
常用漢字"
解,"教育漢字
常用漢字"
肇,人名用漢字
醍,人名用漢字
縣,人名用漢字
度,"教育漢字
常用漢字"
抑,常用漢字
摂,常用漢字
鳴,"教育漢字
常用漢字"
狙,常用漢字
鉛,常用漢字
競,"教育漢字
常用漢字"
伐,常用漢字
鑑,常用漢字
椥,国字※
続,"教育漢字
常用漢字"
硯,人名用漢字
叱,常用漢字
座,"教育漢字
常用漢字"
就,"教育漢字
常用漢字"
悼,常用漢字
鳶,人名用漢字
休,"教育漢字
常用漢字"
縦,"教育漢字
常用漢字"
粗,常用漢字
避,常用漢字
快,"教育漢字
常用漢字"
片,"教育漢字
常用漢字"
恣,常用漢字
版,"教育漢字
常用漢字"
實,人名用漢字
貌,常用漢字
烈,常用漢字
賃,"教育漢字
常用漢字"
栖,人名用漢字
陪,常用漢字
卜,人名用漢字
翌,"教育漢字
常用漢字"
梅,"教育漢字
常用漢字"
理,"教育漢字
常用漢字"
盗,常用漢字
凛,人名用漢字
彈,人名用漢字
昌,人名用漢字
姿,"教育漢字
常用漢字"
比,"教育漢字
常用漢字"
液,"教育漢字
常用漢字"
渉,常用漢字
哘,国字
明,"教育漢字
常用漢字"
足,"教育漢字
常用漢字"
毘,人名用漢字
蒼,人名用漢字
滅,常用漢字
軟,常用漢字
款,常用漢字
麿,"人名用漢字
国字"
橸,国字
威,常用漢字
昏,人名用漢字
韓,常用漢字
毛,"教育漢字
常用漢字"
洪,常用漢字
員,"教育漢字
常用漢字"
野,"教育漢字
常用漢字"
敗,"教育漢字
常用漢字"
逐,常用漢字
斤,常用漢字
興,"教育漢字
常用漢字"
葛,常用漢字
枡,国字
雪,"教育漢字
常用漢字"
会,"教育漢字
常用漢字"
亘,人名用漢字
斥,常用漢字
残,"教育漢字
常用漢字"
磐,人名用漢字
削,常用漢字
奧,人名用漢字
依,常用漢字
閉,"教育漢字
常用漢字"
量,"教育漢字
常用漢字"
耳,"教育漢字
常用漢字"
斧,人名用漢字
亙,人名用漢字
雫,"人名用漢字
国字※"
律,"教育漢字
常用漢字"
枢,常用漢字
髄,常用漢字
縫,常用漢字
耶,人名用漢字
脇,常用漢字
醐,人名用漢字
捷,人名用漢字
栗,人名用漢字
札,"教育漢字
常用漢字"
拳,常用漢字
苛,常用漢字
漠,常用漢字
没,常用漢字
祈,常用漢字
儲,人名用漢字
告,"教育漢字
常用漢字"
個,"教育漢字
常用漢字"
線,"教育漢字
常用漢字"
恥,常用漢字
獣,常用漢字
叡,人名用漢字
内,"教育漢字
常用漢字"
飾,常用漢字
粘,常用漢字
栞,人名用漢字
紹,常用漢字
祉,常用漢字
捺,人名用漢字
呎,国字※
頰,常用漢字
沢,常用漢字
朱,常用漢字
円,"教育漢字
常用漢字"
肉,"教育漢字
常用漢字"
埖,国字※
鋼,"教育漢字
常用漢字"
恨,常用漢字
漢,"教育漢字
常用漢字"
語,"教育漢字
常用漢字"
團,人名用漢字
衰,常用漢字
室,"教育漢字
常用漢字"
賄,常用漢字
岼,国字※
曜,"教育漢字
常用漢字"
念,"教育漢字
常用漢字"
宥,人名用漢字
畩,国字※
誠,"教育漢字
常用漢字"
鉢,常用漢字
讓,人名用漢字
烏,人名用漢字
資,"教育漢字
常用漢字"
硲,国字
寧,常用漢字
占,常用漢字
庫,"教育漢字
常用漢字"
蕾,人名用漢字
触,常用漢字
臆,常用漢字
樟,人名用漢字
櫛,人名用漢字
硴,国字
庭,"教育漢字
常用漢字"
摑,人名用漢字
洲,人名用漢字
嵐,常用漢字
憤,常用漢字
綛,国字
伝,"教育漢字
常用漢字"
琉,人名用漢字
墹,国字※
稚,常用漢字
暁,常用漢字
糧,常用漢字
滉,人名用漢字
黃,人名用漢字
渋,常用漢字
子,"教育漢字
常用漢字"
斬,常用漢字
伯,常用漢字
椨,国字
穣,人名用漢字
陰,常用漢字
凜,人名用漢字
綜,人名用漢字
転,"教育漢字
常用漢字"
輿,人名用漢字
意,"教育漢字
常用漢字"
毟,国字
祐,人名用漢字
藁,人名用漢字
沫,人名用漢字
逓,常用漢字
湧,常用漢字
些,人名用漢字
嫌,常用漢字
盛,"教育漢字
常用漢字"
後,"教育漢字
常用漢字"
埜,人名用漢字
擁,常用漢字
濡,人名用漢字
脈,"教育漢字
常用漢字"
宮,"教育漢字
常用漢字"
慢,常用漢字
娃,人名用漢字
価,"教育漢字
常用漢字"
幅,常用漢字
耽,人名用漢字
謙,常用漢字
途,常用漢字
岾,国字
閊,国字
奨,常用漢字
朴,常用漢字
力,"教育漢字
常用漢字"
詔,常用漢字
筑,人名用漢字
鄭,人名用漢字
紺,常用漢字
冊,"教育漢字
常用漢字"
番,"教育漢字
常用漢字"
習,"教育漢字
常用漢字"
校,"教育漢字
常用漢字"
偲,人名用漢字
功,"教育漢字
常用漢字"
捻,常用漢字
恩,"教育漢字
常用漢字"
雰,常用漢字
峅,国字
教,"教育漢字
常用漢字"
開,"教育漢字
常用漢字"
加,"教育漢字
常用漢字"
漣,人名用漢字
贈,常用漢字
醒,常用漢字
側,"教育漢字
常用漢字"
翔,人名用漢字
評,"教育漢字
常用漢字"
劣,常用漢字
筒,常用漢字
尺,"教育漢字
常用漢字"
肋,人名用漢字
易,"教育漢字
常用漢字"
投,"教育漢字
常用漢字"
菩,人名用漢字
疾,常用漢字
纖,人名用漢字
叢,人名用漢字
繧,国字
拶,常用漢字
尻,常用漢字
荒,常用漢字
渓,常用漢字
肌,常用漢字
懷,人名用漢字
僚,常用漢字
錆,人名用漢字
土,"教育漢字
常用漢字"
梓,人名用漢字
昔,"教育漢字
常用漢字"
尼,常用漢字
菫,人名用漢字
餅,常用漢字
廳,人名用漢字
拷,常用漢字
蜂,常用漢字
葡,人名用漢字
倍,"教育漢字
常用漢字"
情,"教育漢字
常用漢字"
粛,常用漢字
蚕,"教育漢字
常用漢字"
楼,常用漢字
黄,"教育漢字
常用漢字"
曝,人名用漢字
涼,常用漢字
蔣,人名用漢字
粟,人名用漢字
衷,常用漢字
楽,"教育漢字
常用漢字"
審,常用漢字
補,"教育漢字
常用漢字"
稜,人名用漢字
鏡,"教育漢字
常用漢字"
熊,常用漢字
憧,常用漢字
孔,常用漢字
檀,人名用漢字
塑,常用漢字
枯,常用漢字
庵,人名用漢字
愚,常用漢字
牒,人名用漢字
狩,常用漢字
模,"教育漢字
常用漢字"
滋,常用漢字
彌,人名用漢字
裝,人名用漢字
字,"教育漢字
常用漢字"
河,"教育漢字
常用漢字"
澄,常用漢字
奪,常用漢字
闘,常用漢字
管,"教育漢字
常用漢字"
憩,常用漢字
軸,常用漢字
稟,人名用漢字
鷄,人名用漢字
轄,常用漢字
摘,常用漢字
亜,常用漢字
徐,常用漢字
縮,"教育漢字
常用漢字"
燭,人名用漢字
毬,人名用漢字
盜,人名用漢字
勺,人名用漢字
鍬,人名用漢字
道,"教育漢字
常用漢字"
描,常用漢字
助,"教育漢字
常用漢字"
器,"教育漢字
常用漢字"
亞,人名用漢字
発,"教育漢字
常用漢字"
卯,人名用漢字
終,"教育漢字
常用漢字"
勾,常用漢字
伴,常用漢字
鯉,人名用漢字
掃,常用漢字
印,"教育漢字
常用漢字"
努,"教育漢字
常用漢字"
舌,"教育漢字
常用漢字"
殖,常用漢字
蓄,常用漢字
凝,常用漢字
荘,常用漢字
域,"教育漢字
常用漢字"
周,"教育漢字
常用漢字"
金,"教育漢字
常用漢字"
忽,人名用漢字
口,"教育漢字
常用漢字"
断,"教育漢字
常用漢字"
肖,常用漢字
前,"教育漢字
常用漢字"
古,"教育漢字
常用漢字"
慣,"教育漢字
常用漢字"
巖,人名用漢字
呪,常用漢字
睡,常用漢字
拾,"教育漢字
常用漢字"
偵,常用漢字
鞄,人名用漢字
句,"教育漢字
常用漢字"
鹿,常用漢字
肘,常用漢字
脊,常用漢字
様,"教育漢字
常用漢字"
棚,常用漢字
籍,常用漢字
斯,人名用漢字
譜,常用漢字
琢,人名用漢字
圦,国字
雲,"教育漢字
常用漢字"
再,"教育漢字
常用漢字"
宰,常用漢字
鑓,国字
椰,人名用漢字
洵,人名用漢字
僞,人名用漢字
圧,"教育漢字
常用漢字"
漫,常用漢字
懸,常用漢字
琥,人名用漢字
答,"教育漢字
常用漢字"
机,"教育漢字
常用漢字"
在,"教育漢字
常用漢字"
鉱,"教育漢字
常用漢字"
星,"教育漢字
常用漢字"
害,"教育漢字
常用漢字"
嗣,常用漢字
尽,常用漢字
庶,常用漢字
抗,常用漢字
危,"教育漢字
常用漢字"
艦,常用漢字
祕,人名用漢字
董,人名用漢字
徒,"教育漢字
常用漢字"
華,常用漢字
尾,常用漢字
楾,国字
即,常用漢字
折,"教育漢字
常用漢字"
康,"教育漢字
常用漢字"
尿,常用漢字
暇,常用漢字
提,"教育漢字
常用漢字"
璧,常用漢字
独,"教育漢字
常用漢字"
閏,人名用漢字
甘,常用漢字
惇,人名用漢字
竹,"教育漢字
常用漢字"
賊,常用漢字
沸,常用漢字
甚,常用漢字
竺,人名用漢字
狭,常用漢字
閑,常用漢字
見,"教育漢字
常用漢字"
架,常用漢字
勿,人名用漢字
幌,人名用漢字
錐,人名用漢字
存,"教育漢字
常用漢字"
碁,常用漢字
登,"教育漢字
常用漢字"
嵩,人名用漢字
藍,常用漢字
劫,人名用漢字
棟,常用漢字
督,常用漢字
脚,常用漢字
裟,人名用漢字
湯,"教育漢字
常用漢字"
羅,常用漢字
蔦,人名用漢字
新,"教育漢字
常用漢字"
亡,"教育漢字
常用漢字"
舎,"教育漢字
常用漢字"
塔,常用漢字
錘,人名用漢字
匁,"人名用漢字
国字"
持,"教育漢字
常用漢字"
川,"教育漢字
常用漢字"
達,"教育漢字
常用漢字"
縱,人名用漢字
圭,人名用漢字
薄,常用漢字
映,"教育漢字
常用漢字"
宴,常用漢字
地,"教育漢字
常用漢字"
陳,常用漢字
壽,人名用漢字
魔,常用漢字
違,常用漢字
驍,人名用漢字
締,常用漢字
春,"教育漢字
常用漢字"
哨,人名用漢字
圷,国字
瀧,人名用漢字
荷,"教育漢字
常用漢字"
宵,常用漢字
盟,"教育漢字
常用漢字"
逗,人名用漢字
墾,常用漢字
株,"教育漢字
常用漢字"
朽,常用漢字
祖,"教育漢字
常用漢字"
戯,常用漢字
釘,人名用漢字
淀,人名用漢字
愛,"教育漢字
常用漢字"
伶,人名用漢字
偶,常用漢字
絃,人名用漢字
策,"教育漢字
常用漢字"
詞,"教育漢字
常用漢字"
榁,国字※
養,"教育漢字
常用漢字"
授,"教育漢字
常用漢字"
濫,常用漢字
侮,常用漢字
槙,人名用漢字
娘,常用漢字
奬,人名用漢字
只,人名用漢字
菱,人名用漢字
寮,常用漢字
衿,人名用漢字
鵤,国字
伸,常用漢字
杁,国字
誤,"教育漢字
常用漢字"
組,"教育漢字
常用漢字"
叫,常用漢字
病,"教育漢字
常用漢字"
感,"教育漢字
常用漢字"
詠,常用漢字
敢,常用漢字
籏,国字
竿,人名用漢字
葦,人名用漢字
異,"教育漢字
常用漢字"
局,"教育漢字
常用漢字"
穫,常用漢字
延,"教育漢字
常用漢字"
翠,人名用漢字
雷,常用漢字
洸,人名用漢字
笂,国字
蹄,人名用漢字
滑,常用漢字
畳,常用漢字
歌,"教育漢字
常用漢字"
廷,常用漢字
辰,人名用漢字
講,"教育漢字
常用漢字"
油,"教育漢字
常用漢字"
漬,常用漢字
鍵,常用漢字
裡,人名用漢字
塗,常用漢字
蝦,人名用漢字
摩,常用漢字
種,"教育漢字
常用漢字"
恭,常用漢字
熕,国字
鯏,国字
抜,常用漢字
渚,人名用漢字
肝,常用漢字
漱,人名用漢字
梗,常用漢字
倒,常用漢字
従,"教育漢字
常用漢字"
却,常用漢字
峠,"常用漢字
国字"
陵,常用漢字
燵,国字
環,常用漢字
交,"教育漢字
常用漢字"
凡,常用漢字
若,"教育漢字
常用漢字"
遖,国字
剖,常用漢字
孜,人名用漢字
庸,常用漢字
処,"教育漢字
常用漢字"
変,"教育漢字
常用漢字"
這,人名用漢字
貝,"教育漢字
常用漢字"
症,常用漢字
亥,人名用漢字
卵,"教育漢字
常用漢字"
散,"教育漢字
常用漢字"
梛,人名用漢字
黎,人名用漢字
苦,"教育漢字
常用漢字"
励,常用漢字
嵯,人名用漢字
得,"教育漢字
常用漢字"
一,"教育漢字
常用漢字"
峡,常用漢字
醜,常用漢字
凧,"人名用漢字
国字"
陶,常用漢字
丁,"教育漢字
常用漢字"
貞,常用漢字
孝,"教育漢字
常用漢字"
瀬,常用漢字
軽,"教育漢字
常用漢字"
亦,人名用漢字
惑,常用漢字
樣,人名用漢字
琳,人名用漢字
侯,常用漢字
繭,常用漢字
匂,"常用漢字
国字"
哩,人名用漢字
間,"教育漢字
常用漢字"
規,"教育漢字
常用漢字"
禽,人名用漢字
蓉,人名用漢字
盡,人名用漢字
包,"教育漢字
常用漢字"
憬,常用漢字
杉,常用漢字
荻,人名用漢字
侵,常用漢字
琴,常用漢字
磨,常用漢字
壁,常用漢字
怒,常用漢字
権,"教育漢字
常用漢字"
音,"教育漢字
常用漢字"
指,"教育漢字
常用漢字"
掌,常用漢字
膏,人名用漢字
蟐,国字※
藏,人名用漢字
餌,常用漢字
酉,人名用漢字
釜,常用漢字
味,"教育漢字
常用漢字"
息,"教育漢字
常用漢字"
鞆,国字
埴,人名用漢字
伺,常用漢字
辱,常用漢字
昧,常用漢字
家,"教育漢字
常用漢字"
鵬,人名用漢字
諦,常用漢字
白,"教育漢字
常用漢字"
恰,人名用漢字
詢,人名用漢字
嫡,常用漢字
針,"教育漢字
常用漢字"
聖,"教育漢字
常用漢字"
似,"教育漢字
常用漢字"
建,"教育漢字
常用漢字"
鯑,国字
農,"教育漢字
常用漢字"
歎,人名用漢字
百,"教育漢字
常用漢字"
睦,常用漢字
昨,"教育漢字
常用漢字"
璽,常用漢字
警,"教育漢字
常用漢字"
戰,人名用漢字
州,"教育漢字
常用漢字"
冒,常用漢字
凩,国字
槝,国字
牙,常用漢字
奮,"教育漢字
常用漢字"
熙,人名用漢字
善,"教育漢字
常用漢字"
牛,"教育漢字
常用漢字"
凪,"人名用漢字
国字"
蚫,国字※
巡,常用漢字
祝,"教育漢字
常用漢字"
生,"教育漢字
常用漢字"
慧,人名用漢字
獲,常用漢字
揚,常用漢字
卷,人名用漢字
択,常用漢字
圸,国字
隷,常用漢字
召,常用漢字
穰,人名用漢字
箱,"教育漢字
常用漢字"
当,"教育漢字
常用漢字"
摯,常用漢字
粥,人名用漢字
倖,人名用漢字
頻,常用漢字
躍,常用漢字
卸,常用漢字
披,常用漢字
湾,常用漢字
治,"教育漢字
常用漢字"
言,"教育漢字
常用漢字"
剛,常用漢字
還,常用漢字
概,常用漢字
七,"教育漢字
常用漢字"
通,"教育漢字
常用漢字"
股,常用漢字
囎,国字
銀,"教育漢字
常用漢字"
方,"教育漢字
常用漢字"
万,"教育漢字
常用漢字"
孟,人名用漢字
活,"教育漢字
常用漢字"
閖,国字※
訂,常用漢字
視,"教育漢字
常用漢字"
狹,人名用漢字
於,人名用漢字
沼,常用漢字
丈,常用漢字
峨,人名用漢字
剝,常用漢字
逝,常用漢字
季,"教育漢字
常用漢字"
肢,常用漢字
怖,常用漢字
銃,常用漢字
三,"教育漢字
常用漢字"
榊,"人名用漢字
国字"
訃,常用漢字
暉,人名用漢字
操,"教育漢字
常用漢字"
絆,人名用漢字
李,人名用漢字
禾,人名用漢字
侶,常用漢字
氏,"教育漢字
常用漢字"
労,"教育漢字
常用漢字"
負,"教育漢字
常用漢字"
亨,人名用漢字
民,"教育漢字
常用漢字"
陷,人名用漢字
容,"教育漢字
常用漢字"
杏,人名用漢字
偽,常用漢字
夏,"教育漢字
常用漢字"
酌,常用漢字
享,常用漢字
財,"教育漢字
常用漢字"
電,"教育漢字
常用漢字"
便,"教育漢字
常用漢字"
材,"教育漢字
常用漢字"
居,"教育漢字
常用漢字"
巣,"教育漢字
常用漢字"
戲,人名用漢字
蔭,人名用漢字
伽,人名用漢字
敦,人名用漢字
脩,人名用漢字
條,人名用漢字
詣,常用漢字
幕,"教育漢字
常用漢字"
神,"教育漢字
常用漢字"
減,"教育漢字
常用漢字"
琵,人名用漢字
横,"教育漢字
常用漢字"
轉,人名用漢字
攝,人名用漢字
噴,常用漢字
佃,人名用漢字
辷,国字
工,"教育漢字
常用漢字"
候,"教育漢字
常用漢字"
僧,常用漢字
葬,常用漢字
監,常用漢字
彗,人名用漢字
昭,"教育漢字
常用漢字"
諧,常用漢字
核,常用漢字
抱,常用漢字
柄,常用漢字
喉,常用漢字
盤,常用漢字
哲,常用漢字
是,常用漢字
塙,人名用漢字
換,常用漢字
謝,"教育漢字
常用漢字"
施,常用漢字
繰,常用漢字
上,"教育漢字
常用漢字"
檎,人名用漢字
牟,人名用漢字
産,"教育漢字
常用漢字"
慨,常用漢字
療,常用漢字
坂,"教育漢字
常用漢字"
下,"教育漢字
常用漢字"
缶,常用漢字
執,常用漢字
袈,人名用漢字
牡,人名用漢字
不,"教育漢字
常用漢字"
塚,常用漢字
均,"教育漢字
常用漢字"
銅,"教育漢字
常用漢字"
握,常用漢字
甥,人名用漢字
謠,人名用漢字
鞍,人名用漢字
淋,人名用漢字
屈,常用漢字
粧,常用漢字
琶,人名用漢字
陸,"教育漢字
常用漢字"
狼,人名用漢字
京,"教育漢字
常用漢字"
熟,"教育漢字
常用漢字"
可,"教育漢字
常用漢字"
廻,人名用漢字
魚,"教育漢字
常用漢字"
駲,国字※
需,常用漢字
漸,常用漢字
頼,常用漢字
届,"教育漢字
常用漢字"
村,"教育漢字
常用漢字"
派,"教育漢字
常用漢字"
裳,人名用漢字
矛,常用漢字
穴,"教育漢字
常用漢字"
凰,人名用漢字
榎,人名用漢字
亭,常用漢字
台,"教育漢字
常用漢字"
粨,国字
從,人名用漢字
鯒,国字
獸,人名用漢字
魯,人名用漢字
曲,"教育漢字
常用漢字"
険,"教育漢字
常用漢字"
屋,"教育漢字
常用漢字"
左,"教育漢字
常用漢字"
按,人名用漢字
敬,"教育漢字
常用漢字"
根,"教育漢字
常用漢字"
女,"教育漢字
常用漢字"
遙,人名用漢字
嵶,国字
風,"教育漢字
常用漢字"
孤,常用漢字
辺,"教育漢字
常用漢字"
英,"教育漢字
常用漢字"
奴,常用漢字
恵,常用漢字
逞,人名用漢字
饗,人名用漢字
巧,常用漢字
稲,常用漢字
廃,常用漢字
惚,人名用漢字
辻,"人名用漢字
国字"
格,"教育漢字
常用漢字"
気,"教育漢字
常用漢字"
娠,常用漢字
巨,常用漢字
脱,常用漢字
湿,常用漢字
颪,国字
遜,常用漢字
数,"教育漢字
常用漢字"
込,"常用漢字
国字"
速,"教育漢字
常用漢字"
与,常用漢字
鼎,人名用漢字
秀,常用漢字
賑,人名用漢字
樫,"人名用漢字
国字"
距,常用漢字
肥,"教育漢字
常用漢字"
暑,"教育漢字
常用漢字"
較,常用漢字
効,"教育漢字
常用漢字"
抵,常用漢字
憲,"教育漢字
常用漢字"
笈,人名用漢字
哺,常用漢字
鼓,常用漢字
配,"教育漢字
常用漢字"
丑,人名用漢字
磯,人名用漢字
呼,"教育漢字
常用漢字"
私,"教育漢字
常用漢字"
肩,常用漢字
且,常用漢字
賓,常用漢字
暖,"教育漢字
常用漢字"
抹,常用漢字
樮,国字※
試,"教育漢字
常用漢字"
驗,人名用漢字
但,常用漢字
蔵,"教育漢字
常用漢字"
編,"教育漢字
常用漢字"
錠,常用漢字
濯,常用漢字
凱,人名用漢字
鎌,常用漢字
臓,"教育漢字
常用漢字"
餓,常用漢字
牧,"教育漢字
常用漢字"
係,"教育漢字
常用漢字"
冗,常用漢字
貢,常用漢字
計,"教育漢字
常用漢字"
椿,人名用漢字
壇,常用漢字
轌,国字
歓,常用漢字
噸,国字
写,"教育漢字
常用漢字"
聞,"教育漢字
常用漢字"
詩,"教育漢字
常用漢字"
究,"教育漢字
常用漢字"
好,"教育漢字
常用漢字"
卿,人名用漢字
宿,"教育漢字
常用漢字"
鱇,国字
袋,常用漢字
彙,常用漢字
釣,常用漢字
培,常用漢字
昴,人名用漢字
史,"教育漢字
常用漢字"
経,"教育漢字
常用漢字"
曳,人名用漢字
穹,人名用漢字
借,"教育漢字
常用漢字"
氣,人名用漢字
隻,常用漢字
廿,人名用漢字
痕,常用漢字
陽,"教育漢字
常用漢字"
右,"教育漢字
常用漢字"
如,常用漢字
更,常用漢字
寂,常用漢字
弁,"教育漢字
常用漢字"
柊,人名用漢字
蓋,常用漢字
維,常用漢字
肪,常用漢字
森,"教育漢字
常用漢字"
的,"教育漢字
常用漢字"
学,"教育漢字
常用漢字"
箸,常用漢字
辿,人名用漢字
良,"教育漢字
常用漢字"
満,"教育漢字
常用漢字"
粫,国字※
谷,"教育漢字
常用漢字"
舗,常用漢字
銑,人名用漢字
迂,人名用漢字
皆,常用漢字
謡,常用漢字
矢,"教育漢字
常用漢字"
櫻,人名用漢字
促,常用漢字
剣,常用漢字
沿,"教育漢字
常用漢字"
流,"教育漢字
常用漢字"
蔽,常用漢字
挑,常用漢字
覚,"教育漢字
常用漢字"
惜,常用漢字
淑,常用漢字
坊,常用漢字
杖,人名用漢字
脳,"教育漢字
常用漢字"
襖,人名用漢字
俄,人名用漢字
造,"教育漢字
常用漢字"
徠,人名用漢字
載,常用漢字
況,常用漢字
剤,常用漢字
滝,常用漢字
浄,常用漢字
物,"教育漢字
常用漢字"
碎,人名用漢字
韻,常用漢字
允,人名用漢字
位,"教育漢字
常用漢字"
排,常用漢字
栽,常用漢字
驚,常用漢字
寵,人名用漢字
首,"教育漢字
常用漢字"
元,"教育漢字
常用漢字"
梢,人名用漢字
牲,常用漢字
低,"教育漢字
常用漢字"
颯,人名用漢字
兄,"教育漢字
常用漢字"
碑,常用漢字
押,常用漢字
訊,人名用漢字
夕,"教育漢字
常用漢字"
厄,常用漢字
莉,人名用漢字
命,"教育漢字
常用漢字"
高,"教育漢字
常用漢字"
外,"教育漢字
常用漢字"
怜,人名用漢字
劾,常用漢字
塞,常用漢字
跡,常用漢字
亮,人名用漢字
釧,人名用漢字
詫,人名用漢字
暗,"教育漢字
常用漢字"
唄,常用漢字
簓,国字
倣,常用漢字
莊,人名用漢字
関,"教育漢字
常用漢字"
思,"教育漢字
常用漢字"
勁,人名用漢字
巫,人名用漢字
摺,人名用漢字
冠,常用漢字
憶,常用漢字
溂,国字※
娩,人名用漢字
祢,人名用漢字
妃,常用漢字
痘,常用漢字
緩,常用漢字
酎,常用漢字
戴,常用漢字
諭,常用漢字
楊,人名用漢字
壊,常用漢字
妄,常用漢字
世,"教育漢字
常用漢字"
隅,常用漢字
差,"教育漢字
常用漢字"
焚,人名用漢字
噺,国字
色,"教育漢字
常用漢字"
撃,常用漢字
鞐,国字
祥,常用漢字
酒,"教育漢字
常用漢字"
娯,常用漢字
弄,常用漢字
基,"教育漢字
常用漢字"
説,"教育漢字
常用漢字"
糸,"教育漢字
常用漢字"
隼,人名用漢字
叶,人名用漢字
傍,常用漢字
廉,常用漢字
裸,常用漢字
迄,人名用漢字
皇,"教育漢字
常用漢字"
峯,人名用漢字
苺,人名用漢字
杜,人名用漢字
号,"教育漢字
常用漢字"
抽,常用漢字
浅,"教育漢字
常用漢字"
雀,人名用漢字
知,"教育漢字
常用漢字"
水,"教育漢字
常用漢字"
司,"教育漢字
常用漢字"
埼,常用漢字
迅,常用漢字
系,"教育漢字
常用漢字"
秋,"教育漢字
常用漢字"
阜,常用漢字
読,"教育漢字
常用漢字"
貧,"教育漢字
常用漢字"
空,"教育漢字
常用漢字"
節,"教育漢字
常用漢字"
慮,常用漢字
燿,人名用漢字
黑,人名用漢字
麒,人名用漢字
剥,※補足欄参照
御,常用漢字
棲,人名用漢字
遠,"教育漢字
常用漢字"
桁,常用漢字
貨,"教育漢字
常用漢字"
特,"教育漢字
常用漢字"
震,常用漢字
坐,人名用漢字
喋,人名用漢字
膚,常用漢字
黒,"教育漢字
常用漢字"
昼,"教育漢字
常用漢字"
逢,人名用漢字
惟,人名用漢字
挙,"教育漢字
常用漢字"
稻,人名用漢字
粭,国字※
蘭,人名用漢字
用,"教育漢字
常用漢字"
怠,常用漢字
幡,人名用漢字
甫,人名用漢字
多,"教育漢字
常用漢字"
掘,常用漢字
鱈,国字※
滞,常用漢字
閣,"教育漢字
常用漢字"
惠,人名用漢字
賛,"教育漢字
常用漢字"
挟,常用漢字
梧,人名用漢字
碓,人名用漢字
緯,常用漢字
稼,常用漢字
化,"教育漢字
常用漢字"
妊,常用漢字
討,"教育漢字
常用漢字"
住,"教育漢字
常用漢字"
凶,常用漢字
充,常用漢字
脹,人名用漢字
塡,常用漢字
孫,"教育漢字
常用漢字"
諮,常用漢字
北,"教育漢字
常用漢字"
畿,常用漢字
票,"教育漢字
常用漢字"
勃,常用漢字
凸,常用漢字
結,"教育漢字
常用漢字"
立,"教育漢字
常用漢字"
肯,常用漢字
佐,常用漢字
丘,常用漢字
兆,"教育漢字
常用漢字"
凹,常用漢字
竍,国字
祭,"教育漢字
常用漢字"
羊,"教育漢字
常用漢字"
氷,"教育漢字
常用漢字"
唆,常用漢字
柏,人名用漢字
檜,人名用漢字
糾,常用漢字
己,"教育漢字
常用漢字"
厘,常用漢字
壌,常用漢字
袖,常用漢字
已,人名用漢字
科,"教育漢字
常用漢字"
販,常用漢字
俊,常用漢字
酔,常用漢字
永,"教育漢字
常用漢字"
巳,人名用漢字
某,常用漢字
紀,"教育漢字
常用漢字"
厚,"教育漢字
常用漢字"
巴,人名用漢字
誰,常用漢字
笑,"教育漢字
常用漢字"
憾,常用漢字
蛇,常用漢字
美,"教育漢字
常用漢字"
唇,常用漢字
峰,常用漢字
廊,常用漢字
響,常用漢字
嘆,常用漢字
渡,常用漢字
艶,常用漢字
迎,常用漢字
悉,人名用漢字
惡,人名用漢字
雁,人名用漢字
泉,"教育漢字
常用漢字"
堀,常用漢字
書,"教育漢字
常用漢字"
賜,常用漢字
萄,人名用漢字
痛,"教育漢字
常用漢字"
整,"教育漢字
常用漢字"
近,"教育漢字
常用漢字"
連,"教育漢字
常用漢字"
嘉,人名用漢字
慰,常用漢字
島,"教育漢字
常用漢字"
惣,人名用漢字
泊,常用漢字
傑,常用漢字
爆,常用漢字
叺,国字
揮,"教育漢字
常用漢字"
駿,人名用漢字
蓑,人名用漢字
坑,常用漢字
隆,常用漢字
急,"教育漢字
常用漢字"
牽,人名用漢字
梨,常用漢字
楓,人名用漢字
穿,人名用漢字
茂,常用漢字
膜,常用漢字
戸,"教育漢字
常用漢字"
價,人名用漢字
舜,人名用漢字
値,"教育漢字
常用漢字"
襟,常用漢字
戻,常用漢字
鯛,人名用漢字
藝,人名用漢字
矩,人名用漢字
援,常用漢字
傘,常用漢字
榛,人名用漢字
跨,人名用漢字
鞘,人名用漢字
隈,人名用漢字
先,"教育漢字
常用漢字"
拂,人名用漢字
出,"教育漢字
常用漢字"
愼,人名用漢字
夜,"教育漢字
常用漢字"
竏,国字
桂,人名用漢字
熱,"教育漢字
常用漢字"
鎖,常用漢字
函,人名用漢字
議,"教育漢字
常用漢字"
育,"教育漢字
常用漢字"
寸,"教育漢字
常用漢字"
寄,"教育漢字
常用漢字"
麓,常用漢字
担,"教育漢字
常用漢字"
鱒,人名用漢字
寺,"教育漢字
常用漢字"
俐,人名用漢字
夢,"教育漢字
常用漢字"
屑,人名用漢字
桃,常用漢字
肴,人名用漢字
蝶,人名用漢字
勅,常用漢字
欄,常用漢字
剩,人名用漢字
束,"教育漢字
常用漢字"
掛,常用漢字
頁,人名用漢字
佑,人名用漢字
訓,"教育漢字
常用漢字"
猛,常用漢字
遡,常用漢字
祷,人名用漢字
瓜,人名用漢字
勇,"教育漢字
常用漢字"
香,常用漢字
頂,"教育漢字
常用漢字"
体,"教育漢字
常用漢字"
製,"教育漢字
常用漢字"
塩,"教育漢字
常用漢字"
覧,"教育漢字
常用漢字"
匠,常用漢字
人,"教育漢字
常用漢字"
条,"教育漢字
常用漢字"
笙,人名用漢字
秒,"教育漢字
常用漢字"
氾,常用漢字
聡,人名用漢字
田,"教育漢字
常用漢字"
原,"教育漢字
常用漢字"
由,"教育漢字
常用漢字"
汀,人名用漢字
默,人名用漢字
撒,人名用漢字
課,"教育漢字
常用漢字"
鮎,人名用漢字
妖,常用漢字
潔,"教育漢字
常用漢字"
範,常用漢字
甲,常用漢字
嬉,人名用漢字
源,"教育漢字
常用漢字"
約,"教育漢字
常用漢字"
巷,人名用漢字
稽,常用漢字
幣,常用漢字
汁,常用漢字
聢,国字
申,"教育漢字
常用漢字"
囚,常用漢字
無,"教育漢字
常用漢字"
房,常用漢字
綱,常用漢字
錦,常用漢字
冥,常用漢字
柑,人名用漢字
邑,人名用漢字
弊,常用漢字
閤,人名用漢字
嶋,人名用漢字
悌,人名用漢字
所,"教育漢字
常用漢字"
焦,常用漢字
皐,人名用漢字
那,常用漢字
敵,"教育漢字
常用漢字"
染,"教育漢字
常用漢字"
簗,国字※
倦,人名用漢字
網,常用漢字
痢,常用漢字
暢,人名用漢字
浜,常用漢字
閥,常用漢字
棺,常用漢字
貪,常用漢字
旅,"教育漢字
常用漢字"
雄,常用漢字
丙,常用漢字
目,"教育漢字
常用漢字"
逧,国字
復,"教育漢字
常用漢字"
舞,常用漢字
霊,常用漢字
盲,常用漢字
泌,常用漢字
豆,"教育漢字
常用漢字"
丞,人名用漢字
仁,"教育漢字
常用漢字"
和,"教育漢字
常用漢字"
銘,常用漢字
形,"教育漢字
常用漢字"
椀,人名用漢字
貫,常用漢字
犀,人名用漢字
雅,常用漢字
癒,常用漢字
逮,常用漢字
直,"教育漢字
常用漢字"
両,"教育漢字
常用漢字"
対,"教育漢字
常用漢字"
挨,常用漢字
堂,"教育漢字
常用漢字"
何,"教育漢字
常用漢字"
葵,人名用漢字
遣,常用漢字
題,"教育漢字
常用漢字"
填,※補足欄参照
光,"教育漢字
常用漢字"
寅,人名用漢字
託,常用漢字
阪,常用漢字
寿,常用漢字
短,"教育漢字
常用漢字"
臟,人名用漢字
隊,"教育漢字
常用漢字"
備,"教育漢字
常用漢字"
滯,人名用漢字
茄,人名用漢字
惧,常用漢字
堅,常用漢字
挫,常用漢字
展,"教育漢字
常用漢字"
遥,人名用漢字
克,常用漢字
蓙,国字
峻,人名用漢字
喚,常用漢字
鴨,人名用漢字
梯,人名用漢字
楕,人名用漢字
曹,常用漢字
突,常用漢字
詮,常用漢字
勉,"教育漢字
常用漢字"
返,"教育漢字
常用漢字"
各,"教育漢字
常用漢字"
膝,常用漢字
男,"教育漢字
常用漢字"
求,"教育漢字
常用漢字"
澪,人名用漢字
秘,"教育漢字
常用漢字"
練,"教育漢字
常用漢字"
賞,"教育漢字
常用漢字"
性,"教育漢字
常用漢字"
杢,国字
肺,"教育漢字
常用漢字"
合,"教育漢字
常用漢字"
窃,常用漢字
績,"教育漢字
常用漢字"
坦,人名用漢字
蘰,国字
迚,国字
掠,人名用漢字
汎,常用漢字
副,"教育漢字
常用漢字"
詰,常用漢字
杣,国字
時,"教育漢字
常用漢字"
怨,常用漢字
胃,"教育漢字
常用漢字"
吉,常用漢字
町,"教育漢字
常用漢字"
妙,常用漢字
蕃,人名用漢字
檢,人名用漢字
礁,常用漢字
然,"教育漢字
常用漢字"
碗,人名用漢字
匡,人名用漢字
巻,"教育漢字
常用漢字"
樹,"教育漢字
常用漢字"
黙,常用漢字
柔,常用漢字
渥,人名用漢字
鈍,常用漢字
竓,国字
瑚,人名用漢字
刀,"教育漢字
常用漢字"
瓢,人名用漢字
血,"教育漢字
常用漢字"
酢,常用漢字
刃,常用漢字
巽,人名用漢字
焼,"教育漢字
常用漢字"
循,常用漢字
薗,人名用漢字
責,"教育漢字
常用漢字"
玄,常用漢字
彦,人名用漢字
萌,人名用漢字
紅,"教育漢字
常用漢字"
並,"教育漢字
常用漢字"
頃,常用漢字
笛,"教育漢字
常用漢字"
率,"教育漢字
常用漢字"
法,"教育漢字
常用漢字"
錫,人名用漢字
扇,常用漢字
敷,常用漢字
暦,常用漢字
項,常用漢字
青,"教育漢字
常用漢字"
彩,常用漢字
藤,常用漢字
唐,常用漢字
舟,常用漢字
汐,人名用漢字
曽,常用漢字
余,"教育漢字
常用漢字"
四,"教育漢字
常用漢字"
旋,常用漢字
豊,"教育漢字
常用漢字"
集,"教育漢字
常用漢字"
俗,常用漢字
週,"教育漢字
常用漢字"
冨,人名用漢字
裾,常用漢字
回,"教育漢字
常用漢字"
喜,"教育漢字
常用漢字"
曾,人名用漢字
拉,常用漢字
鷲,人名用漢字
淡,常用漢字
譲,常用漢字
綴,人名用漢字
怪,常用漢字
同,"教育漢字
常用漢字"
汗,常用漢字
鼻,"教育漢字
常用漢字"
塰,国字
密,"教育漢字
常用漢字"
封,常用漢字
記,"教育漢字
常用漢字"
茅,人名用漢字
祿,人名用漢字
揺,常用漢字
案,"教育漢字
常用漢字"
大,"教育漢字
常用漢字"
輔,人名用漢字
剰,常用漢字
惨,常用漢字
皓,人名用漢字
猟,常用漢字
話,"教育漢字
常用漢字"
嚇,常用漢字
天,"教育漢字
常用漢字"
準,"教育漢字
常用漢字"
分,"教育漢字
常用漢字"
峽,人名用漢字
専,"教育漢字
常用漢字"
械,"教育漢字
常用漢字"
粹,人名用漢字
胆,常用漢字
騎,常用漢字
太,"教育漢字
常用漢字"
切,"教育漢字
常用漢字"
癖,常用漢字
鎧,人名用漢字
租,常用漢字
鱗,人名用漢字
竕,国字
馨,人名用漢字
邦,常用漢字
窄,人名用漢字
儀,常用漢字
晃,人名用漢字
振,常用漢字
坪,常用漢字
順,"教育漢字
常用漢字"
擢,人名用漢字
麗,常用漢字
干,"教育漢字
常用漢字"
絞,常用漢字
腎,常用漢字
杤,国字
鶏,常用漢字
相,"教育漢字
常用漢字"
堆,常用漢字
採,"教育漢字
常用漢字"
画,"教育漢字
常用漢字"
属,"教育漢字
常用漢字"
壕,人名用漢字
繁,常用漢字
鞠,人名用漢字
来,"教育漢字
常用漢字"
蕉,人名用漢字
絡,常用漢字
腐,常用漢字
稿,常用漢字
扉,常用漢字
防,"教育漢字
常用漢字"
因,"教育漢字
常用漢字"
航,"教育漢字
常用漢字"
柘,人名用漢字
緻,常用漢字
莞,人名用漢字
薙,人名用漢字
中,"教育漢字
常用漢字"
渦,常用漢字
誼,人名用漢字
翻,常用漢字
槻,人名用漢字
額,"教育漢字
常用漢字"
羞,常用漢字
樺,人名用漢字
瑛,人名用漢字
痩,常用漢字
纂,人名用漢字
靖,人名用漢字
親,"教育漢字
常用漢字"
蜜,常用漢字
団,"教育漢字
常用漢字"
鐘,常用漢字
微,常用漢字
柚,人名用漢字
蟹,人名用漢字
彪,人名用漢字
温,"教育漢字
常用漢字"
串,常用漢字
厨,人名用漢字
芋,常用漢字
煉,人名用漢字
静,"教育漢字
常用漢字"
調,"教育漢字
常用漢字"
轟,人名用漢字
雇,常用漢字
夫,"教育漢字
常用漢字"
催,常用漢字
進,"教育漢字
常用漢字"
玉,"教育漢字
常用漢字"
鱚,国字
邪,常用漢字
龍,人名用漢字
式,"教育漢字
常用漢字"
巾,常用漢字
萎,常用漢字
適,"教育漢字
常用漢字"
王,"教育漢字
常用漢字"
笠,人名用漢字
市,"教育漢字
常用漢字"
射,"教育漢字
常用漢字"
簡,"教育漢字
常用漢字"
妥,常用漢字
弐,常用漢字
傭,人名用漢字
玖,人名用漢字
免,常用漢字
路,"教育漢字
常用漢字"
晄,人名用漢字
篇,人名用漢字
蛍,常用漢字
挺,人名用漢字
矯,常用漢字
迦,人名用漢字
刈,常用漢字
賠,常用漢字
背,"教育漢字
常用漢字"
今,"教育漢字
常用漢字"
茉,人名用漢字
葺,人名用漢字
黛,人名用漢字
喝,常用漢字
灘,人名用漢字
兎,人名用漢字
楚,人名用漢字
錬,常用漢字
刊,"教育漢字
常用漢字"
介,常用漢字
族,"教育漢字
常用漢字"
滴,常用漢字
暫,常用漢字
胎,常用漢字
跳,常用漢字
膤,国字
挽,人名用漢字
茎,常用漢字
諸,"教育漢字
常用漢字"
蓬,人名用漢字
損,"教育漢字
常用漢字"
児,"教育漢字
常用漢字"
賢,常用漢字
紋,常用漢字
嘗,人名用漢字
縁,常用漢字
惰,常用漢字
佛,人名用漢字
戊,人名用漢字
燃,"教育漢字
常用漢字"
窒,常用漢字
悔,常用漢字
鴫,国字
納,"教育漢字
常用漢字"
齊,人名用漢字
作,"教育漢字
常用漢字"
慄,常用漢字
動,"教育漢字
常用漢字"
礎,常用漢字
平,"教育漢字
常用漢字"
探,"教育漢字
常用漢字"
藥,人名用漢字
浦,常用漢字
髪,常用漢字
名,"教育漢字
常用漢字"
困,"教育漢字
常用漢字"
崇,常用漢字
手,"教育漢字
常用漢字"
汚,常用漢字
阻,常用漢字
年,"教育漢字
常用漢字"
階,"教育漢字
常用漢字"
厩,人名用漢字
后,"教育漢字
常用漢字"
彫,常用漢字
囲,"教育漢字
常用漢字"
浩,人名用漢字
禁,"教育漢字
常用漢字"
婆,常用漢字
才,"教育漢字
常用漢字"
汝,人名用漢字
阿,人名用漢字
訟,常用漢字
央,"教育漢字
常用漢字"
布,"教育漢字
常用漢字"
該,常用漢字
盾,常用漢字
顎,常用漢字
唯,常用漢字
失,"教育漢字
常用漢字"
馬,"教育漢字
常用漢字"
丸,"教育漢字
常用漢字"
帆,常用漢字
替,常用漢字
懇,常用漢字
玩,常用漢字
融,常用漢字
碧,人名用漢字
杭,人名用漢字
垂,"教育漢字
常用漢字"
丹,常用漢字
倫,常用漢字
煌,人名用漢字
鬱,常用漢字
省,"教育漢字
常用漢字"
群,"教育漢字
常用漢字"
靜,人名用漢字
唱,"教育漢字
常用漢字"
瑞,人名用漢字
詳,常用漢字
竜,常用漢字
淨,人名用漢字
主,"教育漢字
常用漢字"
貯,"教育漢字
常用漢字"
樽,人名用漢字
般,常用漢字
翼,常用漢字
富,"教育漢字
常用漢字"
衆,"教育漢字
常用漢字"
石,"教育漢字
常用漢字"
須,常用漢字
妨,常用漢字
壗,国字※
籠,常用漢字
潜,常用漢字
拍,常用漢字
被,常用漢字
妬,常用漢字
穀,"教育漢字
常用漢字"
賣,人名用漢字
椅,常用漢字
貰,人名用漢字
行,"教育漢字
常用漢字"
雌,常用漢字
砂,"教育漢字
常用漢字"
慶,常用漢字
刑,常用漢字
萠,人名用漢字
吏,常用漢字
溜,人名用漢字
藩,常用漢字
褄,国字
迪,人名用漢字
燈,人名用漢字
錮,常用漢字
精,"教育漢字
常用漢字"
暮,"教育漢字
常用漢字"
絢,人名用漢字
猪,人名用漢字
綸,人名用漢字
吐,常用漢字
仏,"教育漢字
常用漢字"
徳,"教育漢字
常用漢字"
践,常用漢字
鎭,人名用漢字
傲,常用漢字
諺,人名用漢字
迫,常用漢字
保,"教育漢字
常用漢字"
溝,常用漢字
符,常用漢字
支,"教育漢字
常用漢字"
向,"教育漢字
常用漢字"
仔,人名用漢字
複,"教育漢字
常用漢字"
割,"教育漢字
常用漢字"
槽,常用漢字
最,"教育漢字
常用漢字"
秤,人名用漢字
築,"教育漢字
常用漢字"
鮖,国字
随,常用漢字
勘,常用漢字
遭,常用漢字
晋,人名用漢字
榮,人名用漢字
赤,"教育漢字
常用漢字"
止,"教育漢字
常用漢字"
崎,常用漢字
兒,人名用漢字
膨,常用漢字
謹,常用漢字
江,常用漢字
正,"教育漢字
常用漢字"
銭,"教育漢字
常用漢字"
秦,人名用漢字
赦,常用漢字
蓮,人名用漢字
瓦,常用漢字
窓,"教育漢字
常用漢字"
乎,人名用漢字
垈,国字※
紐,人名用漢字
浪,常用漢字
纃,国字
丼,常用漢字
彬,人名用漢字
瓧,国字
鰡,国字※
陀,人名用漢字
乏,常用漢字
想,"教育漢字
常用漢字"
訣,人名用漢字
浬,人名用漢字
純,"教育漢字
常用漢字"
瓩,国字
醸,常用漢字
馳,人名用漢字
堕,常用漢字
桐,人名用漢字
打,"教育漢字
常用漢字"
図,"教育漢字
常用漢字"
禄,人名用漢字
箇,常用漢字
擦,常用漢字
桑,常用漢字
騒,常用漢字
払,常用漢字
舵,人名用漢字
給,"教育漢字
常用漢字"
酪,常用漢字
将,"教育漢字
常用漢字"
縄,常用漢字
頌,人名用漢字
虎,常用漢字
耀,人名用漢字
疊,人名用漢字
杯,常用漢字
希,"教育漢字
常用漢字"
壘,人名用漢字
迭,常用漢字
逸,常用漢字
層,"教育漢字
常用漢字"
芙,人名用漢字
煎,常用漢字
綺,人名用漢字
拐,常用漢字
泡,常用漢字
虐,常用漢字
妹,"教育漢字
常用漢字"
諄,人名用漢字
接,"教育漢字
常用漢字"
縅,国字
袰,国字
芝,常用漢字
非,"教育漢字
常用漢字"
閲,常用漢字
幸,"教育漢字
常用漢字"
列,"教育漢字
常用漢字"
冬,"教育漢字
常用漢字"
蹟,人名用漢字
暴,"教育漢字
常用漢字"
旗,"教育漢字
常用漢字"
臣,"教育漢字
常用漢字"
錯,常用漢字
怺,国字
碩,人名用漢字
潟,常用漢字
喧,人名用漢字
臥,人名用漢字
邸,常用漢字
鎮,常用漢字
穂,常用漢字
羨,常用漢字
珀,人名用漢字
麟,人名用漢字
晏,人名用漢字
殴,常用漢字
隔,常用漢字
夷,人名用漢字
池,"教育漢字
常用漢字"
弓,"教育漢字
常用漢字"
乃,人名用漢字
仕,"教育漢字
常用漢字"
挿,常用漢字
億,"教育漢字
常用漢字"
務,"教育漢字
常用漢字"
護,"教育漢字
常用漢字"
遮,常用漢字
皮,"教育漢字
常用漢字"
塾,常用漢字
徴,常用漢字
弔,常用漢字
久,"教育漢字
常用漢字"
附,常用漢字
館,"教育漢字
常用漢字"
鷹,人名用漢字
寒,"教育漢字
常用漢字"
晒,人名用漢字
他,"教育漢字
常用漢字"
將,人名用漢字
引,"教育漢字
常用漢字"
之,人名用漢字
段,"教育漢字
常用漢字"
梶,人名用漢字
諾,常用漢字
弖,国字※
捉,常用漢字
糀,国字
此,人名用漢字
測,"教育漢字
常用漢字"
椋,人名用漢字
君,"教育漢字
常用漢字"
嬢,常用漢字
撞,人名用漢字
瞥,人名用漢字
武,"教育漢字
常用漢字"
嘩,人名用漢字
慈,常用漢字
萢,国字
宅,"教育漢字
常用漢字"
党,"教育漢字
常用漢字"
收,人名用漢字
訪,"教育漢字
常用漢字"
乄,国字
俠,人名用漢字
扖,国字
挘,国字
擊,人名用漢字
杦,国字
桛,国字
梻,国字
楿,国字
榀,国字
樰,国字
橳,国字
櫤,国字
焰,人名用漢字
瘦,人名用漢字
禱,人名用漢字
穝,国字
笽,国字
簱,国字
籡,国字
粏,国字
縨,国字
繡,人名用漢字
繫,人名用漢字
脵,国字
艠,国字
苆,国字
萊,人名用漢字
萙,国字
蒅,国字
蓜,国字
薭,国字
螧,国字
蟎,国字
蠟,人名用漢字
褜,国字
襅,国字
誮,国字
躮,国字
躵,国字
酛,国字
醬,人名用漢字
釻,国字
鈨,国字
銯,国字
鎺,国字
靎,国字
顚,人名用漢字
魞,国字
魸,国字
魹,国字
鮱,国字
鮲,国字
鯎,国字
鯐,国字
鯳,国字
鰘,国字
鰙,国字※
鰚,国字
鱛,国字
鱩,国字
鱪,国字
鱜,国字
鱫,国字
鱰,国字
鵇,国字
鵥,国字
鶍,国字
鶎,国字
鷗,人名用漢字
䋆,国字
䓔,国字
俱,人名用漢字
卽,人名用漢字
吞,人名用漢字
增,人名用漢字
寬,人名用漢字
巢,人名用漢字
徵,人名用漢字
德,人名用漢字
揭,人名用漢字
晚,人名用漢字
曆,人名用漢字
橫,人名用漢字
步,人名用漢字
歷,人名用漢字
每,人名用漢字
涉,人名用漢字
淚,人名用漢字
渴,人名用漢字
溫,人名用漢字
瀨,人名用漢字
狀,人名用漢字
琓,国字
簞,人名用漢字
綠,人名用漢字
緖,人名用漢字
緣,人名用漢字
荢,国字
薰,人名用漢字
虛,人名用漢字
蟬,人名用漢字
蟵,国字
賴,人名用漢字
郞,人名用漢字
錄,人名用漢字
鍊,人名用漢字
鏱,国字
靍,国字
欄,人名用漢字
廊,人名用漢字
朗,人名用漢字
虜,人名用漢字
類,人名用漢字
猪,人名用漢字
神,人名用漢字
祥,人名用漢字
福,人名用漢字
﨡,国字
諸,人名用漢字
﨤,国字
都,人名用漢字
侮,人名用漢字
僧,人名用漢字
勉,人名用漢字
勤,人名用漢字
卑,人名用漢字
嘆,人名用漢字
器,人名用漢字
墨,人名用漢字
層,人名用漢字
悔,人名用漢字
憎,人名用漢字
懲,人名用漢字
敏,人名用漢字
暑,人名用漢字
梅,人名用漢字
海,人名用漢字
渚,人名用漢字
漢,人名用漢字
煮,人名用漢字
琢,人名用漢字
碑,人名用漢字
社,人名用漢字
祉,人名用漢字
祈,人名用漢字
祐,人名用漢字
祖,人名用漢字
祝,人名用漢字
禍,人名用漢字
禎,人名用漢字
穀,人名用漢字
突,人名用漢字
節,人名用漢字
練,人名用漢字
繁,人名用漢字
署,人名用漢字
者,人名用漢字
臭,人名用漢字
著,人名用漢字
視,人名用漢字
謁,人名用漢字
謹,人名用漢字
賓,人名用漢字
贈,人名用漢字
逸,人名用漢字
難,人名用漢字
響,人名用漢字
