/common/images/kanji/180/std_9B97.png,鮗
/common/images/kanji/180/std_964B.png,陋
/common/images/kanji/180/std_5539.png,唹
/common/images/kanji/180/nw_0001.png,譁
/common/images/kanji/180/std_7C2A.png,簪
/common/images/kanji/180/std_6F6D.png,潭
/common/images/kanji/180/std_83DF.png,莵
/common/images/kanji/180/nw_0003.png,煢
/common/images/kanji/180/std_8FF8.png,迸
/common/images/kanji/180/std_9AEF.png,髯
/common/images/kanji/180/std_95BC.png,閼
/common/images/kanji/180/std_9A28.png,騨
/common/images/kanji/180/std_9F54.png,齔
/common/images/kanji/180/std_86E9.png,蛩
/common/images/kanji/180/std_83BD.png,莽
/common/images/kanji/180/std_91C1.png,釁
/common/images/kanji/180/std_92E9.png,鋩
/common/images/kanji/180/std_87D2.png,蠎
/common/images/kanji/180/std_6785.png,枅
/common/images/kanji/180/std_6FC6.png,濆
/common/images/kanji/180/std_9BF2.png,鯲
/common/images/kanji/180/std_66C1.png,曁
/common/images/kanji/180/std_874B.png,蝋
/common/images/kanji/180/std_7504.png,甄
/common/images/kanji/180/std_66C4.png,曄
/common/images/kanji/180/std_80FC.png,胼
/common/images/kanji/180/std_50CA.png,僊
/common/images/kanji/180/std_5F38.png,弸
/common/images/kanji/180/std_97C6.png,韆
/common/images/kanji/180/std_8201.png,舁
/common/images/kanji/180/std_6369.png,捩
/common/images/kanji/180/std_7B99.png,箙
/common/images/kanji/180/std_87BD.png,螽
/common/images/kanji/180/std_701B.png,瀛
/common/images/kanji/180/std_5ABE.png,媾
/common/images/kanji/180/std_82D2.png,苒
/common/images/kanji/180/std_89DA.png,觚
/common/images/kanji/180/std_51CB.png,凋
/common/images/kanji/180/nw_0008.png,韈
/common/images/kanji/180/std_801C.png,耜
/common/images/kanji/180/std_70B3.png,炳
/common/images/kanji/180/std_7E22.png,縢
/common/images/kanji/180/std_8ADB.png,諛
/common/images/kanji/180/std_8CC1.png,賁
/common/images/kanji/180/std_5AC2.png,嫂
/common/images/kanji/180/std_83DF.png,菟
/common/images/kanji/180/std_7BF3.png,篳
/common/images/kanji/180/std_8ADE.png,諞
/common/images/kanji/180/std_8759.png,蝙
/common/images/kanji/180/std_7E66.png,繦
/common/images/kanji/180/std_7D9B.png,綛
/common/images/kanji/180/std_97DC.png,韜
/common/images/kanji/180/std_5189.png,冉
/common/images/kanji/180/nw_0006.png,肓
/common/images/kanji/180/std_7D9F.png,綟
/common/images/kanji/180/std_78D4.png,磔
/common/images/kanji/180/std_787C.png,硼
/common/images/kanji/180/std_6E6E.png,湮
/common/images/kanji/180/std_524F.png,剏
/common/images/kanji/180/std_82E3.png,苣
/common/images/kanji/180/std_99E2.png,駢
/common/images/kanji/180/std_8375.png,荵
/common/images/kanji/180/std_5471.png,呱
/common/images/kanji/180/std_629B.png,抛
/common/images/kanji/180/std_9083.png,邃
/common/images/kanji/180/std_689B.png,梛
/common/images/kanji/180/std_852C.png,蔬
/common/images/kanji/180/nw_0005.png,鞆
/common/images/kanji/180/std_5A1C.png,娜
/common/images/kanji/180/std_5193.png,冓
/common/images/kanji/180/std_5858.png,塘
/common/images/kanji/180/std_7AC7.png,竇
/common/images/kanji/180/std_7B04.png,笄
/common/images/kanji/180/std_9058.png,遘
/common/images/kanji/180/std_7FE9.png,翩
/common/images/kanji/180/std_7C50.png,籐
/common/images/kanji/180/std_7B6C.png,筬
/common/images/kanji/180/nw_0004.png,瓊
/common/images/kanji/180/std_8D0F.png,贏
/common/images/kanji/180/nw_0002.png,夐
/common/images/kanji/180/std_7C12.png,簒
/common/images/kanji/180/std_6ED5.png,滕
/common/images/kanji/180/std_978F.png,鞏
/common/images/kanji/180/std_5981.png,妁
/common/images/kanji/180/std_7DAE.png,綮
/common/images/kanji/180/std_8C3A.png,谺
/common/images/kanji/180/std_846F.png,葯
/common/images/kanji/180/std_6840.png,桀
/common/images/kanji/180/std_9C48.png,鱈
/common/images/kanji/180/std_8C41.png,豁
/common/images/kanji/180/std_6EEC.png,滬
/common/images/kanji/180/std_74E0.png,瓠
/common/images/kanji/180/std_91AF.png,醯
/common/images/kanji/180/std_8E55.png,蹕
/common/images/kanji/180/std_5B73.png,孳
/common/images/kanji/180/std_8548.png,蕈
/common/images/kanji/180/std_7C1F.png,簟
/common/images/kanji/180/std_889E.png,袞
/common/images/kanji/180/std_69F9.png,槹
/common/images/kanji/180/std_9414.png,鐔
/common/images/kanji/180/std_9D2A.png,鴪
/common/images/kanji/180/std_8DEB.png,跫
/common/images/kanji/180/std_6406.png,搆
/common/images/kanji/180/std_6248.png,扈
/common/images/kanji/180/std_6DE4.png,淤
/common/images/kanji/180/std_56EE.png,囮
/common/images/kanji/180/std_74E3.png,瓣
/common/images/kanji/180/std_580B.png,堋
/common/images/kanji/180/std_65D2.png,旒
/common/images/kanji/180/std_828D.png,芍
/common/images/kanji/180/std_7E43.png,繃
/common/images/kanji/180/std_896A.png,襪
/common/images/kanji/180/std_68B3.png,梳
/common/images/kanji/180/std_5819.png,堙
/common/images/kanji/180/std_890A.png,褊
/common/images/kanji/180/std_695E.png,楞
/common/images/kanji/180/std_89AF.png,覯
/common/images/kanji/180/std_5533.png,唳
/common/images/kanji/180/nw_0007.png,蓴
/common/images/kanji/180/std_8422.png,萢
/common/images/kanji/180/std_E576.png,衊
